14748
17501 8
67764 53974 3879 31027 66741 48725 67766 27471
3747 9
22841 22846 22847 22848 22849 22850 22851 22852 9901
2833 8
17777 17783 17784 17785 14071 17786 12995 17787
22404 9
73773 46064 61540 2960 37458 19128 29356 56151 48345
696 7
4665 4666 4667 4668 4669 4670 4671
21553 8
72934 44200 51866 49463 50730 2270 72935 55747
14939 8
63085 59102 8001 46938 63087 2380 63088 18710
29608 9
78404 49108 27354 20408 52508 62761 50312 52543 44905
12391 5
57048 7971 17096 57050 57051
1432 5
9419 9420 1233 9421 9422
22653 11
74007 4313 68339 65535 46587 70805 26866 7530 29029 20811 65504
5695 8
32626 32631 21368 24576 13999 31496 32632 30545
14751 8
62685 25275 32168 24482 33481 24410 27380 2159
65 9
442 448 449 450 451 452 453 454 455
20568 8
71844 29814 70597 17414 3307 34133 31391 12947
1613 8
10524 10530 10531 10532 10533 10534 10535 8225
4068 9
24538 24539 24540 24541 24542 24543 24544 24545 24546
22400 6
73770 62717 24421 9317 73771 71684
12253 6
56673 56675 32573 56676 4078 38137
22982 5
74297 34516 45548 30065 14620
8322 9
43858 43859 43860 25482 43861 43862 43863 22144 43864
28296 8
77740 16746 73411 67064 35618 71806 50514 20449
29177 9
78187 74457 26252 51940 54546 9273 49888 76996 30327
8974 7
46330 46331 37575 24610 46332 14147 13458
11052 8
53242 53243 24122 53244 49113 53245 1856 53246
12074 7
56199 54623 6110 56200 16390 56201 1227
4307 7
25759 25764 25765 25766 20786 25767 10275
6554 8
36513 12328 36514 12105 36264 36515 16924 36516
1304 6
8607 8608 8609 8610 8611 5572
8050 5
42788 42789 37198 42790 42791
23718 7
74885 51198 58918 65077 34365 61052 14760
9958 6
49722 835 49723 49724 49725 38400
4815 6
28334 23447 28339 14264 28340 28341
29781 7
78490 7440 3955 44511 19076 75442 59276
22800 8
74138 33145 31442 40933 72306 74139 69657 19283
23157 6
74439 23486 59860 63347 31942 18697
3211 6
19910 19916 19917 3668 19918 396
17905 6
68420 56582 24823 47043 64688 24335
24888 6
75723 62110 60193 69715 56377 59493
7810 11
41818 41819 41820 12284 41821 41822 14994 41823 6417 38023 37385
13636 7
60174 33398 60175 55876 3803 41610 52336
208 8
1418 1419 1420 1421 1422 1423 1424 1425
24068 6
75142 62821 31682 16405 33974 17025
17791 7
68239 68242 68243 68244 11804 55466 13338
22036 5
73428 28220 64566 21354 46355
26900 7
76993 42328 64635 11760 75208 37035 10629
21540 7
72917 8705 18585 66833 6687 59199 68546
20083 6
71290 66414 26030 71292 49873 34624
14750 6
35036 7218 62686 62687 39485 47876
14297 7
61653 3845 37087 12983 19599 61656 31370
7379 5
40073 40076 34579 40077 23884
1514 6
9930 9931 9932 9933 414 9934
22239 5
73629 48325 51636 73632 37689
4954 7
29024 29025 28601 29026 28836 29027 29028
11362 5
54189 54190 30524 54191 18339
20789 5
72104 28866 72105 33234 72106
26771 10
76910 53926 74966 62069 55856 76256 36170 29583 53287 60357
25888 6
76391 61096 68590 71722 39103 60543
23142 9
74428 43737 61783 273 65397 65816 9634 71593 27943
26345 7
76667 220 7589 67435 73328 955 60768
20878 8
72202 46885 69847 62942 36382 67418 23488 59520
1506 7
9881 9882 9883 9884 9885 9886 9887
5188 6
30183 12119 30184 30185 30186 10492
12679 7
57778 56690 57782 7007 36145 16114 57783
1455 7
9556 9563 9564 9565 9566 9567 9568
27359 5
77243 47531 63126 45929 52913
49 4
333 343 344 345
11373 6
54221 54225 26996 8404 28000 4897
9945 6
49674 125 35847 3565 14057 49678
7961 9
42421 18951 42423 42424 42425 27279 42426 42427 27375
24564 7
75496 56077 68836 470 57370 61441 40027
18146 7
68762 2438 41233 16289 28819 49729 17100
15306 7
63849 32243 25979 63850 63471 31286 63851
28829 5
78013 41526 50914 34419 60778
24787 6
75648 32684 75167 26577 25586 60813
18007 5
68567 45113 68568 48383 61876
23495 9
74703 22173 46255 37000 22451 27948 60712 65710 69539
10640 10
51975 51976 51977 41948 39830 35628 51978 51979 45156 34105
1579 4
10323 10332 10333 10334
3225 8
19988 19994 19995 19996 9799 11900 19997 19998
10737 8
52274 36563 9540 23235 52277 28908 45004 44340
5593 6
32124 8081 32131 32132 32133 32134
16951 7
66922 53102 18513 13871 34979 38478 66924
8096 6
42971 42972 42973 6556 3863 5116
11351 4
54152 39034 941 48437
6553 8
36504 36509 16976 4442 36510 18845 36511 36512
19240 10
70283 21 50314 12320 35424 12041 39005 47141 8132 36373
28430 8
77809 13524 60142 39097 34281 4363 65771 62712
19492 9
70575 63262 32931 9813 15979 69247 20321 55131 52054
27738 9
77452 69881 65775 27387 74605 8829 26759 64670 34822
7249 8
39533 39537 26680 26241 39538 39539 39540 39541
7860 6
42026 42027 42028 25848 42029 3205
20436 7
71691 65558 61669 49534 23383 40358 71692
24943 7
75758 30353 29513 5936 744 46020 63097
22777 11
74118 10288 1755 66383 64350 56786 53310 27248 60542 68360 62520
1663 6
10830 10838 8147 10839 10840 10841
3764 5
22941 22942 22943 22944 22945
20607 7
71894 71896 70323 41077 56356 9676 19174
10552 9
51679 46216 34230 39890 51680 51681 5581 51682 3483
29034 9
78116 64238 45387 68194 23349 47860 23923 472 23005
3653 6
22323 22331 3148 22332 22333 22334
11197 5
53689 53692 53693 53694 53695
28838 9
78018 15843 51270 931 18839 51542 14982 37776 61270
26305 7
76645 63977 30850 27083 46493 17725 4145
28567 11
77879 51036 64896 68136 71562 17589 67162 54055 15753 55522 18239
21357 5
72716 64233 28027 7146 72717
28598 8
77895 45267 33696 66827 52567 49099 18622 57392
26979 8
77035 33268 53442 70831 63547 59255 37140 77036
5022 6
29354 12543 29355 29357 29358 2486
4787 7
28187 28194 13110 28195 28196 28197 3856
568 6
3812 3813 3814 3815 3816 3817
1167 10
7722 7727 7728 7729 7730 7731 7732 7733 7734 6421
9428 9
47932 11790 47933 47934 47935 16255 47936 23249 47937
20818 9
72132 16557 48576 21646 70872 36089 70438 71161 62046
20636 9
71925 16968 31504 62467 55127 19514 70108 70957 44149
8766 10
45562 45563 45564 22400 33011 45565 45566 45567 45568 45569
19642 8
70773 32653 70774 69618 70775 13795 42873 70776
12550 9
57473 57474 20189 39739 6599 57475 57476 13451 46160
17311 9
67490 60773 62436 52166 28110 19000 46963 54882 56625
13639 7
60179 51552 60183 26189 39689 59270 21746
14908 7
63026 8071 45111 36526 4541 63027 63028
17921 5
68438 28372 60130 68439 29503
18432 10
69173 47961 35527 69174 36647 16506 37953 58100 13189 18120
5731 8
32785 32788 32789 32790 32791 16357 32792 27719
18693 5
69526 53873 18701 6944 61266
5561 5
31978 28264 31982 31983 31984
15083 8
63397 60623 24906 29304 1316 26309 38766 63185
28050 6
77612 61974 46999 47868 73381 30763
24654 9
75560 70127 24688 45927 67894 66196 72886 16585 43563
11423 9
54369 54373 54374 23989 54375 54349 48382 54376 54377
5056 5
29526 29527 29528 29529 29530
549 8
3685 3690 3691 3692 3693 3694 3695 3696
24777 9
75643 73167 52098 11807 15021 74942 23650 56878 26220
5197 8
30225 30230 8280 30231 30232 30233 30234 7214
27325 9
77226 65860 43634 8423 55000 7349 33736 44227 72695
14433 11
61967 42307 33024 50516 50559 54417 58397 53254 46302 37494 36484
10054 6
50033 50034 953 50035 50036 10154
21103 6
72447 14033 72448 20934 8812 67916
23212 6
74485 68201 66587 24971 74486 2663
23824 6
74961 74127 63472 50868 6947 4513
1124 8
7459 7460 7461 7462 7463 7464 7465 7466
6186 8
34883 34884 34885 34886 34509 9113 21887 33351
9667 10
48735 48738 48739 44617 14783 48740 39910 37711 44430 48741
10145 10
50329 50334 22359 50335 50336 36522 50337 20208 25309 50338
1385 8
9114 9121 9122 9123 9124 9125 9126 9127
3918 7
23751 23752 20553 23753 23754 23755 23756
28886 8
78042 64020 55319 21521 57608 68095 53894 42671
12362 7
56967 33616 12814 56968 56969 52498 56970
5847 10
33337 33340 33341 33342 33343 33344 33345 19985 33346 27122
22497 10
73851 42708 17731 10109 67848 43838 69519 13244 49673 40424
13730 9
60394 24948 24501 27320 60395 60396 60397 60398 60399
23436 5
74659 8106 73157 22646 56915
23095 9
74392 68147 17897 3530 41802 13682 68073 26602 67255
23268 8
74530 9630 72903 56930 27437 2784 62568 32316
24461 10
75421 34695 16806 38632 38616 925 69476 24579 3045 75423
28029 8
77601 52645 22774 29903 26093 61598 33190 846
14621 7
62402 62406 23809 49283 62407 60662 19022
18738 8
69597 69598 68226 27846 36348 68766 54300 69599
16116 9
65445 1270 65446 10391 23450 64674 56183 17390 25518
18888 7
69776 41687 69777 36421 69778 19483 5464
2213 6
14136 14143 14144 14145 14146 14148
27715 7
77440 43544 52245 73192 1213 18888 49035
19427 6
70490 11036 4095 70492 32453 3502
23851 10
74983 35790 70690 42792 52381 852 2588 28287 55304 74984
9320 7
47561 47562 47563 21115 47564 47565 45454
23677 8
74845 32162 74847 10425 22603 59504 22494 75
29159 7
78178 2647 57935 71411 25976 63839 25039
20011 8
71202 71204 2307 7504 16146 61914 31398 45975
24700 9
75587 9142 29884 23537 71591 15258 75588 70273 59091
7940 5
42339 42340 42341 42342 42343
1828 7
11839 11840 11841 11842 7016 11843 11844
13657 7
60221 60226 60227 40210 34532 7307 60228
5896 8
33572 33573 33574 26483 33575 33576 33577 33578
15512 7
64284 64285 58117 64286 50138 14306 6755
10912 7
52822 52823 37232 32700 39850 36333 52824
17105 5
67175 44076 67177 63989 60855
23587 11
74768 63273 3253 60614 68606 33199 52653 25148 64609 44752 47955
17637 9
67994 67995 35410 51567 29695 14613 67996 67997 32576
26506 6
76762 40552 56659 56187 68327 57876
7651 6
41171 18038 41178 14688 547 41179
2589 4
16381 181 16389 7192
29805 5
78502 32504 47628 8806 9940
9046 9
46581 30918 46582 46583 34411 14116 46584 46585 22874
11929 9
55791 55793 55794 41193 49114 40112 44989 43438 30842
27663 9
77411 13278 15024 27694 57356 31042 35470 61474 70469
10988 9
53048 1687 53049 49993 25564 53050 53051 13452 53052
233 8
1579 1586 1587 1588 1589 1590 1591 1592
8348 6
43976 43977 43978 43979 16537 43980
22151 7
73539 7454 7737 58835 65852 52606 46871
22272 6
73664 65369 73665 68132 50452 27065
11106 6
53411 49090 53412 53413 34602 53414
28902 9
78050 64363 74978 50658 72213 29022 69562 43632 56729
17671 8
68050 42407 56684 68051 9449 45202 15080 64317
20995 6
72322 21038 62449 12789 32558 40345
3511 9
21559 9935 21563 21564 21565 21566 11356 21567 21568
29442 7
78321 14477 65481 37985 43655 30725 66488
12488 7
57315 4161 57316 39482 57317 57318 57319
25663 7
76245 74262 36701 1960 43367 64058 66201
22449 6
73813 53426 1662 27188 73815 50111
1291 8
8515 8521 8522 8523 8524 8525 8526 7967
15887 5
65004 33917 31399 45259 49640
7831 11
41891 24319 41893 8431 41894 41895 22756 41896 29797 16471 41897
22676 6
74027 65917 69028 60300 69779 33732
16462 6
66099 66100 46415 66101 60870 66102
9254 7
47326 47327 47328 47329 47330 47331 47332
21866 8
73257 38696 47333 47516 55217 24890 64941 60485
1159 5
7670 7679 7680 7681 7682
26383 4
76687 32834 22074 43658
25705 11
76276 7047 65550 70210 41715 33742 66730 34258 45981 44751 5600
26602 8
76814 40419 61058 73331 30470 43311 3072 34465
11742 8
55268 55269 55270 8338 55271 17513 5931 7968
17375 6
67591 29082 5862 21407 15836 55056
20286 6
71530 58794 27482 25825 26942 3336
21468 5
72834 55060 8088 63300 72408
3386 8
20879 20880 20881 17247 17919 20882 20883 20884
10203 9
50527 46975 4180 50529 42735 26081 48005 38543 50530
859 8
5722 5729 5730 5731 5732 5733 5734 3582
18401 8
69126 26987 60652 33799 69129 69130 45314 49774
3416 7
21037 21039 21040 21041 21042 15439 21043
12936 7
58421 11097 58422 58423 58424 43256 8024
12855 6
58210 58215 54145 29394 17525 6194
5918 5
33673 33674 6097 33675 33676
27416 5
77275 69223 73114 59958 60597
6833 8
37753 37758 37759 32917 37760 37761 37762 4291
18680 7
69506 69507 49465 51767 7042 58572 49367
15349 7
63938 48285 63941 63942 60081 63943 63944
18230 9
68876 68877 38845 66192 66286 61388 46228 68878 52573
10728 7
52249 52250 8021 52251 42091 52252 48443
12345 11
56918 1895 56921 27314 56922 17605 3789 51508 56923 2934 56924
21688 9
73076 8259 29472 5267 65172 63670 33884 52770 66549
28388 7
77787 55448 40721 77291 634 5532 69120
26780 7
76916 2967 7003 61830 49585 24814 65170
14557 6
62255 54002 54308 53880 3245 62259
13382 7
59545 26761 15940 59546 44015 38131 44024
7446 10
40350 40351 25454 6002 40352 27722 35843 40353 40354 40355
29227 8
78212 54837 66531 40733 67227 61250 37964 56723
5370 9
31075 12145 31076 31077 31078 1442 10473 31079 31080
21300 8
72661 11320 19961 22234 51841 67689 50217 28776
11684 6
55110 27333 21418 20135 30747 31074
23307 6
74563 15401 71879 74564 71100 74098
24970 6
75777 10060 74299 43733 28555 22110
10580 11
51771 51772 51773 19488 8557 51774 51775 51776 51777 45085 11461
22155 4
73544 13588 41832 43122
7881 9
42105 16974 40196 16334 296 42108 29079 42109 18426
24531 9
75473 52818 73085 50000 55728 29666 17446 51225 48899
7382 5
40086 40087 21513 40088 40089
9771 9
49092 49095 34653 4081 49096 49097 30626 40300 11975
21202 6
72554 64623 48889 31684 16256 5674
11455 4
54453 29782 23609 15403
24369 7
75357 65153 46192 62184 68155 62447 59729
25080 6
75855 40329 62307 10459 38208 17345
29360 8
78280 72102 45691 33173 30935 59586 32342 17661
5053 9
29509 8129 29511 22516 29512 29514 29515 29516 29517
20703 4
72003 67266 68828 14022
20328 7
71584 9642 52726 34946 2313 20742 50160
21031 8
72360 71042 15770 53862 60791 72361 22125 55297
28507 8
77849 55099 36872 22286 50752 16306 44350 66543
24583 6
75511 14689 5749 75512 52389 75513
15386 6
64032 38132 64033 58887 2887 49259
21200 6
72553 26251 14552 38653 55258 53856
545 5
3657 3666 3667 3669 3670
9208 9
47160 47161 47162 23661 47163 44446 47164 11792 30022
27398 9
77264 52450 21964 59194 63244 19491 74830 31823 25432
24319 8
75325 49651 73867 5333 72007 6796 49769 13391
19980 5
71168 21189 70811 42451 56110
11983 8
55935 30538 55937 10489 53068 47355 55938 24381
15416 6
64092 64093 15005 64094 37778 20855
11907 4
55722 46717 1630 556
3742 8
22823 22824 22825 22826 22827 16301 17996 22828
1991 6
12830 12838 5609 12839 12840 12841
448 10
3024 3025 3026 3027 3028 3029 3030 3031 3032 3033
10449 10
51341 51344 42499 51345 51346 35595 22917 39536 51347 49771
7317 4
39826 34434 3906 5678
23754 9
74914 3959 72381 62920 54437 70073 56452 7527 59147
21039 8
72372 45130 21834 51833 9578 41000 67779 4786
29984 4
78592 21880 74596 45601
405 8
2729 2594 2736 2737 2738 1906 2739 2740
22923 5
74241 63967 58112 67415 22161
3607 7
22077 22082 22083 22084 22085 22086 22087
24936 4
75754 62215 43907 16822
15919 5
65063 38775 40865 37560 55736
20020 7
71217 54248 48842 39563 34245 28461 71218
21489 7
72854 48475 29617 55583 72856 20040 72857
25910 5
76405 54480 72921 41719 73506
16871 9
66797 63238 66800 50129 15920 5554 37712 12587 32437
27962 6
77568 4378 73878 38145 68187 15268
3417 6
21044 21045 21046 21047 21048 21049
24650 9
75558 60187 376 59599 5527 62199 63661 68451 52545
6591 8
36674 1747 36680 36681 36682 30891 20630 3828
3690 9
22538 22539 22540 22541 22542 22543 22544 7011 22545
23829 6
74965 25869 42251 234 67904 25692
27380 10
77254 65986 29073 33382 35892 17666 55235 31977 62344 56759
23963 8
75069 62387 10773 16374 41406 5070 49711 27093
6165 10
34792 34795 34796 7074 21965 8614 34797 23416 34798 34799
16687 8
66504 6897 61599 3254 27794 31205 20559 63424
9465 7
48055 46384 14343 27554 25174 30040 48059
19178 8
70200 32198 38144 8807 61750 70201 70202 40395
16843 7
66752 35685 54591 51138 58609 63907 55010
8019 5
42650 42657 42658 42659 42660
2480 7
15761 15762 15763 15764 15765 15766 15767
19056 7
70024 20853 67627 50858 39769 64634 30816
11488 9
54557 16864 10373 54558 8236 53464 9662 19605 54559
5379 7
31111 31116 31117 31118 31119 31120 31121
25492 8
76136 28833 64336 59665 57424 64379 47401 32844
23925 5
75043 19481 56111 66871 1281
9065 9
46651 46655 28090 46656 16413 46657 46658 46659 24650
21847 6
73236 40151 64782 12044 17417 18479
24689 9
75580 58985 53956 58018 71216 58057 33788 58746 35870
9549 5
48340 48346 29973 48347 48348
8496 8
44530 11749 29738 40330 10126 7828 44531 13552
27557 6
77353 37479 31818 47393 35767 20616
2522 9
16010 16011 16012 11336 16013 16014 16015 16016 16017
17838 6
68312 30565 61205 53250 9810 5567
16960 8
66936 51893 54460 42968 35575 53196 57767 25827
10645 8
51986 51990 51991 51698 51992 26243 24074 7038
23574 11
74760 70090 68900 14707 38226 30054 59233 29067 39117 73869 32824
28603 10
77897 29709 57301 28704 20211 66150 66312 67328 35229 35191
27685 4
77424 51947 70232 71968
5393 8
31182 20872 31189 28243 31190 31191 31192 10005
13386 11
59554 59555 699 5119 59556 49981 7017 59557 48594 18014 49857
21928 6
73315 1614 26947 16300 7244 41702
25498 10
76140 4080 69204 55042 8880 51288 76141 21267 12116 12611
12023 5
56046 21318 38353 56049 56050
24931 9
75750 3967 52754 5897 18739 46782 47314 75751 3009
13115 6
58878 58880 41876 12229 5795 58881
933 6
6211 6219 6220 6221 6222 6223
14033 5
61090 49081 12008 61092 59529
1491 4
9784 9793 7946 9794
16810 7
66706 6046 57193 66707 41703 63765 28445
19643 5
4321 66258 66109 60737 55383
21179 6
72529 26574 65042 72531 44705 72532
3870 7
23499 23500 23501 23502 23503 14875 23504
10543 7
51648 51651 51652 51653 24863 51654 51655
29192 6
78195 74039 41198 15157 72930 55593
2924 8
18297 18298 18137 18299 18300 18301 9218 18302
8858 6
45887 45888 34256 45889 45890 24486
13304 6
59346 17995 57268 59347 59348 59349
14698 8
62577 57339 29309 29084 2483 59035 38908 62578
29604 8
78402 49154 70292 60918 58306 33669 61732 2760
17317 7
67497 5643 67498 67499 35315 60732 1578
12840 6
58184 43020 58185 5706 50008 44199
13365 8
59496 59498 6976 44309 47360 22206 59499 59500
5955 8
33849 33853 33854 32360 10267 33855 33856 23715
18462 8
69212 31640 59616 24203 33275 43124 31792 69213
19310 7
70357 65422 2085 33465 57591 70358 70359
8807 3
45707 17881 37153
24386 6
75370 37599 42414 54371 69241 42787
21952 7
73338 58862 73339 73340 60524 62327 56944
642 8
4305 4306 4307 4308 4309 4310 4311 4312
409 7
2755 2761 2762 2763 2764 2765 2766
23328 7
74579 57346 11274 17468 31330 21084 67265
18184 6
68814 64547 56758 46066 19768 68815
3221 6
19965 19970 14930 19971 19972 19973
17897 9
68404 11481 67660 68406 68407 68408 25328 68409 61258
28823 8
78010 8917 7577 68067 47832 56848 55226 62166
8053 11
42799 40445 42803 37885 33229 1247 2830 42804 42805 42806 42807
8931 7
46161 46168 44730 9386 22114 14340 46169
15764 4
64783 29044 64161 51158
3237 8
20051 20057 20058 20059 17257 20060 20061 20062
24338 5
75340 30864 16914 44595 16849
8299 6
43763 25388 43771 8906 43772 43773
13698 10
60322 54295 45716 52492 20606 60323 60324 48425 19271 41438
10019 9
49919 49920 209 49921 49922 45285 6620 37534 32710
4938 8
28938 28939 18813 28940 28941 28942 28943 1558
5934 8
33754 19441 33755 16078 33756 33757 33758 33759
11925 7
55781 55783 55784 55785 46111 33641 46501
17062 6
67109 65092 31962 31890 55526 8601
13230 7
59162 50993 33395 37908 59163 59164 40434
20174 9
71400 27880 67085 13131 2339 63784 13366 27534 51354
23827 9
74962 23967 65569 43945 45785 74964 36319 4004 30158
17132 7
67222 59459 15615 47228 4927 24654 63653
7476 10
40472 40473 35507 40474 40475 37459 22950 40476 40477 7583
15024 7
63267 23826 52656 21936 16234 46921 63268
29995 8
78597 54734 34891 55761 59832 44731 74186 71177
10689 5
52116 17469 47707 52122 41848
13039 11
58676 58679 58680 58681 58682 48822 58683 41087 50325 58684 58223
9567 10
48406 42372 27473 46434 18156 13876 48408 48409 48410 48411
11000 8
53084 30240 53085 51982 53086 53087 53088 53089
13945 6
60866 2136 60867 60868 34312 60869
16949 7
66918 65818 57020 66920 45032 66921 15840
23953 8
75061 48265 19826 70489 20066 28435 72855 60931
9785 9
49135 49138 266 21927 49139 49140 28454 49141 13232
3932 11
23825 23827 23828 23829 22467 23830 23831 23832 23833 23834 23835
21958 3
73344 67575 72824
9309 8
47518 17558 47523 47524 40666 27899 11683 47525
18525 7
69296 69299 15746 12641 32657 45678 28463
8804 4
45703 41626 5666 26898
2229 10
14234 14238 14239 14240 14241 8200 14242 14243 14244 14245
21699 7
73084 35386 59221 45355 49055 48307 24478
5462 8
31520 24859 16088 31521 30966 29171 31522 31523
2186 7
13982 13983 13984 13985 8797 13986 13987
5140 9
29956 29957 29958 25590 29959 29960 29961 29962 4920
4253 7
25485 10047 25493 25494 25495 25496 25497
23139 6
74426 61981 43105 47149 33018 48827
19942 8
71129 58317 987 39161 24358 64412 71130 7757
15410 8
64082 19287 49891 43667 213 31369 33180 31797
4527 6
26899 26906 26907 26908 26909 20585
26259 9
76616 37836 30612 50793 4017 9 76617 46949 74249
16566 9
66294 66295 66296 66297 20766 16773 66298 48374 66299
24247 7
75273 11029 55228 62674 43448 42686 58356
21680 7
73064 19222 60668 65465 40297 69592 50627
8503 9
44555 44559 44560 44561 38900 44562 44563 44564 44565
21217 7
72566 3549 11499 63446 31710 56721 26015
1391 11
9152 9156 9157 9158 9159 9160 9161 9162 9163 9164 9165
24952 6
75765 9968 6753 38012 50784 5707
24817 6
75671 70218 72762 67954 23845 56387
4874 7
28612 28613 28614 28615 28616 11103 11010
4045 7
24399 24405 17155 24406 6683 7225 2514
26439 6
76721 13715 66767 1447 32118 2914
1537 8
10070 7411 10076 10077 368 10078 2637 7078
18615 4
69419 52703 1501 1781
23345 9
74593 14776 16333 1704 7847 35596 13646 53578 33244
20647 6
71932 71934 52399 27813 25436 6107
29787 7
78493 40873 73405 67989 59607 54028 33869
29228 9
78213 40669 12742 59939 27701 71137 67662 48837 69732
24093 8
75162 31157 52752 13881 63689 10607 32086 7187
7784 7
41712 41713 41714 41716 16399 30146 10137
7026 10
38618 38619 38620 38621 38622 38623 38624 38625 26868 10103
7069 8
38807 38811 38812 34783 38813 12993 12532 38814
6006 6
34074 34075 34076 34077 34078 201
16611 4
66369 49181 18266 29042
17190 5
67315 53096 39591 1487 67316
19031 6
69988 4420 30646 60872 2753 41446
22632 10
73983 2147 23314 41354 18292 72156 73984 3674 29032 55393
22526 4
73877 46791 32569 40617
3059 7
19057 9064 19064 19065 19066 18550 19067
11511 9
54632 54633 39584 51737 32089 54634 37905 42941 53432
26994 9
77046 76009 69088 55588 51167 27966 63775 52217 23125
25159 9
75913 45970 15892 36940 20868 63402 40727 68729 66403
15829 8
64901 63750 56432 56907 19986 47458 63516 17702
25156 6
75911 1675 46115 37544 63503 17617
6245 6
35131 14259 35136 35137 35138 35139
22152 5
73541 63466 42430 37659 12478
25331 6
76029 7970 65635 43834 49199 42165
914 5
6094 6095 6096 6098 6099
28761 9
77979 53705 50233 62588 68915 44460 74276 55232 74454
27955 4
77564 32220 65805 72005
5968 8
33911 33912 33913 26549 33914 33915 16358 33916
100 7
684 685 686 687 688 689 690
19166 9
70185 11617 41169 55843 56309 42267 64372 10102 61866
18063 5
68645 52542 22706 29843 68647
23478 8
74691 11493 25950 63064 50366 53525 46382 72224
29217 4
78207 22858 54820 4005
9334 7
47610 28291 47611 47612 21328 7931 47613
9561 8
48386 48390 48391 48392 21058 18526 14265 14135
4919 7
28841 28848 28849 28850 28851 28852 28853
12056 8
56145 26587 48380 56146 56147 28399 48094 13810
3051 8
19011 19016 19017 19018 19019 19020 19021 19023
17960 6
68496 18341 36498 68497 38527 34878
12360 9
56962 6799 56963 31830 46789 56964 14788 39730 44154
14348 9
61768 7659 30257 61769 61770 61771 7590 20245 19499
8462 10
44407 21087 34513 15471 44408 32373 44409 19855 44410 44411
16752 7
66628 57533 64867 66629 20859 15893 38961
27239 10
77180 21000 74889 27578 69528 15916 64235 67144 15592 66036
25278 8
75992 60749 63724 15273 75993 59280 43084 48001
28858 6
78028 41587 1852 70519 30513 56679
23425 9
74650 54352 12002 2432 53582 69904 73147 40490 16103
5555 10
31951 7475 25420 31954 2476 31955 13809 31956 31957 31958
22097 4
73487 46627 55501 15704
8138 9
43139 7157 38691 32519 43140 43141 36810 43142 43143
11917 8
55757 49299 45121 41615 17064 13432 9850 55758
27651 9
77405 13799 39285 1165 74495 67416 7714 65637 34338
3591 9
21986 21991 17705 21992 21993 21994 21995 21996 21997
20982 6
72309 63400 72310 42162 72311 47598
548 5
876 3686 3687 3688 3689
7064 9
38790 12063 2411 38791 29668 22476 15997 38792 38793
18218 5
68859 64376 33051 12045 22975
7960 5
24820 42422 38010 11044 26743
21926 7
73314 72004 16662 20515 3236 49042 548
28584 9
77888 60557 64668 14648 19371 45730 10381 10214 4703
18438 5
69182 39251 28405 15358 69183
25103 5
75872 61650 61479 40946 19457
26335 9
76661 33318 6503 16223 31877 72430 51145 44661 30239
16473 8
66120 66123 55913 33493 1035 59856 66124 5865
23950 8
75060 29662 59686 3107 47280 67913 71645 31568
5035 7
29413 29420 843 29421 16400 23172 29422
4195 5
25188 25195 25196 25197 25198
21640 7
73019 67643 2632 37152 29351 29638 73020
14617 6
62396 62398 61062 12454 27147 46130
24225 11
75260 20659 23424 25786 6538 62028 24775 34656 33502 65592 43588
20457 9
71716 51077 31358 11144 64149 22925 19228 8099 71720
27698 8
77432 38657 69261 38986 58064 28384 9832 29212
16052 8
65308 54123 25659 55408 65309 65310 4608 33646
60 6
416 417 418 419 420 421
19251 10
70291 1761 24481 24989 67237 52107 60060 61015 3885 26327
14082 7
61198 16851 17008 12504 52985 14619 61199
16844 8
66754 26768 56997 4641 65346 62096 47133 51091
3857 7
23419 23425 19952 23426 23427 23428 23429
9623 9
48591 40060 44890 45649 48595 3049 48596 48597 48598
21665 7
73048 22914 20502 33112 19309 72022 52905
16479 9
66132 21727 47299 61767 40579 61352 15053 66135 66136
5100 7
29751 29752 22522 29753 12786 29754 15848
3570 7
21877 21878 21879 21881 8138 8862 21882
12223 5
56602 56608 56609 26331 3531
5274 8
30610 30611 30613 26092 30614 30615 21470 30616
7493 9
40537 40542 40543 28358 40544 40545 40546 40547 33256
11016 7
53134 10500 53135 53136 45106 10282 53137
18434 6
69176 27560 8763 38890 23451 30423
13073 6
58766 18778 49268 58771 56998 14865
10171 11
50426 50428 33943 14958 50429 34214 27866 50430 50431 50432 50433
8773 5
45588 45593 45594 45595 45596
10057 7
50041 34459 50047 12964 41020 50048 50049
28924 8
78061 9704 75642 19700 29441 20500 9252 3096
12696 8
57830 46345 15342 57831 57832 37934 57833 30654
3739 4
22798 22807 22808 22809
23798 10
74943 64667 2398 68676 68133 29240 62418 58546 30145 26369
23585 8
74767 26024 69214 46248 50995 27233 47974 61123
26095 5
76516 56828 17313 16062 67049
19568 11
70669 67487 41840 2040 30969 63313 48733 14472 70471 65344 62487
17147 5
67247 38687 15278 38071 36125
20194 9
71424 34937 7587 50159 50180 28522 71425 68286 46637
8737 9
45449 45455 45456 45457 28201 40000 22402 45458 6089
3631 10
22209 6676 22211 22212 22213 14716 22214 263 15320 22215
19120 10
70117 24529 23407 64027 54432 18880 68505 66798 10151 54584
12258 6
56689 32234 56691 17970 48082 31866
23384 7
74619 32335 64164 17524 74620 41093 51951
26111 6
76527 6033 48387 27661 41559 44291
4430 6
26420 26421 18303 26422 26423 26424
16457 8
66083 66085 66086 59899 33661 19358 38472 66087
17188 6
67311 2876 67312 31595 59512 32214
25714 9
76282 73991 65669 15542 63187 50886 72344 72167 65667
4421 5
26362 26372 26373 26374 26375
3762 7
22930 22931 22932 22933 22934 22935 22936
20012 6
71205 66365 9652 59381 50415 17751
4481 8
26678 26684 26685 26686 26687 26688 23714 10865
24254 8
75280 30241 36465 73212 67734 2604 15938 51813
23064 7
74368 66208 74369 67706 52341 59666 74370
8788 7
45644 18173 28534 45645 43165 45646 45647
10074 5
50100 7123 38218 50101 18100
7886 8
42125 42126 42127 42128 9021 42129 42130 42131
25006 7
75805 8156 74366 52368 4456 64952 74712
17886 6
68387 68388 42891 58924 59807 65751
20355 7
71610 49245 37085 5309 59700 63721 43704
25908 7
76404 39393 35972 32799 70913 74000 16835
23463 8
74677 74310 46554 19460 58154 18229 35958 66090
2379 5
15141 15149 15150 15151 15152
19510 6
70595 45932 69429 12411 1192 63256
27204 7
77160 33765 69955 19906 10714 56931 45422
18656 6
69479 50205 45048 65417 8470 28414
20346 10
71601 70917 44140 31010 59518 69231 31455 3301 38600 37503
27680 6
77421 47948 50492 57444 65124 4438
10657 8
52028 21030 52030 52031 40994 52032 52033 12396
21668 8
73051 30671 44299 66615 13101 1456 12569 8484
28365 6
77775 71120 50026 73887 67145 32965
5938 9
33773 33774 33775 13033 33776 33777 33778 7388 33779
4961 8
29048 17015 1816 29053 20256 29054 29055 29056
7039 8
38675 38679 22429 38680 38681 38682 38683 14077
13729 6
60391 50978 26923 22562 52683 13928
16431 8
66037 56900 62718 46105 37464 66038 4575 66039
5719 5
32732 5170 32739 32740 32741
9962 10
49737 38720 4268 49738 1791 6085 49739 29798 21549 17034
4680 7
27693 4659 27695 27696 27697 27698 27699
12388 7
57044 57045 48316 5063 35106 39445 49668
11322 7
54061 54062 27765 54063 54064 54065 54066
8568 7
44809 34427 44810 35661 44811 44812 44813
27235 7
77178 17423 40869 51136 52862 20662 19887
4774 3
28136 23785 27514
2694 5
16993 16994 16995 16996 11724
4290 8
25678 25679 18530 25680 25681 25682 25683 25684
7261 7
39582 29653 39586 39587 39588 39589 18358
9645 10
48671 48675 8442 31441 48676 36105 24439 48677 40648 32032
29418 11
78309 53733 63929 58312 72955 74992 21341 40108 38873 42312 10352
17355 6
67559 21471 36157 47093 57194 54508
9216 9
47187 14519 8530 47188 47189 47190 5783 19248 47191
22895 7
74218 47527 39816 48337 50919 4836 59242
455 5
3063 3073 3074 3075 3076
2258 10
14420 14421 7061 14422 14423 14424 14425 14426 14427 14428
4695 8
27761 12422 27766 27767 27768 13514 1250 27769
12445 7
57191 35796 31474 57092 57196 47915 57197
14038 5
61101 40530 31295 61102 59706
27360 6
77244 13454 75300 6112 58513 66289
18315 6
69010 69011 69012 63663 2591 20755
13642 6
60188 55618 17636 60189 32091 60190
17425 7
67652 67653 60607 55092 59393 40144 51877
24417 9
75390 56856 34243 47389 45893 74344 39652 41214 75391
5858 7
33385 27435 22923 18949 32276 33386 33387
17061 8
67105 31138 17909 48942 24592 31993 19392 8909
12663 7
57739 48213 55917 49805 35867 57743 576
13606 5
60098 60099 59438 7419 54097
27418 9
77276 69924 64453 29452 42634 5651 43876 50816 35757
12714 5
57873 17742 34603 9621 12979
5124 5
29879 29880 29881 19852 17716
8996 6
46411 46412 46413 23461 32797 8321
25752 4
76303 15216 60312 58052
3544 3
21743 21744 21745
13721 8
60377 31794 53329 49752 22668 60380 3721 58934
1802 8
11686 11687 11688 11689 11690 11691 11692 11693
21923 7
73311 59323 35537 50273 70952 38773 37007
2143 8
13722 13727 5357 13728 13729 13730 13731 13732
15692 10
64641 15970 776 64642 23056 59251 64643 18177 64644 18295
23154 4
74437 74438 17084 8731
7899 5
42182 37027 4477 31489 16841
19683 10
70819 27129 47392 29547 68111 59262 51420 21600 69511 3329
11213 9
53737 33388 53739 53740 24469 52642 21885 837 53741
18785 7
69656 44659 39347 69658 61222 36137 57529
55 6
374 383 384 385 386 387
19522 5
70611 49604 70612 65164 62484
28299 7
77741 9911 10183 10261 14961 7878 66919
20449 9
71705 54217 42320 58674 60632 36410 34950 49427 71708
12161 8
56421 56425 56426 26813 56427 40512 56428 35157
19595 8
70708 49446 70709 52041 48775 38820 18905 50705
2047 5
13161 13170 13171 13172 13173
19445 5
70515 44268 12244 2670 25620
23723 9
74888 25954 30123 59290 11905 54406 893 12253 12245
9451 8
48009 20087 4708 48014 40236 48015 43830 17046
28568 8
77880 67503 68131 51697 4263 29381 7784 25238
13508 6
59863 48516 58486 59864 33181 52221
16914 8
66867 47066 18184 19716 40157 59455 24089 39927
15789 7
64822 64827 12446 64828 25568 16552 32926
9528 9
48271 43886 6351 35071 48272 48273 48274 23652 48275
2701 7
17028 17035 17036 17037 17038 17039 17040
1559 5
10204 10212 10213 6507 10215
18757 9
69620 39559 65618 53320 47631 62263 17097 34090 63003
18506 8
69273 2437 55350 48366 37902 36859 44441 59871
29910 8
78555 52460 61735 73136 75700 28458 46509 17984
9117 8
46832 6583 46835 46836 46837 30362 30997 46838
1231 4
8133 8141 8142 8143
14536 6
62209 62210 51747 54451 62211 20014
10288 9
50798 38676 12934 50799 50800 50801 28321 50802 6007
26004 9
76462 74466 60516 16570 26844 44223 76463 38435 74997
6542 8
36459 36460 36313 36461 36462 36463 36464 25812
26633 8
76830 7084 60835 66816 75995 59877 28023 70967
24224 2
75261 57823
17361 7
67569 12506 29160 65462 53985 67573 39743
2841 6
17824 17831 17832 17833 2790 17834
6812 7
37666 37667 31311 27424 37668 37669 37670
15601 9
64461 64463 15574 64289 947 64464 5835 64465 31400
28089 7
77633 30048 15943 73195 39799 74342 68829
6102 3
34512 34514 34515
10486 8
51475 51476 37476 19840 14967 51477 40960 12864
14550 7
62242 62243 60799 42233 62244 14628 62245
28869 6
78033 65192 32893 33933 22714 45642
25860 4
76373 46433 22049 65530
25148 9
75906 22779 28884 11228 33548 57091 41569 74291 13329
15250 9
63733 53130 63734 63735 54311 17193 63690 60061 63736
22594 7
73941 6462 36954 35619 73942 69398 38380
23906 2
75027 26463
10702 8
52162 52163 22152 8577 29300 31014 16898 50555
22079 6
73470 45468 59235 32715 30101 45717
469 6
3158 3166 3167 3168 3169 3170
769 9
5130 5136 5137 5138 5139 838 5140 5141 5142
7290 4
39712 21739 37683 3679
3492 6
21464 21465 21466 21467 21468 21469
918 8
6121 6122 6123 286 6124 6125 6126 6127
28774 7
77986 60781 55186 53504 16671 8091 19838
1203 6
7956 7963 7964 7965 7966 900
29864 8
78532 72124 24266 10815 52979 43621 66511 29449
19346 9
70394 582 49406 70395 45780 26740 3116 49226 31200
28051 8
59497 9332 76967 17726 33662 58770 56016 18985
6158 9
34765 34766 34767 34768 34685 34769 21162 22130 34770
659 6
4412 4421 354 4422 4423 4424
18723 6
69573 53316 61958 24737 63508 59862
26309 3
76647 36550 14219
22396 5
73765 66151 46686 10460 68544
3625 9
22176 10307 22182 22183 22184 8590 15450 22185 8653
17640 5
68002 38273 33203 52700 61060
29062 10
78130 52576 8245 74643 46122 50747 75503 66778 50764 4741
20676 5
71963 43724 66494 51096 23160
5458 5
31503 13952 23254 31505 14154
14431 8
61962 61965 61966 31462 8057 27100 24105 57958
19201 6
70233 25278 39604 16101 3993 51763
4822 4
28369 28370 28371 7252
4972 7
29110 10120 10555 29111 24790 29112 18493
23623 7
74797 69015 50084 62247 17271 74798 48344
22250 9
73643 42241 42120 73644 49258 32982 15387 3560 22582
18608 6
69406 69407 42298 33138 69408 23627
28067 7
77620 42132 17647 48292 52569 17646 193
27956 8
77565 42548 64628 15908 14917 60186 67568 68007
26507 7
18161 19654 67523 10981 66256 14756 48528
25598 9
76198 1734 54723 22047 41883 41234 34854 12952 12443
4914 5
28821 28822 28823 28824 28825
22106 7
73498 17062 62777 54073 31008 70389 37999
3144 7
19545 19546 7928 19547 19548 19549 19550
18628 6
69438 51195 53309 35627 65508 4251
29849 2
78524 19806
12048 6
56123 56124 28620 56125 56126 56127
22003 8
73392 33447 54154 26290 36270 28932 59798 72159
16236 6
65686 65687 65688 15014 43994 65689
22949 4
74264 16266 8276 74266
1916 12
12382 12383 12099 12384 12385 8405 12386 12387 2540 2063 12388 4318
24184 7
75232 8306 28812 54710 64348 52586 68786
15239 3
63708 63714 54603
9933 5
49636 4461 20681 36678 14232
3148 7
19566 10306 4748 17545 19567 19568 19569
10747 7
52298 45911 37862 19920 43137 52300 52301
17636 4
54108 26261 33179 34662
26865 12
76965 63999 11854 65484 4044 38521 58376 64574 69023 3911 57575 53227
17946 10
68479 61242 67092 14119 20402 68480 66692 61033 54532 68481
8531 8
44670 218 44676 44677 27611 44678 36149 30422
4005 9
24196 4348 24200 24201 24202 24204 24205 24206 24207
14338 6
61748 61749 51827 35208 34517 12593
14608 6
62375 31894 46639 62376 62377 62378
23911 9
75032 64080 71538 59690 11987 62869 614 67380 75033
12966 8
58495 58496 1334 50102 27116 26916 17232 36761
13040 4
58685 55436 9067 58686
3817 11
23218 23221 23222 2135 23223 23224 23225 413 6762 23226 23227
21861 6
73248 33068 51492 49122 73249 17538
26198 6
76580 74393 74949 74853 62274 41568
13041 10
48046 46383 16113 58687 4195 7270 26559 17249 56655 58101
16056 8
65317 59350 65318 2937 4426 3926 4837 65319
27112 7
77109 70892 18394 57005 70506 38048 42566
10940 4
52911 15904 51440 9664
15231 6
63688 11068 24511 43309 18768 46540
20102 8
71317 26662 6760 18822 3507 69621 63274 25055
18041 5
68616 64839 19904 52753 26274
12188 5
56504 42699 56505 56506 13779
4179 12
25100 25101 25102 25103 25104 25105 25106 17573 25107 25108 25109 25110
19390 8
70442 18853 2884 11822 70443 69887 34491 40701
22336 8
73721 14108 35956 64949 21092 17281 51873 26956
28359 8
77772 32244 27959 15482 35083 72868 53213 56357
12944 11
58435 20890 48041 30427 42777 11873 8268 57593 28472 31935 30830
2666 6
16823 16824 16825 16826 16827 16828
24256 9
75282 37749 42570 67242 38085 29225 24282 69067 28186
21198 5
72551 15091 67232 60177 35393
4968 5
29089 29090 29091 29092 29093
651 8
4359 4365 4366 4367 4368 4369 4370 4371
9541 6
48309 48313 48314 4510 18150 34438
16717 11
66563 35144 11789 59635 31660 32669 45862 24147 4447 66564 63152
582 5
3905 3907 3908 3909 3910
21757 9
73143 68221 45083 28756 73145 27023 43616 18245 71374
22407 6
73774 73152 25441 19934 69583 65586
2583 5
16347 7312 16354 16355 16356
5129 5
29900 29909 5639 29910 29911
9342 4
47637 47638 23980 47639
10095 6
50167 42378 50170 46263 26191 3258
5842 9
33317 33319 33320 12757 33321 33322 33323 23484 9106
11076 10
53327 29303 53328 1994 18981 34061 38761 49615 53330 48765
29985 9
69623 24774 69085 46787 69966 5107 17130 63042 38305
11169 8
53600 53604 53605 53606 53607 26736 53608 53609
25439 5
76102 76103 2176 65585 64359
8580 5
44856 44857 26135 44858 31237
25182 7
75927 10846 22342 67274 62895 29145 43744
25869 5
76377 54555 61037 5092 36870
29490 6
78345 71395 74150 66885 60949 73334
24012 7
75106 48993 65288 18220 57000 49494 33339
22037 8
68685 72058 33094 24502 28710 73429 70591 57212
16216 7
65641 56834 62427 54735 11797 61630 23210
5308 9
30771 30772 30773 1905 30774 30775 30776 30777 30778
24134 5
75197 67555 19346 63870 62796
26366 5
76679 2254 15382 37644 14871
19237 6
70279 22436 30872 13886 47823 33124
9848 8
49345 49346 49347 49348 49349 24853 30432 49350
7234 5
39480 39481 39483 39484 39486
14898 6
63009 8911 25614 47257 43441 11033
24430 8
75399 38086 75400 45327 17507 30333 54216 49935
19383 11
70433 55702 37951 52297 34584 15412 9913 52647 27317 34707 67090
25876 6
76381 39158 49034 51139 49030 76382
10523 6
51577 51582 48355 40525 44784 51583
325 9
2200 2206 2207 2208 2209 2210 2211 2212 2213
772 3
5156 5157 5158
1301 6
8581 8588 8589 8591 8592 8593
21012 9
72339 19406 27940 72340 60893 72341 5726 59238 69683
1228 10
8119 8120 8121 8122 8123 8124 8125 8126 8127 8128
5131 10
29912 18771 29916 17588 29917 29918 26765 20095 29919 29920
300 6
2038 2039 2041 2042 2043 2044
20616 7
71904 71905 71906 42878 59080 58856 71907
14232 7
61506 53118 30412 9393 61507 1451 47881
14863 8
62930 52180 32202 46571 62932 55936 38743 62933
25100 7
75870 75871 45494 37929 52722 59747 67876
2003 6
12901 12909 12910 12911 12912 12913
23391 3
74623 24430 47358
22585 8
73933 73811 45624 70845 8897 62554 70936 28499
13909 6
60793 28438 49514 24497 45501 60800
6821 7
37701 36219 37705 37706 36568 34837 37707
20555 6
71825 25922 8432 71829 71830 49874
505 9
3394 3399 3400 3401 1716 3402 3403 3404 3405
6117 8
34578 10384 34582 34583 34047 34585 34586 772
6869 5
37915 37923 37924 37925 37926
22691 6
74038 64345 74040 43090 11836 71420
15583 6
64425 61148 64426 64427 49702 17362
10588 7
51799 51800 51801 51802 51611 17052 51803
12459 7
57229 57232 36531 33408 44466 49984 57233
16145 7
65500 65501 543 31088 19833 65502 33731
4755 8
28042 24111 28047 28048 28049 28050 28051 28052
20831 8
72146 53561 53479 4689 58102 14345 3397 38714
22453 7
73817 32265 31515 51085 71828 9778 63231
277 10
1875 1880 1881 1882 1883 1884 1885 1886 1887 1888
29912 8
78556 33249 62488 68851 39427 77287 53797 57562
11526 9
54674 25172 51154 26012 23878 32030 13490 54675 54676
18561 7
69348 10604 15789 68525 37039 40585 11347
6351 5
35592 34307 35600 26319 35601
2643 6
16685 16692 16693 16694 16695 16696
12090 8
56234 25829 54932 53947 56235 54950 56236 53304
29163 8
78180 6246 42963 47105 41868 35151 58896 35923
18688 6
69518 30268 8444 15143 55156 68097
3197 8
19834 19839 1372 19841 19842 19843 19844 19845
5723 5
32752 32758 2905 32759 32760
14499 9
62119 31379 62120 53296 4710 2489 45484 62121 29372
16596 5
66343 51371 58879 2144 43552
16140 7
65494 63138 23944 65495 49913 25782 48721
15635 7
64532 52164 31575 15050 20425 43202 3468
28784 10
77991 41596 59715 31229 62169 37336 67093 965 56624 52632
26137 4
76541 8612 72185 41397
23496 6
74704 8820 51316 53476 7361 35278
23330 10
74580 17815 36564 57538 66855 11778 40799 61834 9584 72050
4033 10
24346 17789 24350 13279 22427 16110 11232 11312 24351 17992
23179 6
74456 69200 42996 55653 64175 7782
17407 8
67633 40301 3871 29186 10427 59044 35067 23987
15761 8
64780 45715 48365 7015 15324 55102 57894 18216
13561 6
59987 45982 59988 2799 32502 57777
7547 10
40764 13948 7612 2849 40768 40769 40770 35918 40771 4800
20425 9
71680 4807 71682 38256 54479 38022 207 45266 21502
29136 9
78167 66444 47530 39490 62662 71005 68034 21486 70114
7212 5
39392 18772 28730 15947 32914
24290 6
75306 55609 53156 60593 34828 555
22637 7
73987 73992 46820 68353 49823 73057 73993
24312 7
75320 18689 5575 73972 21547 28377 25449
11341 7
54122 54124 54125 32377 54126 8888 13873
24153 8
75206 69784 70491 62229 62904 72785 22059 19393
17870 9
68361 31283 68362 68363 9756 53581 3422 13355 68364
16884 6
66817 40228 66818 25711 60679 14153
21612 9
72995 72996 8095 70041 3940 39987 65390 72997 68376
24089 5
75158 18093 6264 75160 29469
5415 9
31282 30834 24423 31285 4324 31287 845 23783 31288
9575 6
48433 48438 30132 43519 4643 48439
17152 6
67258 49178 58337 67259 6572 58518
13922 4
60822 8073 57403 41358
16067 6
65339 43044 65342 62890 49671 65343
1899 6
12270 12277 12278 12279 12280 12281
18704 10
69550 37029 2917 14047 9613 61104 31243 43995 58145 69551
1073 7
7122 7129 7130 7131 7132 7133 7134
10036 9
49971 49972 24583 40747 6839 29542 40083 49171 49403
7667 8
41240 36281 41243 5720 21595 41244 5985 41245
14037 7
61097 61099 61100 7358 16896 1670 11863
29082 6
78140 57163 76730 72920 70190 32836
4213 7
25281 25287 12670 1626 25288 25289 25290
560 8
3762 3763 367 3764 3765 3766 3767 3768
20281 4
71523 26295 57971 69042
20811 7
72125 10278 11884 4613 72126 18130 66864
7259 8
39573 39577 25254 39578 39579 35446 39580 39581
13408 7
59612 19341 59613 59614 58108 47448 59615
22579 5
73927 5806 52661 14185 21420
24671 8
75569 27587 66844 54551 3268 75570 48342 28040
2481 6
15768 15769 15771 358 15772 15773
6450 7
36043 20925 36044 31323 11922 33812 36045
17985 8
68533 30875 47982 56763 68535 68101 65131 20013
21638 4
73018 63692 31976 40328
20627 12
71915 44649 34588 48423 121 34686 53876 54163 55260 8694 71917 2860
25899 7
76399 65167 30604 19376 46057 59681 51171
347 5
2343 2352 2353 2354 2355
25967 9
76438 24925 66954 55623 72641 11088 71868 59551 37311
16554 10
66273 5352 48867 51173 17693 44963 26395 66274 982 66275
3462 7
21294 21295 21296 21297 21298 21299 21300
714 11
4787 4788 4789 4790 4791 4792 4793 4794 4795 4796 4797
11075 7
53322 27744 36852 8677 4588 37513 53326
28791 6
77994 24353 43970 26815 6622 45344
20134 7
71351 46063 15635 12656 44374 21731 45591
28588 5
77890 68585 864 62658 11660
9147 6
46940 46941 46942 46285 24916 46943
14642 8
62456 51766 13361 62457 62458 12030 28306 45219
3526 8
21644 11757 21645 21647 3378 12093 12556 9928
29057 7
78127 58377 16499 5924 33494 11520 37844
10129 10
50272 50274 2679 50275 50276 8873 50277 50278 50279 29586
14901 7
63010 63011 48826 51553 12994 63012 50221
20682 7
71974 71975 59244 71976 6908 71977 58300
4459 5
26570 20852 26575 26576 26578
4239 4
25413 25216 25421 25422
10544 10
51656 51657 20098 4944 43050 28237 28074 33083 50408 18528
13061 7
58739 7203 58742 18422 58743 58744 7533
22112 6
73502 6672 32059 49682 24230 2705
15725 5
64707 64709 64710 44375 12539
27930 9
77551 33487 26020 74602 63149 59360 12792 33956 11486
75 9
509 515 516 517 518 519 520 521 522
4682 9
27703 27704 27705 27706 27707 15464 27708 27709 27710
22799 6
74136 64789 30323 939 41836 50924
16726 12
66579 18372 66580 40823 3040 907 13188 2406 66581 27163 3895 8927
8865 4
45910 35603 45915 45916
8848 6
45852 45853 45854 45855 33253 34590
7854 6
41999 42000 42001 41053 42002 42003
24594 7
75522 68972 21359 54441 64715 12059 61248
13796 9
60537 37692 14095 55283 60538 54005 60539 36391 60540
17558 9
67861 43408 38786 67862 4462 67863 67864 9996 29336
16879 5
66806 56449 44695 63334 51253
4843 4
28464 3306 28470 28471
29036 5
78117 66697 58579 49770 74741
15455 9
64170 64173 16396 40053 21607 23521 64174 39390 17233
5019 7
29337 13053 29343 29344 29345 29346 27523
7525 5
40668 13178 620 40675 40676
7438 6
40315 40316 40317 31355 40318 40319
17726 7
68143 68144 923 37604 49461 29254 60231
24198 10
75244 28857 74447 41579 9781 71277 28711 23409 8735 19936
1448 6
9518 9519 9520 9521 9522 9523
19606 8
70723 70724 46887 56386 70725 66443 67146 22650
8458 7
44394 44395 44396 22093 43648 42102 44397
1071 8
7109 7116 7117 7118 7119 7120 2964 7121
1715 6
11154 11163 11164 11165 11166 1241
18353 6
69060 48032 24494 13694 33175 25826
14132 6
61301 26454 3714 61288 61302 34996
19550 6
70643 52106 43630 33667 2920 17088
35 6
236 245 246 247 248 249
29247 9
78222 28727 14690 9339 34477 24470 36271 50495 13491
28452 7
77821 14694 15858 47776 71152 19415 77145
8543 6
44715 36182 14882 44718 43045 44719
26921 6
77004 74536 38779 65516 364 15421
4566 8
27094 27095 27096 13455 27097 27098 27099 27101
311 8
2105 2112 2113 2114 2115 2116 2117 2118
21271 8
72630 38433 49961 9019 26222 72631 71727 56774
13116 11
58882 58883 8094 6300 58884 8666 3849 37499 28809 1119 25969
26340 8
76665 42004 50786 12801 73407 23144 67271 69030
16306 5
65813 65814 58266 65815 59662
1623 7
10581 10587 10588 10589 10590 10591 10592
11719 6
55201 8059 2525 21864 28530 54210
9904 7
49528 14583 49529 49530 49531 44832 495
14304 8
61674 48800 14543 49103 28610 114 8178 61675
551 9
3697 3703 3704 3705 3706 3707 3708 3709 3710
4696 7
27770 27771 21664 27202 27772 27773 27774
19858 7
71030 3989 48224 24424 20508 71031 68741
19158 9
70172 61423 24535 23839 38982 21935 11753 70173 63370
28613 6
77902 54339 56824 62034 34407 33334
1543 5
10105 10114 10115 10116 10117
9943 7
49667 49669 36581 49670 46888 44198 49672
11659 9
55033 52019 53030 43755 55037 1114 55038 55039 55040
158 8
1080 1081 1082 1083 1084 1085 1086 1087
29519 8
78359 55960 70761 17122 2704 74070 64395 33076
5314 8
30802 17846 3410 30803 30804 30805 30806 2306
20176 7
71403 71404 71405 27137 25165 69061 66555
1086 4
7215 7216 7217 7219
17885 8
68384 54927 26557 45444 51675 804 37376 4200
25834 9
76356 51778 66059 51250 74529 67803 21141 61640 33438
3094 7
19261 19262 19263 4288 19264 19265 19266
17067 4
67111 18439 370 67113
7778 6
41694 936 29213 41695 41696 12445
28396 6
77791 20326 34291 4463 75145 6774
14325 8
61719 39071 33043 61530 47450 61723 2629 61724
26842 5
76952 67893 24931 64760 27426
7045 9
38702 22242 21531 38707 38708 38709 21277 14787 38710
6829 6
37734 37740 9243 37741 37742 23174
20475 10
71742 71743 43160 62469 14663 70337 36948 31547 65289 17066
21555 4
72936 30049 9169 14274
17075 10
67124 26491 56648 59503 67125 11579 46729 67126 67127 38752
4550 10
27017 6994 27018 27019 9889 9111 8730 2872 27020 27021
29705 5
78452 4055 38371 44144 68891
6526 8
36387 36388 36389 14661 29219 36390 15352 36392
8945 10
46220 46222 31001 22428 40192 45236 1736 46223 39721 46224
7346 8
39944 4984 39945 35811 22792 39946 16730 39947
2071 9
13306 13312 13313 13314 13315 13316 13317 13318 13319
9227 8
47226 28520 38943 47231 47232 8327 47233 47234
15974 7
65158 65159 32995 34240 40897 22384 65160
11426 8
54382 54383 49441 54384 10094 48144 54385 48697
7402 10
40165 40166 40167 40168 40169 40170 23406 35499 34111 40171
27730 8
77448 51481 24933 55651 44879 41953 32547 34371
3500 6
21509 21510 21511 10612 21512 21514
7947 7
42364 19759 42368 42369 38077 18269 8980
8475 5
44456 20520 10051 44463 9264
17991 6
68543 39648 2332 13420 26710 23818
27510 5
77329 75944 63049 58190 63923
17871 5
43089 54663 41760 8809 55746
10280 8
50775 30226 15872 50776 1015 50777 50778 7451
15605 9
64469 64470 6626 33170 42359 25726 4907 27859 64471
19877 8
71051 1027 34124 16915 47076 41601 57530 61678
6175 7
34833 34838 2574 34839 34840 34841 696
2606 10
16490 16491 8739 16492 16493 16494 16495 16496 16497 16498
28307 8
77746 50461 27393 44920 62722 76571 12331 72848
16809 6
66701 34013 55662 60476 66705 23114
15803 10
64852 54793 64853 15728 57771 9387 14331 44328 63280 64169
26308 10
9894 60548 17413 2155 58331 51169 57357 48719 67297 34728
8212 8
43427 43428 43429 43430 3176 43431 7627 31576
10240 8
50643 27303 22989 50644 50645 50646 15798 30433
29270 5
78234 47910 11138 37414 76014
6215 10
34999 25895 718 35002 17988 35003 35004 35005 8992 35006
9382 5
47770 47771 28963 12739 46157
5361 9
31026 31030 4007 31031 31032 31033 31034 31035 31036
7795 6
41746 25831 41752 41753 41754 41755
27509 6
77328 69970 29101 54724 7037 76922
26444 6
76726 54923 49247 73714 35335 68265
3367 9
20768 20773 20774 20775 20776 13592 20777 20778 20779
25110 7
75878 75879 55666 13591 36136 13468 51748
26674 6
76855 19815 66469 35533 68624 70637
7952 5
42383 42384 42385 32666 2778
10809 5
52479 52488 14500 52489 52490
26908 8
76998 30155 7405 19948 30060 62838 56650 15793
28700 9
77948 20769 44664 35296 571 39832 9712 70022 48235
4043 11
24390 16874 24392 13034 24393 24394 24395 24396 24397 24398 5259
3264 4
20204 20205 20206 20207
22582 6
73932 37645 14401 16155 25921 61382
20756 9
72066 46283 28875 51303 72067 72068 36467 56320 52057
15276 4
63785 44142 9039 45930
27215 7
77165 55854 74341 42252 36588 12370 2978
14652 5
62481 62482 50073 62483 178
11267 9
53905 53907 43313 53908 53909 41444 11704 53910 42521
12433 8
57158 45282 21909 36505 57159 57160 36004 34522
5952 9
33841 25982 16770 33842 33843 31389 33844 33845 33846
7868 4
42065 42066 42067 4830
429 9
2888 2894 2895 2896 2897 2898 2899 2900 2901
21883 7
73273 72932 31550 35641 62865 68085 47560
481 6
3239 3247 3248 2372 3249 3250
18793 6
69664 54954 60630 69665 58892 69666
16659 9
66450 49532 66451 27876 60830 62480 32624 65636 66452
23492 5
74702 23922 10869 28774 73295
15959 9
65136 61216 65137 53035 7563 47869 32973 64910 39664
29703 6
78451 50090 67215 23749 18376 11767
7591 9
40939 40941 40942 40943 3436 40944 40945 40947 10401
23895 8
75018 64206 829 27150 42326 26142 51 48537
15877 3
64987 64989 64990
22519 10
73870 15306 70584 12147 57710 53496 5148 41699 48500 63644
198 7
1349 1350 1351 1352 1353 1354 1355
13160 6
58989 57642 18930 16127 58990 58991
7603 6
40996 9643 40999 31360 29632 41001
7392 6
40130 40131 19507 2560 40132 38104
29853 7
78526 60232 32476 74385 61755 64367 47616
9654 6
48704 967 48705 28332 48706 11306
712 8
4773 4774 4775 4776 4777 4778 4779 4780
26968 6
77029 4590 4985 3873 67753 74533
24946 9
75761 70032 66468 38532 72286 69603 64059 75762 52750
24201 4
75245 38537 45921 16115
7327 6
39863 23886 39867 39868 39869 39870
3523 7
21623 21630 20798 21631 21632 21633 21634
18681 7
18452 20374 22687 51064 69508 47645 26399
15353 8
63947 63949 63950 63951 14819 63952 24727 63953
28695 4
77945 64791 30104 34929
12799 8
58081 56307 58083 48699 39047 58084 38476 52189
13185 7
59048 34805 59051 57716 59052 59053 16041
12474 6
57273 18751 43033 1103 45886 30308
6707 8
37184 37187 37188 28694 37189 37190 37191 37192
20813 7
72127 11368 49228 48179 72034 64090 1321
16606 6
66364 53822 45872 26320 65682 35902
12763 6
57988 31753 38572 41386 50936 40680
29071 7
78134 67293 29451 5659 48128 9334 40584
15131 6
63490 63492 18924 6899 41942 63493
22648 6
74004 10454 1395 47485 21446 37509
5727 10
32770 32771 23899 32772 32773 20435 20400 32774 13304 32775
18759 7
69622 57629 15575 69624 60082 64049 9331
23995 8
75091 66641 37365 22586 21819 3288 24693 56563
1083 10
7189 7194 4108 7195 7196 7197 7198 7199 7200 7201
8692 6
45276 45277 45278 45279 45280 45281
4208 7
25260 25261 25262 25263 25264 25265 25266
7099 8
38935 23335 38939 24145 38940 2939 26534 38941
25621 8
76212 45442 49899 38981 22578 41317 66518 42419
26649 7
76839 3298 17953 45040 57773 36625 25433
28270 2
77727 66711
23531 6
74732 33225 61986 7079 22734 43558
28970 5
78084 7102 10725 16063 71737
14944 5
63100 31867 63101 59159 52980
27198 9
77157 58954 65018 65112 2503 63418 5024 869 57435
26461 6
76736 8976 56094 73189 59258 57421
9419 4
47896 18785 23044 47901
24277 7
75295 57857 24048 65205 23168 33205 45465
14974 8
63171 54653 29229 20397 6091 58809 63172 16209
5714 4
32714 19390 14931 32716
10453 3
51355 46339 51358
1908 7
12333 12334 12335 12336 12337 12338 12339
13921 8
60819 60820 60821 4550 44737 28915 59722 54021
27016 6
77057 66389 68075 57910 76808 27207
23694 9
74864 7957 58874 28485 34507 29097 70801 60003 74865
19790 5
70950 70951 63757 46198 50096
21010 8
72338 1149 2431 62280 26487 33196 65703 48974
25782 7
76322 1129 21728 72084 53383 29702 29397
4623 8
27381 27386 12596 27388 27389 22821 27390 27391
10555 10
51685 51689 51690 11991 51691 10379 51692 48905 51693 51694
29266 8
78232 59966 14881 53037 71372 45417 72190 40913
17068 7
67114 40362 1060 17229 27977 27639 18962
24830 5
75682 44048 25245 73355 66430
18719 7
69569 53173 10403 8655 29342 57691 50070
29804 8
842 58074 48673 23483 48542 30867 27306 75378
15043 8
63306 51047 56191 63307 63308 50693 37809 12824
7251 6
39542 39547 14922 39548 32291 39549
7935 9
42318 42321 42322 21656 42323 6613 2668 42324 41781
13929 11
60838 28617 53541 5365 60839 44379 43550 60840 60841 26409 59685
7265 5
39601 32806 39607 39608 39609
15163 7
63551 10072 63552 32128 23759 35978 63553
22378 6
73749 27557 16382 7685 55560 53233
11346 6
54139 35701 15818 54140 24830 54141
13460 6
59741 38740 7223 46196 59742 49444
12997 7
58571 23981 27156 58573 5013 58574 2002
17655 3
68026 57170 22118
5864 9
33411 33412 33413 33414 33415 33416 24776 33417 15161
10828 3
52546 35111 37581
12225 6
56610 34249 56612 48700 16189 12220
14355 6
61781 20473 61785 47155 61786 4869
11682 8
55105 47821 55106 55107 53550 47399 41047 6721
5264 8
30554 30555 30556 30557 25742 29698 30558 30559
26077 7
76505 48153 6956 34333 67354 37502 43583
7837 6
41919 2193 41924 37318 41925 41926
28136 5
77657 63436 52109 4853 11357
1502 8
9856 9857 9858 9859 9860 9861 9862 9863
23790 8
74937 6562 15679 5084 71208 48983 9998 54702
17727 6
42687 32093 13915 48328 68145 4516
21970 5
73356 16049 69486 60923 48920
22107 5
59420 72522 12468 56439 39636
15970 5
65150 61534 29268 23356 36306
26432 3
76717 41659 3701
18318 6
69017 25059 14196 12009 68867 38924
9517 6
48225 18854 10896 14389 25087 12215
25665 11
76246 43173 69050 76247 66139 42504 67086 58956 37118 46829 72813
19758 10
70910 2769 10235 70167 30915 8254 10140 57046 59519 67386
29774 8
78487 27477 36299 73200 76005 32748 76269 68478
6613 10
36766 36768 36769 19581 36770 67 9674 19300 36771 36772
28515 7
77853 58403 61695 51846 55595 6603 62393
2366 6
15070 15071 15072 15073 15074 15075
7992 6
42542 42543 42544 9409 42545 42546
7769 3
41652 41658 41660
11421 7
54365 18569 37147 54367 37766 40348 54368
5571 5
32021 32028 32029 31100 32031
23937 8
75050 59070 49714 4114 57447 60043 71082 10934
27601 6
77376 50595 64593 56885 66558 70649
29837 9
78518 48773 36448 61269 36206 65051 55832 12047 50865
13029 6
58645 58649 53441 58650 58651 58652
14723 7
62625 36341 41932 41038 52388 17378 30445
5972 8
33931 30677 33932 33934 15377 33935 33936 33937
16371 7
65923 45328 46245 49639 62507 41058 33106
4838 6
28446 28447 28448 28449 24836 16760
17021 11
67034 2692 57849 32953 33500 23705 67036 67037 46905 47521 67038
18260 9
68930 48168 45015 189 65306 59558 24289 60419 51032
623 7
4173 4181 4182 4183 4184 4185 4186
14913 10
63037 63040 19223 16211 63041 46983 29458 63043 46247 31812
4707 6
27816 27822 15730 27823 27824 27825
310 6
2106 2107 2108 2109 2110 2111
16866 6
66794 33766 63118 26782 25666 34623
25392 6
76070 27838 76071 62207 43709 38605
22779 8
74119 56335 42624 17078 49646 31672 25697 51205
5214 6
30309 30310 30311 30312 6602 30313
15951 4
65122 45951 65125 65126
1823 7
11800 11806 11808 11809 11810 11811 11812
12808 7
58107 44958 13344 54857 14523 47894 58109
28851 6
78024 70063 12816 42137 30552 73783
12051 7
56132 56134 56135 38257 32426 10659 29306
19585 6
70691 46570 39031 4566 59855 39289
21470 4
72835 60080 12485 68235
8984 8
46363 46364 46365 46366 24634 46367 46368 46369
26499 9
76757 63115 17118 69852 14441 19365 76758 19302 16966
14822 10
62839 62840 62841 62842 31242 24083 33148 62843 43360 15254
2803 7
17607 17612 17613 17614 17615 17616 8483
19464 7
70541 58276 64136 46204 8598 30674 24787
16319 6
65830 65832 27864 5855 23952 65833
24643 8
75551 48947 36368 47307 75553 59889 71052 13203
14384 9
61857 31970 40524 46054 54494 20568 56777 36326 61858
25431 2
76097 33488
10789 7
52422 50964 52426 52427 52428 47078 52429
7720 5
41454 41455 41456 25803 27527
17620 9
67970 24582 46230 48120 67971 67426 11762 67972 37293
22025 8
73416 41181 66594 9989 29273 73418 30296 1201
27803 5
77484 36403 30324 61324 19781
9 8
56 62 63 64 65 66 68 69
1082 3
7190 7191 7193
26022 9
76472 60013 56073 54128 25337 65438 54497 46730 49586
15578 6
64418 64419 44533 64420 24972 64421
27615 4
77386 169 8074 43557
8450 6
44359 44360 44361 11980 44362 44363
1275 5
8415 8422 8424 8425 8426
15488 10
64241 47423 61067 35338 49480 64242 6175 19462 3641 31394
1122 6
7446 7447 7448 7449 7450 7452
15210 3
63649 41791 63650
21398 4
72760 39015 1127 36547
23890 9
75014 75015 75016 2643 72077 612 34292 5715 62637
9084 8
46724 46725 31000 46726 8298 46727 41888 46728
21027 7
72357 18758 71029 48062 60454 62297 9639
15854 10
64946 64283 49256 64947 10321 38917 56300 2442 64948 52922
2438 9
15502 15503 15504 15505 15506 15507 15508 15509 15510
3022 6
18852 9921 18855 18856 18857 18858
21125 6
72472 50842 1311 49238 58888 13753
22375 7
73745 44499 58588 64691 72294 24345 19368
17752 9
68177 68178 50133 9912 48589 44088 63632 26750 57579
27494 7
77320 21504 48241 74200 65118 44791 41176
18633 10
69443 52954 69444 17068 55553 69445 49452 69446 69447 8354
4236 6
25404 11889 14070 25405 7874 25406
6122 8
34606 34607 34608 13121 34609 34610 34611 11642
4862 7
28564 78 18070 15407 28565 28566 28567
3196 4
19835 19836 19144 19837
10635 5
51952 39164 51958 51959 51960
11399 6
54297 22529 45425 29018 33725 21573
6722 6
37259 37260 17424 37261 25117 37262
10564 9
51722 20173 2718 45751 42275 51723 8767 48019 51724
14249 3
61542 58721 61548
18882 7
69770 63455 60423 65715 35018 38306 67780
23070 3
74375 22299 59678
14313 6
61691 45242 61694 18974 3744 50593
21070 7
72410 71068 37211 10715 34198 72411 22115
16698 5
66530 62650 39858 36808 6701
5909 7
33627 33632 4432 25085 33633 33634 33635
10273 7
50746 50749 50750 50751 50753 50754 9266
23403 6
74632 7412 1396 74633 32943 70768
13520 6
59894 24726 53465 26801 59895 59896
16068 6
65345 24695 5507 36190 65347 8214
7598 7
40975 40976 8726 40977 40978 19796 40979
29646 9
78423 474 73312 61920 32687 60517 29252 32635 55029
6437 9
35979 26872 35984 35985 5903 35986 35987 27359 35988
22862 4
74193 73926 753 29655
23935 8
75049 10798 47082 48722 20893 72136 22227 59056
11923 8
55775 55779 55780 48248 54391 35293 45807 12643
3760 7
22920 22921 15243 22922 22924 22926 18944
28589 8
9315 19946 23134 60528 17330 26361 62649 65219
2959 9
18497 15822 18501 16098 18502 18503 16144 18504 18505
7056 6
38756 38757 26556 37710 254 38758
3138 7
19509 19510 19511 19512 19513 19515 19516
4475 7
26649 26655 26656 3570 26657 26658 26659
12436 4
57168 50584 57169 27874
178 10
1215 1216 1217 1218 1219 1220 1221 1222 1223 695
14917 7
63048 13417 7086 59275 63050 63051 56821
19415 8
70475 43808 40703 65128 70476 54977 3994 46772
7084 5
38879 38880 18519 38881 31549
18520 9
69287 69288 43035 56829 69289 38796 69290 69291 60547
1463 6
9604 9611 9612 9614 601 9615
24072 12
75146 30779 7599 43539 42447 41303 43776 75147 26088 23231 56053 45986
17203 7
67335 19433 57437 67336 2566 1361 24250
26773 5
76911 59628 37159 14478 72616
20447 4
71703 61157 44045 58350
14931 9
63072 63074 3160 59962 63075 33883 33522 35886 16884
17683 3
68069 68072 3044
20471 6
71739 7671 59202 3924 47818 58665
19773 7
70930 69892 65880 51214 44424 64165 70933
20118 6
71334 54650 9553 14838 70486 14356
29254 8
78226 52926 13919 36558 12944 74917 69301 18188
5967 6
33901 33906 33907 33908 33909 33910
18167 6
68790 68792 24902 23075 46831 26390
22009 10
73395 73396 27413 69741 48749 50343 50932 43335 24030 62283
29899 9
78549 40565 7249 35732 6998 25626 9530 68842 69917
16568 8
66301 57805 15299 20983 42399 24566 51851 17603
6029 7
34184 14753 32475 27479 34190 17821 34191
16282 7
65774 13162 23100 65776 8247 52509 3664
4473 9
26642 26647 15093 11773 212 7785 12120 18636 26648
4593 7
27235 27238 22619 4654 2238 27239 27240
16142 8
65497 57553 14696 38463 52471 40706 56291 10203
11601 8
54870 54873 54874 54875 43327 54876 52517 25015
8273 8
43659 43662 41598 18072 15474 43663 43664 43665
18523 6
69292 69295 46002 47812 8261 11126
6388 6
35763 30807 35764 21798 23444 35765
13273 5
59264 18288 49319 4124 59268
27409 8
77270 59670 59340 62623 64975 39756 77271 16965
22852 4
74185 57822 53584 42737
15059 5
63346 56988 58030 62348 2922
15995 7
65196 45555 59525 13192 65199 46931 32056
13107 6
58858 35616 13242 29678 16296 52111
6423 6
35920 30992 35924 35925 25452 35926
2650 6
16731 16732 16733 3922 16734 16735
3474 6
21367 18821 21369 21004 716 21370
6850 4
37832 37833 37834 37835
15709 10
64679 32266 61853 64680 64681 24617 64682 64683 54329 50947
28630 6
77912 12652 56243 55259 10709 43846
1875 4
12122 12130 12131 12132
9524 7
48255 48256 48257 18461 5937 48258 48259
15227 6
63682 63454 40184 18714 63685 53756
21887 6
73277 389 19075 13482 54337 68474
16667 9
66463 66467 19147 6361 22224 12893 26918 62776 52533
25572 5
76184 48239 42020 42626 57299
22605 10
73955 38546 53056 49758 54223 53929 40782 8670 39851 3022
18445 6
69189 65375 39651 5186 39422 69191
980 9
6529 6530 6531 6532 6533 6534 6535 6536 6537
29991 4
78595 74389 77492 63608
6565 6
36562 13239 36567 26440 36569 14927
535 6
3588 3597 3598 3599 3600 3601
12708 7
57858 3344 57859 297 57860 57861 19325
8572 7
44827 24857 40482 13093 44828 34642 44829
256 6
1740 1741 1742 1743 1744 1745
16684 7
66501 66502 15536 60181 58241 66503 26039
28053 7
77613 45377 59341 57250 63540 59302 35013
11078 5
53331 53332 39134 53333 9720
19034 5
69996 9347 48798 35788 47658
12127 8
56329 951 39386 19335 47649 9879 56332 56333
15117 7
63458 51903 4817 43244 63463 63464 52070
4792 5
28219 28221 23852 25536 8868
20965 4
72287 64879 72288 44528
23666 9
74836 12967 62269 34634 28991 74231 43110 35222 63578
14737 7
62656 37611 62657 14993 22391 62659 62660
1123 5
7453 7455 7456 7457 7458
13719 9
60372 60374 60375 43950 56080 2552 60376 49192 12471
11571 10
54792 8443 54794 13640 54795 54796 42138 7429 5356 37292
2970 6
18564 18565 18566 18567 18568 4887
19216 7
70253 43471 53726 30417 70254 38450 32686
26015 9
76468 33648 63372 29603 30269 63605 52205 49342 10224
2100 5
13486 13487 10832 13488 13489
397 7
2677 2684 2685 2686 2687 2688 2689
29794 8
78497 66515 12849 61086 69648 9948 31419 77043
2925 5
18304 18305 7470 18306 18307
16827 5
66729 12482 5120 29728 6420
21393 8
72753 58777 47142 72755 33246 71379 71983 22172
25801 7
76335 37861 39748 60920 1581 45426 72644
10759 5
52330 21963 52337 1650 40471
2658 11
16779 16780 16781 16782 16783 16784 16785 16656 16786 10690 16787
20661 6
71947 23329 17946 7601 68502 71948
21084 7
72426 28222 67428 2673 13546 72427 54998
27082 7
77093 47634 77094 33767 76533 9714 26982
13370 7
59515 59516 55565 59249 19953 59517 41989
13810 8
60565 60566 60567 60568 60569 51239 13142 59528
28659 3
77926 75102 5698
5925 8
33704 28263 33709 9527 33710 33711 33712 33713
22794 5
74131 74132 10945 74133 64640
22885 7
74210 47849 57546 32939 46939 65509 32154
16763 8
66639 37825 35127 39069 58036 54469 57887 30191
26419 7
76709 8929 15850 13181 38800 63866 62394
6127 6
34627 34633 34635 34636 34637 34638
19113 7
70106 60785 25459 38542 70109 32993 55867
29546 5
78373 56960 64963 39687 66596
13653 5
60213 60216 34388 60217 136
8417 7
44236 44239 44240 37056 44241 44242 14639
29153 6
78175 29704 67295 4062 64920 24020
4794 6
28227 28228 28229 28230 28231 28232
5119 8
29845 29851 21448 29852 29853 29854 29855 29856
22957 7
74271 51696 5656 72078 27776 50734 66243
18630 7
69441 45790 69442 21419 45858 23103 22031
279 8
1889 1896 1897 1898 1899 1900 1901 1902
1095 7
7265 7272 7273 7274 7275 7276 5954
20972 8
72296 51939 43944 48948 27352 9555 64893 57646
8698 5
45302 45303 30165 45304 17689
12593 9
57567 57569 57570 45079 57571 54821 10652 47408 57572
12867 5
58238 24178 889 2348 20972
29921 11
78560 37702 26772 69580 67952 45378 74850 51937 3086 75210 25473
20784 8
72100 28747 72101 46800 4965 52775 39883 63985
27234 4
8886 5163 36288 46096
4942 6
28961 27935 28962 607 28964 28965
9656 7
48709 10357 12668 21762 48710 48711 2252
13807 6
60560 30352 54684 4723 35248 18804
15975 7
44056 53012 65161 65162 5264 41631 11547
675 5
4517 4526 4527 4528 4529
24000 4
75095 63701 22712 63073
617 2
4132 4144
28357 5
77771 16526 67667 40095 58381
15019 7
63259 51202 34873 61186 47170 8585 61826
6113 8
34556 27265 34561 34562 34563 34564 34565 34566
1093 5
7253 7261 7262 7263 7264
9431 6
47940 47944 12628 47945 20393 47946
7830 3
12665 41892 36666
28682 5
77939 139 74114 63753 74035
17819 7
68284 22071 29744 33499 113 21108 45033
28041 7
77607 30642 59375 61020 39399 6963 2953
28679 8
77937 9760 23877 59739 6479 18873 46485 62373
9331 7
47595 7907 15079 47599 45834 27310 47600
21368 9
72728 12216 72069 72729 67479 9427 44863 40819 928
27389 5
77258 47291 67096 40989 5180
26578 9
76800 18114 22835 26329 56121 22105 66607 40707 43890
20765 7
72076 49383 11877 2563 72079 20815 72080
800 7
5338 5339 5340 5341 5342 5343 5344
16214 10
65638 15867 65639 45865 44433 65640 22005 22579 10400 49936
1049 6
6966 6974 6975 6977 6978 6979
1704 6
11092 11093 11094 11095 785 11096
6142 6
34708 34709 34710 34711 9487 34712
4101 8
24711 24716 24717 24718 24719 24720 24721 24722
22439 7
73801 16339 49488 68359 73802 3781 29780
1555 6
10181 5524 10188 10189 10190 10191
12465 5
57247 57251 54816 10018 41788
8169 10
43257 43260 40965 43261 43262 43263 43264 43265 43266 3144
21715 8
73102 57976 22164 71690 35590 26436 71839 28312
27864 7
77516 14719 46053 28573 74062 77517 5017
12908 8
58353 46703 35513 2823 4744 58354 38120 58355
29765 4
78482 16384 50174 51448
3402 12
20963 12982 20964 20965 20966 20967 5075 20968 20969 20970 20971 20973
888 6
5921 5922 5923 5925 5926 5927
28425 7
77806 2614 6660 74374 72569 27942 27939
11737 8
55250 55254 55255 34149 48870 22288 55256 49797
29095 4
78146 60202 23439 56741
19081 6
70054 38745 10732 63792 67470 26229
25165 11
75916 42074 70006 67789 65014 1941 71114 59972 54452 38613 49293
169 7
1148 1155 1156 1157 1158 1159 1160
16412 8
66001 35604 66002 39367 49699 66003 66004 66005
21261 8
72617 68486 32388 16598 18898 2384 72618 72619
10270 7
50740 40912 50741 38313 43005 50742 50743
17254 8
67413 52886 13633 26350 2750 11451 20877 60166
11513 7
54635 54641 54642 9054 54643 50591 54644
17935 7
68458 56692 68460 68461 34296 16538 57500
20409 8
71667 67704 1412 4885 29008 3729 47346 38389
13211 8
59106 11398 59109 59110 59111 59112 59113 26204
488 8
3291 3292 3293 3294 1725 3295 3296 3297
12564 9
57509 21191 6596 32568 45102 57510 47007 41270 57511
10917 7
52832 33073 8383 50063 52837 52838 51721
12147 5
56383 56388 11802 36162 56389
4738 7
27962 27963 27964 5916 27965 27967 27968
11489 4
12571 54560 54561 49712
11771 6
55353 14677 13096 30529 50021 35479
8297 6
43754 43758 43759 43760 43761 43762
24682 7
75577 72782 35450 15438 1132 59311 59658
15945 6
65113 61763 1135 22879 1154 40047
15166 9
63559 12361 43993 63560 63561 63562 37998 63563 31267
21945 6
73329 42876 17948 71429 60351 9551
3327 7
20550 11938 20554 20555 20556 20557 20558
28897 8
78047 68873 29841 8908 46756 74111 42698 10602
14057 5
61146 61149 8045 61150 61151
18845 3
69735 55163 15706
24350 6
75348 71280 68936 38301 35597 56074
8683 5
45234 34531 45240 36616 26700
16215 4
44634 47282 51684 34347
29993 7
78596 75864 66330 19276 65760 13245 42338
12801 6
58085 55821 58088 58089 54507 13040
24362 5
75354 8337 11222 59629 54011
22270 7
73663 46978 45164 48356 35930 17855 26971
28347 6
77766 35720 64468 27485 51825 62422
1934 7
12491 12492 12493 12494 926 12495 12496
3976 8
24053 24054 24055 18168 24056 24057 24058 24059
13985 7
60964 33592 60967 10526 60968 12083 36673
8653 5
45123 32678 26542 45125 45126
26169 5
76559 59746 47480 18458 48421
29584 7
78392 13235 76114 26972 29872 35666 56458
7142 8
39113 7136 39114 39115 30369 8922 13138 39116
16302 8
65809 18309 672 56687 13276 33266 41219 6528
26132 7
76539 21284 39207 43099 64150 49924 22196
4388 6
26192 26193 26194 26195 26196 26197
6855 7
37853 37858 28506 37859 9092 12972 34737
3741 8
22810 22815 22816 22817 22818 22819 22820 22822
3876 7
23530 467 23531 7105 23532 23533 23534
23601 8
74778 10368 69481 73373 58784 17428 150 40608
11621 7
54922 40054 52811 54928 23706 54929 54930
9731 7
48967 42086 36759 48972 29188 28224 48973
6355 6
35610 12800 35617 32477 35620 35621
14117 8
61263 48641 61265 29721 38175 50166 61267 52960
11297 7
53986 5900 53991 25624 53992 23443 53993
23378 4
74616 47104 67331 24185
18048 6
68629 39133 31388 31408 67837 33959
9066 9
46660 12223 46661 32126 46662 42511 43176 46663 46664
24496 8
75448 47746 20356 43353 56114 64516 64478 35449
6902 5
38063 38064 38065 38066 32496
7029 6
38629 36907 38635 16928 32076 38636
22438 7
34415 53666 34690 43181 21554 22951 52110
901 5
6000 6009 6010 6011 6012
14728 3
62635 62636 26902
10088 10
50148 20623 50149 9957 50150 50151 41619 35677 50152 11410
16459 6
66088 43597 22306 66089 64815 66091
27594 9
77373 42214 2096 48157 9091 10142 21947 9991 72382
12640 8
57684 57685 52815 57686 50124 57687 57688 10250
24683 7
70401 69368 33418 53398 64897 38501 51718
13403 5
59596 57103 32735 40271 59600
26145 7
76546 39646 29682 57192 29050 21168 39546
15773 5
64793 33248 27609 64795 64796
19613 6
70732 31676 54986 70734 70735 13374
1960 2
12651 12653
6084 8
34430 34431 29332 10328 34432 34433 13424 20289
12354 7
56948 56949 41107 56950 15646 56951 16447
27315 8
77221 44787 44423 37111 69734 76643 77174 53481
4888 10
28696 25610 28697 28698 28699 4820 24189 28700 21322 28701
26027 7
76474 61169 21920 32963 61360 66777 55894
4034 5
24352 5153 24354 24355 14198
21731 5
73117 51449 10597 36070 24140
18803 6
69680 31864 1639 14134 46481 8296
2276 8
14527 14528 14529 14530 14531 14532 14533 14534
16082 7
65384 65385 36920 65386 44973 1598 63342
13501 6
59846 52114 51302 23203 48222 22459
14606 3
62371 62101 41500
22577 6
73925 24667 37948 43238 49161 40121
9557 3
48369 48375 48376
21811 6
73198 39700 50757 48663 57641 54547
29937 6
78568 74207 4833 51312 64799 71607
25362 4
76053 47110 49607 53825
1810 10
11732 11733 11734 11735 11736 11737 11738 11739 4988 11740
19278 5
70320 22044 5561 38210 55888
196 6
1337 1338 1339 1340 1341 1030
276 4
1876 1877 1878 1879
26714 8
76877 45413 76878 49844 6570 58252 68014 76879
16629 8
66404 38577 45364 66405 50611 47550 51183 49968
26909 5
27087 8342 41521 33802 5771
18800 6
69676 61026 27579 69677 23678 69678
22713 5
74054 64142 7882 74057 58539
29639 9
78419 66853 53658 33521 33252 60826 54158 67494 55291
25307 8
76013 27924 24135 63970 43852 33655 7088 25143
15434 6
64126 48883 60563 31891 64127 64128
390 7
2639 2640 2641 2642 2644 2645 2646
2044 5
13150 13151 13152 13153 13154
17848 10
68328 35034 56577 45133 59969 20030 14121 68329 37182 6815
15606 10
64472 61733 9053 63705 31808 64473 58360 60047 352 62258
20556 7
71831 7254 50616 22654 22637 31181 27290
12026 5
56056 56057 56058 7230 56059
28348 3
77767 75517 28997
17675 7
68054 44063 57340 63577 66863 68055 68056
7354 8
39975 39976 12090 38805 22659 39977 17148 39978
11555 8
54746 23229 27321 9327 54748 28599 54749 54750
26798 6
76928 59882 13845 29620 65716 56233
4724 3
27897 27898 27900
29155 5
78176 69673 54110 2596 69820
1932 7
12479 12480 12481 12462 12483 12484 12486
13406 6
59609 2581 35865 34959 59610 40109
13863 7
60685 60689 32002 60690 60691 60692 6375
29478 10
78339 17516 69527 42459 5807 12174 51424 50367 69457 72115
16267 4
65743 49291 16987 44026
11337 6
54107 54109 54111 54112 27783 54113
26088 7
76511 62286 18878 62117 37166 45313 43582
3838 5
23325 23326 23327 13740 23328
20747 5
72057 66237 43888 72059 68791
11203 9
53710 14360 44723 6391 6513 53713 15955 53714 53715
12070 7
56189 56190 56192 32095 27829 12546 56193
6360 5
35636 35637 35638 1597 35639
28127 5
77652 2985 60625 45577 16720
26107 5
76525 54201 7655 76237 25365
16235 5
65681 25217 65683 65684 65685
29627 7
78413 70652 63872 17147 4561 67804 62902
27219 8
77167 59825 15469 40456 77168 37104 31822 17439
14241 3
61522 8221 61527
24873 7
75712 12916 75713 46899 74586 65853 21973
13617 6
60124 38906 60129 47788 47537 11901
23559 8
74749 60526 8871 27180 13609 1294 44046 56140
18130 2
68740 7345
15329 9
63901 62035 47979 41918 35820 63902 4962 63903 11460
28419 7
77802 35225 46856 69284 2433 49380 56831
26380 4
76686 62257 31633 54773
24071 6
75144 56023 31038 25314 70740 72171
21932 7
73317 21862 38342 52789 18808 5069 39032
19761 8
70912 45231 19340 66277 70914 51941 44699 21856
4104 4
24732 18578 24733 23367
17559 5
67865 20736 67866 983 60268
818 10
5455 5456 5457 5458 5459 5460 5461 5462 5463 5465
9335 5
47614 47615 3914 26265 47617
12237 9
56636 35668 56637 43106 56511 56638 18197 38738 32590
4621 6
27371 27376 9132 27377 27378 27379
10254 9
50686 50687 27596 50688 50689 50690 7786 5041 50691
3695 8
22559 22565 22566 22567 22568 22569 22570 22571
13108 6
58861 44849 8505 58863 58864 51984
22865 5
74194 12203 54350 33656 62573
2793 5
17557 14535 7864 17564 17565
128 8
875 877 878 879 880 881 882 883
16141 7
65496 24326 17769 46530 58611 36923 52609
6578 7
36618 36619 7347 36620 13944 36621 2969
23524 6
74728 53143 73224 74729 23924 56064
26705 8
76872 37884 60143 28319 45058 16821 10914 67932
14305 5
61676 35648 9548 61677 42717
1422 7
9357 9358 9359 9360 9361 9362 9363
1193 8
7892 7899 7900 7901 7902 7903 7904 7905
9416 5
47892 30321 29635 47893 38327
1076 8
7149 7150 7151 7152 7153 7154 7155 7156
26474 5
76743 56202 73404 19933 25492
12516 6
57395 32870 46767 54133 43740 57396
9197 3
47118 47123 47124
6767 6
37449 37456 37457 37460 22271 37461
17091 6
67150 3373 65718 1532 7175 54556
20670 6
71957 4647 71958 53855 35795 68477
25393 6
50855 76072 38398 28429 55801 15329
23088 6
74388 59182 39572 41793 56184 64252
26828 7
76945 71547 11018 3544 10309 59921 46445
19557 7
70651 18859 11413 70654 26254 61561 58156
27464 7
77305 18543 33102 27795 5255 46406 44896
23164 10
74446 11968 72938 19391 52516 37217 50158 56122 35784 8476
16731 8
66586 39421 40172 3477 10280 46100 35294 10028
40 7
278 279 280 281 282 283 284
4567 5
5961 27102 27103 13666 27104
96 8
657 658 659 660 661 662 663 664
6953 5
38290 38295 38296 30409 27886
14311 10
61686 12460 61689 25321 60611 13607 21735 61690 48881 9585
15546 10
64353 64354 20862 64355 43627 16858 64356 20114 32008 62233
10782 8
52410 10946 31213 15174 8213 21413 26096 52411
10202 3
50528 39626 48481
8240 8
43543 30082 23003 25592 43545 43546 16548 43547
9368 5
47728 36029 30572 20977 47444
11499 7
54589 53074 54595 54596 54597 2158 54598
8532 6
44679 15213 35836 30900 29257 17144
10575 5
51749 51755 21151 51756 51757
16134 5
65478 65479 65480 51847 18119
16322 6
65836 19556 60007 65837 60333 65838
24497 4
64401 12498 65050 75449
21112 10
72457 3825 66847 62836 13784 46580 33720 40734 72458 72459
2769 6
17418 17425 17426 17427 17429 17430
20509 7
71773 71775 71776 32575 35761 71777 13826
28944 9
78071 22191 44418 18896 44556 45495 19379 68732 75885
17900 9
68415 40113 31048 36993 34324 11803 57478 11551 41973
28159 6
77668 2318 62710 55986 8907 68450
11495 6
54574 11788 54578 54579 54580 54581
1644 8
10717 10718 10719 10720 10721 10722 10723 10724
23004 6
74314 25914 6784 55891 72165 4555
14219 6
61480 59380 61483 56876 61484 61485
14744 7
62675 23301 47590 29544 18230 35374 19758
18996 7
69943 63378 55121 69944 39767 63442 22141
6363 5
35646 35652 27721 34069 35653
28443 4
77815 64522 3625 36450
6217 5
35007 34102 35012 12609 4003
29861 6
78530 68396 65399 76745 37967 58092
16388 3
65958 46967 56756
6714 8
37219 37220 37221 37222 5015 37223 37224 37225
14803 5
62793 47663 14839 7616 49707
13196 6
59071 51831 51888 4277 46033 57021
26165 7
76557 24682 49766 7651 18096 16521 66621
13316 6
59374 52308 41811 25823 50925 20020
19136 7
70139 21924 20183 5877 30887 53070 58914
6431 4
35950 35955 35957 35959
5890 7
33545 33546 33547 9492 33549 33550 33551
21092 7
72437 47665 72230 60139 38485 5047 64969
27319 5
77223 24876 69280 72148 70529
13305 6
59351 59352 59353 17519 20283 59354
26223 8
76593 62505 48288 12456 66900 18954 76594 64108
19768 5
70921 63290 65362 70922 70923
8178 8
43300 43301 16462 16520 43302 43303 43304 36821
8017 10
42644 42646 42647 42648 28397 38746 38184 33369 42649 38200
23218 8
74491 8070 41662 11519 63856 8079 36943 16863
4243 9
25434 25437 25438 25439 25440 25442 16937 25443 12137
16170 4
65546 27443 30201 30069
12259 6
56693 22961 51292 56694 43203 37141
21713 8
73099 5425 44938 65859 43613 12380 73101 32284
4456 6
26560 26561 26562 19728 26563 26564
22878 6
74206 50080 35146 26962 48557 14289
14666 4
62512 51908 59675 5167
19456 5
70527 9042 70528 22552 68316
27624 6
77391 19944 61706 23617 32043 65735
23628 7
74801 48245 37839 61069 25220 42874 63542
21246 4
72594 72595 68272 52319
29943 3
78571 19536 70316
161 8
1093 1099 1100 1101 1102 1104 1105 1106
29138 4
78168 74722 58781 48691
4640 3
27481 5037 12332
11120 6
53461 45448 53462 53463 45713 43757
24915 7
75739 75740 72560 39882 70460 15305 8686
3249 8
20120 20127 20128 20129 20130 6202 7069 20131
8619 4
44992 44999 45000 10304
19305 6
70351 49378 14501 40532 56460 70352
4974 12
29117 29118 21596 2868 27492 29119 16832 29120 29121 29122 29123 29124
4901 8
28751 28755 28757 28758 28759 13773 28760 3290
23401 6
74630 28127 15168 74631 44479 4948
22756 8
74102 2005 55727 25163 51905 33929 18938 71693
19988 8
71175 63797 22266 26411 22326 53077 9429 27149
9447 5
47997 42643 23793 48002 36503
26456 10
76733 76734 52807 69163 56374 44622 49109 52713 16476 21524
15608 7
64474 61116 64475 14447 64476 48625 46872
12002 9
55989 9554 12127 55990 44684 42924 55991 26920 2630
4766 5
28101 18265 28102 28103 28104
2716 8
17127 17128 11577 17129 14172 17131 17132 17133
23323 6
74576 41352 10504 65471 7403 15721
26483 5
76748 5635 76749 32904 68798
2334 4
14877 3536 14878 14879
5779 7
33005 33009 33010 33012 33013 10803 33014
29255 6
8356 61971 48326 71439 24484 60352
26253 7
76612 72783 48174 57253 60038 39098 30598
28800 7
77999 1812 20496 69963 40511 64455 37330
7640 8
41134 19697 41135 41136 41137 41138 41139 41140
15902 5
65036 30354 32470 45297 38219
4259 11
25519 18812 25522 3539 14768 25523 25524 25525 25526 25527 25528
2319 7
14778 14781 14782 14784 14785 14786 14789
2770 5
17431 17432 17433 7067 3792
3487 6
21430 21435 21436 21437 21438 21439
18664 4
69484 13411 1112 6016
13883 7
60735 36733 29150 23843 60738 51043 41844
9273 6
47388 47391 19671 47394 11608 45753
20260 5
71499 51370 71500 71501 18833
19864 6
71034 71035 23353 27672 62281 57077
23282 7
74544 67361 74153 59121 9437 16948 20093
11113 2
53434 53443
22186 5
73575 12439 27358 35344 49038
21624 6
73005 46719 63636 53071 48954 58498
24156 4
75209 15430 48550 56966
3471 3
21344 21353 21355
4557 5
27044 3147 27050 27051 9183
11119 4
53455 53459 19699 53460
1789 5
11599 11606 433 11607 11609
9012 6
46469 12580 46470 31796 46471 8745
17124 8
67211 32183 54179 67212 50104 67213 54605 28041
1195 4
7906 7917 7918 7919
15596 7
64452 6677 51704 64454 15819 63240 27164
24967 6
75774 63703 34231 48261 20936 60633
7959 4
42412 4133 42418 42420
19694 9
70833 37450 14068 32413 58839 50380 70834 70835 1712
16965 7
66942 18716 49676 66944 66945 61131 54921
3025 7
18864 391 18870 18871 18872 18874 18875
22208 7
73601 24134 51456 58779 32431 28535 41728
16713 7
66557 50857 59943 54803 66026 9119 65890
25465 8
76119 75961 5525 49064 57649 824 63477 8019
19126 6
70125 28743 37837 53121 7656 35134
17652 7
68024 58347 68025 52193 43388 6708 63545
18894 9
69788 33047 67691 60286 1211 69360 62203 55865 69789
5721 5
32742 32749 32750 32751 21948
19876 4
34723 68806 51511 8637
28720 6
77958 24270 62231 74994 67875 60336
24307 8
75317 73279 74069 18776 29294 24939 21187 56282
5744 5
32848 32849 836 32850 32851
25524 6
76156 13394 25864 45607 62144 31236
15270 6
63777 12079 42564 40259 50203 55437
9877 10
49445 49174 49448 24979 11594 49449 49450 49451 27926 49453
29385 9
78292 2228 71327 64458 59514 52417 5071 63863 58341
26060 6
76496 26380 44709 63573 65144 25758
21113 4
72460 65540 68598 41123
22395 8
73761 73763 59956 41958 17541 45827 21736 73764
25038 9
75828 31593 11156 55351 13419 8977 61187 35855 11009
18154 8
68775 60367 36133 36589 8365 60549 38868 43037
26827 7
76944 36684 70216 34483 20399 11246 28004
2598 8
16442 16443 11649 16444 16445 16446 16448 16449
11481 7
54533 1197 54535 39416 54536 22180 54537
19944 7
71132 47606 43277 71133 38802 29908 2797
15654 4
64565 64567 21096 33456
15737 9
64735 64737 17530 35179 64738 64739 21433 40867 38975
9752 8
49039 3318 49040 15555 36322 49041 49043 32457
20384 5
71640 40279 17739 28640 10069
15755 7
64770 44319 46886 3462 19172 56942 57891
19091 6
70069 39603 53560 39372 55533 19544
6886 5
38000 38001 38002 38003 24930
1336 7
8815 8816 8817 4247 8818 557 8819
14298 9
61657 61658 39595 54169 61659 61660 61661 61662 5348
624 6
4187 4188 4189 4190 4191 4192
1752 6
11379 11380 11381 11382 11383 11384
8761 8
45540 29979 45543 9506 13650 45544 23476 45545
12495 10
57338 43149 57342 54347 57343 35180 45203 57344 1693 53815
2051 6
13187 13191 7977 13193 13194 13195
29096 5
78147 58698 48026 60650 5337
29070 7
58895 74987 75659 369 29288 20931 16973
6157 5
34757 12403 34762 34763 34764
22966 6
74279 64293 68417 29486 74280 58008
17847 6
68323 42638 68326 40650 35476 29192
25731 6
76290 1696 64143 43116 18900 68029
20662 5
71949 36627 70339 47430 1990
8511 6
44594 31849 44597 32535 44598 44599
22440 9
73803 38009 71456 60058 53217 68529 42016 73804 67465
4278 4
25616 25617 25618 25619
8964 7
46290 4916 22487 6747 43234 46291 46292
29590 9
78395 76919 50965 33836 4911 37316 51415 62511 47451
16484 7
66143 38160 59002 66144 66145 11210 66146
11883 5
55654 11911 17351 1151 55658
8304 9
43787 25718 43788 43789 43790 43791 43792 43793 43794
4114 7
24781 24782 19031 24783 24784 24785 24786
28779 7
77988 45415 62833 62362 8111 6051 53618
1176 4
7789 7790 7791 7792
10041 9
49983 49985 49986 49987 19182 49988 49989 49990 29401
23203 3
74475 23519 63683
18765 7
69629 67309 51093 20134 62571 51576 68584
19387 9
70437 12581 26846 15179 48608 70439 8793 70440 38803
19290 7
70334 44881 30499 41474 17033 59751 1430
19785 5
70946 32839 21286 41520 53379
827 7
5510 5517 5518 5519 5520 5521 5522
8388 6
44134 44135 44136 12701 42571 25483
2875 8
18010 11933 18015 18016 18017 5768 18018 18019
24505 7
75453 60053 70132 14249 55903 53424 27815
21864 8
73255 19937 60731 13197 6213 32310 73256 55959
15699 6
64653 64655 64656 39142 57055 21449
9443 5
47980 47986 47987 19787 47988
22330 6
73716 8145 40128 23482 23727 19179
26809 7
76935 63981 75316 33002 31178 19323 3130
22346 8
73727 30880 8940 65194 19756 34442 49222 73728
14333 2
61736 53669
4645 7
27499 27505 27506 27507 27508 27509 27510
19949 4
71136 12748 51339 25344
20680 6
71969 27805 71970 71971 35095 48322
8989 7
46379 33476 27835 44064 46385 46386 38930
23976 9
75078 27382 22554 66399 39592 6104 58170 69601 38552
9318 4
47554 47555 47556 4912
17760 6
68190 23064 26392 294 19336 68191
22304 9
73696 67166 68904 73697 23496 39690 54413 35650 6018
3615 6
22120 22126 22127 22128 22129 22131
29723 6
78461 76981 27796 65087 12804 54284
29041 9
78119 2215 31264 67778 62939 42149 14267 17537 66000
11350 9
54153 12028 47277 49121 10768 34220 54155 40528 20175
5486 7
31624 31625 31626 31627 31628 31629 23510
26540 7
76781 73228 25961 43700 7973 18454 68994
20707 7
72008 28279 33325 17069 28546 45977 72010
29610 5
78405 49803 65414 71496 37344
15772 6
50549 9632 64794 47798 40920 28595
14337 10
61745 52777 40155 58732 40660 29051 55333 61747 13115 19626
4171 6
25064 25068 25069 13719 21802 13627
10563 9
51714 18842 28950 51719 18545 51720 17082 2774 2263
27058 6
77081 67398 56030 24076 69315 53830
8389 7
6831 44137 6277 32516 18145 44138 15240
7 4
42 53 54 55
21353 6
72712 28010 56578 37218 69138 66224
3335 7
20590 20596 20597 20598 20599 20600 20601
26755 9
76901 6100 43641 36175 32787 3832 36315 31356 42146
13726 6
60388 12162 43226 59647 47926 60389
12384 7
57033 57034 28271 14904 27842 50874 57035
2215 8
14149 14155 14156 14157 14158 14159 14160 14161
16724 4
66575 13638 57171 51533
29322 6
78260 61797 58767 59089 40407 6617
1577 7
10312 10317 10318 10319 10320 10322 1751
27926 7
77549 631 23658 7053 41636 23497 71999
15049 7
63321 41069 63326 60405 40114 63327 35211
18391 9
69111 38804 26993 69113 8970 22695 4662 62947 67657
13772 7
60477 29987 59777 48897 60478 29039 26341
5057 8
29201 22187 29531 29532 19761 2802 29533 29534
4332 2
25886 25887
927 9
6170 6176 6177 6178 6179 6180 6181 6182 6183
5515 10
31751 24125 31754 5765 31755 24160 28502 31756 31757 31758
20570 8
71846 51590 23739 42535 17269 57990 25353 71847
28945 4
13800 30244 18651 57681
29347 6
78272 28527 53450 58217 78273 7838
8973 7
46319 46325 46326 9619 46327 46328 46329
7800 8
41773 33140 41774 41775 41776 41777 41778 14112
16239 11
65692 42582 65693 65103 28505 37586 65694 21714 65695 65696 65697
10141 9
50313 42445 6699 50316 25983 50317 50318 50319 50320
21097 3
72442 12294 12257
20868 7
72192 18704 50059 65323 3390 72193 72194
7932 7
42313 35686 42227 20112 33621 42314 42315
21204 4
72556 46008 72557 57224
25047 6
75832 28035 61133 14502 32861 70199
6068 10
34359 4006 34360 17030 34361 34362 34363 15239 34364 19189
23450 5
74670 16410 63994 53298 13230
18695 8
69532 3806 69533 12848 49265 42610 69534 66838
25841 7
76360 74356 60090 46416 29380 49929 19331
12945 2
58436 13049
8886 11
45993 5110 20457 45994 24271 32421 26669 32101 45995 45996 2240
1198 10
7932 7933 7934 7935 7936 7937 7938 7939 7940 7941
7178 11
39260 39261 35706 13778 29541 30015 13201 39262 8545 39263 39264
5026 6
29373 15045 3215 29374 29375 11122
14549 4
62240 51153 43133 14995
4463 2
26592 26601
22775 7
74116 64499 70884 68053 66338 17809 63814
24358 5
75352 8995 73458 17080 41978
24074 7
75148 17993 31557 10503 3715 20282 66134
10586 8
51791 40597 51792 51793 8110 562 51794 40962
5238 5
30424 30425 3866 4822 27797
21145 8
72488 27072 44085 42090 43186 72489 68062 602
22280 6
73672 44449 7348 73673 41854 73674
14842 9
62883 62884 43283 61481 31103 56588 25257 62885 7115
238 7
1620 1621 1622 1623 1624 1625 1627
27117 8
77111 39574 17223 63491 64784 74499 62800 3930
22845 6
74177 49119 61125 48338 71072 17450
18969 4
69895 57829 68961 41361
5250 9
30488 5938 30489 15597 30490 30491 30492 30493 30494
4189 5
25155 25162 25164 25166 8115
2007 5
12925 12933 12935 12936 11219
28722 8
77959 71611 13435 21034 28635 26034 8100 2368
1333 7
8789 8794 8795 8796 8798 8799 8800
9859 5
49382 38713 49387 35173 49388
14614 8
62392 4165 62051 59391 26857 18927 21779 62395
5762 11
32929 28180 32930 32932 32933 32934 14545 7368 28744 20445 32935
19604 4
70719 13992 64382 70720
13546 7
59951 50866 40143 57216 17182 59952 22521
819 3
5466 5467 5468
16970 7
66952 66953 37864 27590 45470 66955 60512
7303 7
39761 39765 34601 32667 39766 39768 36731
7869 7
42068 3241 27882 12430 42069 28891 42070
1089 8
7228 7233 7234 7235 7236 7237 7238 7239
28209 7
77694 71285 14939 75464 10632 33333 23700
6746 5
37359 37360 37361 37362 14203
17420 7
67648 12027 16154 57949 67649 63564 61886
12207 10
56556 56560 16503 19470 19540 30428 56561 13681 15033 40391
23882 9
75007 55025 35075 50930 59659 16507 22907 71623 49227
17614 4
67959 39940 67960 15986
22668 8
74021 53271 51100 71192 38276 56685 43856 6552
5127 7
29888 29894 29895 29896 29897 29898 29899
23514 8
74718 50976 1667 68761 32203 74719 66185 72483
10381 3
51099 48655 13671
14997 8
63215 60045 29485 38149 63216 1571 63217 27933
29907 7
78553 76262 70626 32992 70758 35693 38524
25020 3
75815 29715 51044
10518 6
51566 51568 2183 30845 51569 12194
611 8
4093 4099 4100 4101 4102 4103 4104 4105
14208 8
61460 23078 48353 46114 61461 61462 61463 32296
4876 11
28622 28623 28624 28625 28626 28627 28628 28629 28630 28631 28632
4746 4
28005 28006 28007 28008
26252 4
45052 73320 42591 44392
20629 8
71918 60744 49563 47030 57762 59010 59809 4026
29505 5
78352 76854 34185 59028 51819
1593 6
10407 4467 10415 10416 10417 10418
8334 6
43915 43916 43917 43918 41227 43919
21474 10
72838 46045 71222 43730 30302 63800 41913 37196 13169 15195
1404 8
9241 9242 9244 9245 9246 9247 9248 5086
857 4
5708 5718 5719 5721
24846 6
75693 42553 11593 57353 53497 62367
12310 3
56827 51046 28124
19520 6
70608 2303 70609 63731 31697 50887
17743 7
68164 12310 62708 67926 37515 36916 54956
24340 9
75341 65185 61782 59004 65791 74498 40289 41321 6705
6999 5
38496 38498 4098 38499 38500
17535 6
67816 62361 67818 59740 47885 62131
19883 6
71058 29244 34093 71060 71061 65043
8815 9
45733 45737 45738 25347 45347 34134 45739 20227 24746
19027 8
69983 66959 4804 69985 62909 31883 22349 10011
28795 6
77996 3978 60230 6232 28254 28421
362 7
2449 2450 2451 2452 2453 2454 2455
23221 5
74492 73262 65835 70045 71679
2906 5
18190 18191 18192 18193 822
15167 3
34391 53253 47693
29952 4
78576 69808 61236 46055
22302 4
73694 32386 6827 61110
3199 8
19846 19849 19850 19851 19853 19854 17528 13212
20476 8
71744 27626 22587 71745 33239 66317 70094 14437
24100 7
75169 69578 34417 50044 61451 58451 8414
910 7
6067 6068 6069 6070 6071 6072 6073
14352 3
61777 61778 1760
20369 10
71626 57397 5845 4507 62295 29904 43206 205 1133 42778
28035 7
77604 35891 37401 63344 17314 53371 4019
20364 7
71619 71620 71621 54445 33508 71622 63254
20893 7
72214 54289 3853 6544 30379 4436 36259
28932 6
78065 19770 36713 40238 36829 29484
28984 6
78091 1636 31700 34836 76179 9413
4126 8
24846 24847 19869 13022 24848 24849 1556 17972
5086 8
29681 29683 29684 29685 29686 29687 29688 12878
4444 6
26495 9370 26496 26497 21495 12547
14291 7
61641 41192 61645 5301 18383 51352 5350
9361 8
47698 47702 47703 35105 47704 47705 47706 20475
15229 8
63686 40269 20249 58760 9373 18682 35974 63687
13991 7
60978 31051 60980 58127 3110 60981 60982
13348 6
59458 4347 53545 16064 21639 19367
27914 8
77543 28543 64280 53817 45452 29697 75188 41267
26800 5
76929 49809 42883 15019 41133
12898 6
58327 58328 47237 58329 48415 35881
26833 7
76947 58026 11588 131 63568 48605 6541
26199 5
53523 68719 71937 62665 76581
7006 5
38530 38531 9954 38533 1821
5088 3
29693 29694 29696
23115 7
74407 68514 34251 57082 42348 63884 18983
29232 10
78215 33187 19202 48559 12904 52707 30223 7508 11562 51074
17966 5
68506 25152 54899 49295 51868
22901 6
74224 4155 45109 63045 48430 20382
29175 8
78186 54023 38993 70179 64842 55805 69180 10138
26963 6
77026 21654 7326 24585 34098 21530
18635 5
69448 35269 9283 27787 65770
6709 8
37193 37197 37199 12568 5647 9675 23946 22486
14664 8
62508 62509 23480 37690 30195 61207 2417 62510
18905 7
69803 37081 48568 42938 28980 11590 19389
884 5
5894 5895 5896 5898 5899
14435 4
61970 35674 9668 16439
20126 9
71339 71340 22732 11172 23853 37698 6473 71341 13924
12805 7
58093 27045 25675 58096 58097 55584 40876
28334 4
77760 24320 66473 35284
21460 7
72830 64530 41963 25209 31871 70664 57997
29059 7
78128 20711 18911 69556 60831 77141 29971
25808 5
76339 55097 71229 71251 35915
26843 8
61518 64179 63316 42239 16059 23297 1092 19198
12149 8
56390 47759 2399 56393 30628 18882 56394 23463
21399 9
30011 37764 1850 51894 52473 36405 14111 37097 12302
16532 8
66235 13940 66236 1131 1537 9222 29886 19616
8514 8
44609 13975 44610 44611 44612 12667 39713 44613
11264 9
53902 188 29324 10833 53700 34375 53903 43474 53904
8726 6
45410 45411 7876 45412 10999 40501
24813 6
75669 14482 48251 75156 44469 13513
20534 7
71805 22274 36194 24078 12200 33988 62022
19977 7
71165 34620 68241 71166 26429 41865 27148
15510 3
64282 32311 31727
20027 9
71226 48103 71227 40403 61257 11515 34549 63500 62872
21423 5
72790 61722 50078 43990 1787
24229 11
75264 65226 40798 57015 9700 59963 16848 72821 57206 67347 26854
18047 9
68625 68627 565 68628 39431 45663 24005 51072 57049
21467 9
72833 63356 48774 30077 58133 60459 11869 62723 32536
21748 6
73135 18631 53769 19143 40251 20850
6232 6
35078 35079 11176 35080 35081 35082
22258 8
73652 68731 34938 36001 71735 65208 13470 67835
15475 7
64204 55858 28003 18311 34851 16002 5716
23053 7
74355 33542 58143 64389 3128 60589 74357
25711 8
76280 48223 60107 38044 13256 59093 29502 49000
29169 5
78183 46414 7553 4987 76265
5374 6
31096 31097 31098 31099 2189 31101
7985 8
42507 26348 42513 13756 42514 42515 34832 42516
16377 5
65936 11638 39286 7556 42431
14469 8
62055 4518 27368 5962 29134 57854 45526 37608
5358 8
31016 20317 31017 31018 31019 31020 31021 31022
28182 3
77680 64968 76523
21998 5
73386 71237 27780 28726 72423
22738 6
74083 69913 49815 74084 44965 74085
7012 6
38555 38556 808 38557 38558 38559
25805 6
76337 6941 48841 25517 16434 26897
8715 9
45362 8008 10560 45365 5410 14554 45366 28845 45367
710 9
4760 4761 4762 4763 4764 4765 3151 4766 4767
15796 3
64838 64840 28155
17902 8
68416 67525 62773 51105 14293 68418 68419 30962
15590 7
64442 16248 64443 64444 223 58465 34501
2847 6
17857 17864 17865 17866 7212 17867
28991 6
78094 21223 30633 57230 60011 28524
5125 7
29882 29883 29885 29887 26430 21937 27251
28360 6
77773 64868 17891 23867 17171 63678
17513 5
67784 67788 13814 6875 10609
1957 6
12626 12635 12636 12637 1234 12638
11256 3
53879 30376 53881
6937 7
38221 18601 38225 23964 38227 38228 38229
10297 11
50825 50828 4084 50829 25241 49016 7797 50830 50040 42123 39259
14686 6
62553 15097 38075 17231 32061 14981
16736 5
66597 43479 66598 59179 57506
21193 9
72546 20462 14189 49218 54755 11754 58598 55550 67869
26790 5
76924 52534 67047 29633 10222
1171 6
7749 7758 7759 5794 7760 7761
25725 4
76287 50393 11625 55396
23181 5
74458 29492 51544 74459 62644
13274 8
59269 13858 7751 39994 12186 28948 48695 10823
2687 8
16942 16949 1940 16950 16951 16952 16953 16954
21211 4
72561 1491 5618 38667
6544 8
36470 36471 36472 20656 36473 36474 13067 36475
28483 5
77836 51413 31556 58737 19797
23315 4
74569 52015 61478 45146
29615 4
78407 67279 19710 30609
1974 6
12735 12736 12737 12738 1680 12740
23983 8
75081 42880 75082 31907 5225 18953 14634 8439
20591 8
71872 62965 54282 64388 71873 65843 31965 29353
27163 9
77135 47249 62863 67423 63368 33379 36076 26741 32380
10539 11
51634 51637 48115 1682 21488 51638 37852 3543 51639 31893 51640
1891 5
12221 12228 12230 12231 12232
7125 10
39043 39045 39046 10641 39048 39049 3653 21163 39050 39051
20573 8
71848 7723 31484 44759 20384 22883 55855 103
4394 6
26226 26227 26228 22595 16533 4899
18564 9
69351 17157 15385 36030 67231 61896 54610 32764 68604
15569 9
64399 16249 61445 46868 59617 22963 19942 23093 64402
27573 3
77362 55541 44886
19369 8
70417 47244 42630 3505 20118 43526 18881 14299
14189 5
61420 43082 17793 6643 48911
12960 9
58478 15462 58479 58480 33827 56468 58481 34006 55438
10228 8
50605 46683 50606 50607 892 16379 50608 2180
21122 6
72470 71347 13204 3243 10926 72471
27345 7
77236 13307 57219 74901 50188 48708 11447
15292 5
63817 262 63818 49123 30892
25263 6
75981 41389 10826 64393 67683 70684
18517 7
69281 12741 54178 54747 34505 17259 69282
12993 6
58560 7247 55090 58562 58563 57288
18788 5
69660 31208 59443 24188 55994
12473 7
57270 33110 57272 9761 13095 55463 46173
20638 6
71926 698 59758 71927 14456 25757
5032 5
29403 29404 29405 29406 9769
8742 6
45475 13879 31312 45476 45477 43689
20705 5
72006 65123 7578 11159 48280
22833 8
74166 68991 60134 51867 22860 69496 1280 36153
20446 7
21441 68524 71704 57182 24173 45897 57257
26402 6
76700 75802 51400 4231 76489 61335
11900 6
55707 55708 50843 33643 28805 55709
19207 7
70240 22137 54025 70243 58624 20008 32765
5614 6
32225 5159 25477 32226 32227 32228
18168 9
68793 625 14507 29773 21408 68794 29821 53218 22513
7203 8
39355 39358 39359 39360 10421 27883 35236 6026
22896 4
74220 34008 37569 50731
28979 11
78088 72568 51264 31641 69596 68213 20079 24359 2153 72808 63900
28273 6
77728 60531 72807 15620 5650 3035
16990 5
66985 46348 66416 64071 66986
28224 7
77702 47848 31748 26949 48668 61143 31424
6868 8
37916 37917 37918 37919 13141 37920 37921 37922
21559 11
72940 55661 65577 72941 71344 28801 22425 58616 20801 63304 14499
15686 7
64626 15162 64627 14835 47765 64629 64630
24291 8
75307 58643 13100 25349 72610 8295 42417 62305
2099 8
13474 13479 9043 13480 13481 13483 13484 13485
26326 4
76657 73410 32014 70072
91 6
616 624 626 627 628 629
14605 7
62364 44254 62368 62369 13293 62370 48770
12694 7
57827 57828 53699 36629 44016 2491 41338
17229 6
67373 67376 40755 56316 66878 64959
3667 7
22398 2691 22405 16909 22406 22407 22408
8702 6
45317 22217 45318 45319 1832 32596
23810 5
74951 63939 72862 70564 62861
953 6
6341 6348 6349 6350 6352 6353
12649 10
57702 37013 30678 39136 12942 57704 30008 57705 53660 57706
22069 7
73461 69695 49524 62335 19678 62296 72949
25217 6
75949 41789 23182 38338 32372 75950
16802 6
66693 66385 50614 66694 66695 53416
9668 8
48742 9759 41086 48743 27930 35573 38777 23725
115 5
780 790 791 535 792
16063 5
65331 44851 65335 45198 65336
29666 6
78433 7422 59156 29830 44033 60853
24036 7
75122 17205 67785 19071 75123 40164 39600
12281 7
56749 7377 22722 32563 23274 33296 41955
6048 5
34271 33000 34272 34273 34043
29090 6
78144 33485 69889 5286 69308 14092
22677 7
68519 15479 57068 20997 50598 64951 36838
415 8
2793 2798 2800 2801 2803 2804 2805 2806
17373 9
67589 52671 41734 11995 7340 41803 67590 6374 6115
26065 7
76498 34987 65071 73285 34179 22404 61565
8027 4
42692 42700 42701 42702
23200 5
74474 14342 58694 43223 11328
14789 6
62763 54098 37993 40672 46610 52945
14414 8
61926 61927 61928 15442 8171 47795 43946 12577
9788 5
49151 30713 15658 49152 49153
271 8
1835 1841 1842 1843 1844 1845 1846 1847
23756 8
74915 64961 48767 71427 36971 50834 67165 25537
10884 7
52728 40639 52729 46293 37335 5355 52730
17866 6
68357 28597 62173 16946 12919 54009
12187 9
56501 6310 22150 51677 56502 16432 22649 56503 11000
20443 8
71700 71701 18109 19025 59065 10651 51924 71554
15268 5
63774 28707 3796 11595 47847
4562 6
27071 16044 27073 27074 27075 27076
13210 5
59107 24459 46320 59108 31198
19908 7
71091 71092 54327 58859 37782 67079 45600
9111 8
46810 46813 46814 46815 46816 23561 46817 42374
2347 7
14944 14952 14953 14954 14353 14955 14956
1798 7
11662 11663 11664 11665 11666 11667 11668
14494 8
62109 6290 35085 14256 62111 51322 19562 27270
28305 4
77745 45704 49054 41698
19389 5
70441 49999 34195 33222 50332
20145 4
71359 47660 68620 61647
24778 4
75644 68106 75597 61988
11708 8
55177 55178 5684 46048 55179 9903 55180 38948
7046 4
38711 38712 14709 35190
9052 7
46605 34310 46606 46607 46608 46609 46611
6055 6
34294 9723 34297 9620 34298 34299
26939 10
77013 44900 66937 2389 40572 72255 42530 35888 31801 7114
5182 5
30159 30160 30161 30162 25161
15846 9
64928 59067 56251 58800 31964 1855 12965 32855 56019
3434 6
21144 21145 21146 21147 21148 5824
25004 9
75804 55137 30140 40398 63038 6295 54364 5622 57587
4786 6
28188 28189 28190 28191 28192 28193
2979 10
18611 18613 18614 13571 18615 18616 5065 13051 18617 18618
20601 6
71885 2245 40232 27478 17154 14029
19379 3
70430 62986 37986
27759 6
77462 62453 163 73519 28022 67172
536 10
3602 3603 3604 3605 3606 3607 3608 3609 3610 3611
14672 6
62524 62525 10453 52234 62526 62527
17892 5
68398 26682 34470 17800 68399
11723 8
55210 9269 18792 55213 39492 45792 11072 33984
25880 6
76385 34652 3644 69210 68932 65476
10703 3
52165 39953 28799
10265 8
50717 50719 35543 50720 50721 50722 1732 50086
7857 6
42008 42013 39631 42014 42015 1331
5433 7
31372 31380 31381 31382 31383 31384 18609
6407 6
35839 35846 35848 8201 35849 35850
13805 10
60556 24575 52935 5915 60559 18991 15623 53200 39350 31357
8639 5
45071 5569 28424 2932 45075
802 4
5351 2413 5353 5354
9663 9
48726 48728 29245 48729 48730 8539 32272 2350 45340
15093 8
63416 59697 63417 41427 58987 30026 41290 23212
6810 6
37654 37655 37656 37657 37658 37660
15767 8
64786 54050 40033 25488 24062 64787 13158 61756
1314 5
8673 8674 8675 8676 8678
5076 8
29634 15999 29636 29637 27293 29639 26175 29640
6491 8
36218 36221 36222 36223 36224 19006 36225 24670
11574 5
54801 54802 43955 12201 54804
14336 4
40568 44587 45343 61746
8036 9
42738 42739 5940 40591 12712 7896 42740 40049 42741
21639 8
14212 42914 47041 12976 44862 21219 33402 53651
10068 5
50079 36150 50081 50082 50083
12311 5
12392 18879 56830 54428 56832
18769 9
69631 32009 40614 22555 53341 41977 27656 11389 61254
12040 8
56103 3119 1465 56104 31584 32079 56105 56106
3669 10
22409 22414 22415 22416 22417 22418 22419 12745 22420 22421
17827 5
68296 57848 11752 56401 57545
6511 5
36311 34142 36318 19461 26370
4854 5
28519 28521 28523 28525 28526
21442 4
72811 56391 68016 26774
11325 5
54070 54072 47420 54074 38731
20077 9
71284 59928 1378 48959 50902 63693 48018 59680 30871
349 7
2356 2363 2120 2364 2365 2366 2367
24523 9
75467 42563 73387 17987 10398 2597 13979 43628 6080
27328 4
77228 45262 58663 62808
2702 6
17041 17042 17043 17044 17045 17047
8960 7
46272 46273 31827 43534 23939 37556 46274
9735 6
48981 48985 18180 48986 22627 12395
7333 7
39888 39892 11640 35497 18385 22190 39893
9965 7
49742 49745 49746 5187 33021 43523 2993
12283 5
56753 8134 56757 25730 22444
16454 8
66079 66080 66081 41146 58016 24024 38316 26985
14795 8
62775 21100 18205 48524 25205 25902 57441 62778
2626 7
16602 16404 16603 8996 16604 16605 16606
22087 2
73478 32897
24069 6
17582 12224 12678 75143 8368 54174
1879 6
12144 12153 12154 12155 12156 12157
18619 7
69424 30917 8285 44354 64652 26989 67533
28384 6
77785 74397 13223 30571 12601 55987
6927 5
38176 38182 38183 38185 38186
4761 7
28070 28076 28077 28078 5755 24183 9406
10343 7
50975 50980 40839 50981 37290 39990 50982
29802 7
78501 56213 51936 61190 50457 4739 65324
24994 6
75794 55299 42114 8458 12073 6624
2435 6
15478 15486 15487 15488 15489 15490
7840 5
41938 41150 37049 35103 41939
1987 4
12806 12815 12817 3521
20937 5
72260 12126 9959 18747 70422
28150 9
77664 40263 72552 75331 46760 66412 64342 10285 29508
4571 6
27114 12880 27119 27120 27121 27123
20632 9
71921 26798 2052 71922 15244 33565 2140 35546 5372
28225 4
39638 50109 2831 51200
4494 5
26746 26747 26748 26749 4112
13179 4
59037 30795 46696 1503
24480 9
75437 55263 5820 6647 69057 37627 69818 44818 15967
27885 6
77527 68979 75063 72897 38591 73960
10968 5
52987 22927 52988 36007 40751
6473 9
36139 36143 36144 22136 33890 13540 31604 36146 13797
27753 8
77459 15861 15856 8015 13296 9488 49931 35286
29720 5
78460 9919 58999 2055 14504
477 9
3212 3218 3219 3220 3221 3222 3223 3224 3225
29233 3
44760 52631 74183
25427 6
76093 63660 42578 25246 6130 62114
15154 6
63534 58272 1315 2466 61280 63535
20757 4
51973 72070 30298 58149
678 6
4542 4543 4544 4545 4546 4547
25297 7
76006 59642 42031 48452 34196 69207 76007
19493 4
3733 27223 25395 70576
13898 6
60769 47786 41786 6472 59259 29660
26328 4
76658 68141 8881 29269
12570 6
57521 57522 14361 57523 57524 33991
23480 9
74692 74693 3946 26070 39442 12185 20886 40894 67536
3545 10
21747 21748 21749 21506 12091 21750 10054 21751 21752 21753
17880 5
68378 68379 5552 11681 26257
21195 10
72547 63676 72548 67946 20944 981 40290 42801 72549 49314
10533 6
51612 51615 16332 51616 51617 51618
12380 2
57018 57019
12215 7
56579 56583 3352 8205 56584 12684 56585
17478 5
67733 32108 41092 6767 60401
28143 5
77660 27230 75749 40560 16290
12096 4
56250 15341 56252 56253
3399 9
20943 20946 20947 7524 18128 20948 20949 20950 20951
25837 5
76358 44758 45705 40971 13961
10499 6
51507 51510 28296 17226 6105 5454
17149 5
67249 36667 48033 50767 48000
17748 4
68169 26948 68170 19063
18356 6
69064 30980 57154 69065 41911 69066
3961 6
23966 23974 23975 23976 9080 8560
10647 6
51993 51035 51997 49401 51998 51999
24721 6
75602 72375 53514 25613 19693 66491
19139 7
70142 27172 43432 37830 42054 41213 70145
10987 7
53043 53046 5210 49211 18399 48681 53047
3324 7
20537 20538 20539 20540 20541 20542 1417
14470 8
62057 62058 62059 21493 52171 62060 61794 56500
25918 6
76409 45728 38106 31443 1801 46766
12941 6
58428 58430 34373 29815 40762 34044
24335 6
75336 14720 12535 20460 63164 69106
4988 5
29180 29181 29182 29183 29184
9872 8
49428 44949 34504 49429 49430 15253 49431 49432
11015 10
53129 37374 36238 33697 16903 53133 32230 26314 36849 30381
2808 7
17641 17642 8965 17643 17644 17645 13863
26992 5
77045 52416 37677 69471 33424
16771 7
66649 66651 48780 13405 48058 22001 53108
29148 4
78173 73610 54778 12348
6056 8
34300 16798 34301 34302 34303 34304 34305 34306
12769 9
58005 52560 58007 41835 10682 25770 24476 30873 58009
3488 6
21440 2747 21442 21443 21444 21445
29181 7
78189 65966 2938 69450 73841 9314 47573
27327 8
77227 50447 52627 64398 25154 65382 23294 58146
14945 7
25137 63102 8860 4755 19701 63103 32471
10514 8
51560 13518 26707 47454 51561 2068 37609 51562
26241 6
76604 55997 76605 57255 74524 73828
24266 6
75288 65874 147 28374 70313 70960
19210 8
70248 3273 17779 44037 20759 52029 70249 30128
1749 7
11353 11361 11362 11363 11364 11365 11366
27536 9
77343 58022 74321 41160 45742 29320 38407 75469 1577
404 6
2730 2731 2732 2733 2734 2735
15853 6
64942 53922 7925 47730 64944 64945
7417 7
40218 31881 40224 742 969 40225 40226
24183 7
75230 55733 47533 75231 31726 26981 65582
6648 7
36925 36926 36927 36928 14184 36929 22300
8289 9
43720 43723 2601 42754 24594 43725 43726 43727 43728
26922 8
77005 33835 23798 67250 67054 58549 73662 48431
9389 5
47785 46281 31151 47790 42867
27067 4
77085 9786 9682 65519
6265 6
35220 35226 30251 21956 35227 35228
25955 7
76430 36290 11157 19947 70762 45128 66147
17865 5
68351 54039 43809 49317 68356
12930 6
58406 58407 32236 58408 21023 31145
9375 4
47744 47749 37162 41195
19950 5
71138 71139 1515 44820 8887
5590 3
32116 32117 19103
10233 6
50618 50622 2842 7640 50623 31132
28234 9
77709 40199 31492 60368 58458 52636 71056 76224 53151
27989 7
77581 1310 65333 40910 4838 40593 33430
14637 4
62442 62446 48951 27625
16323 6
47672 18537 65839 31587 65840 19039
24185 7
904 69700 46693 44020 1496 23069 68778
3593 10
21998 12176 22002 22003 22004 22006 963 22007 14780 5217
13764 9
60465 25029 44954 13618 48020 19564 60466 48866 373
5633 11
32317 16607 32321 26717 32322 32323 32324 14547 32325 20741 32326
7345 8
39937 39941 39942 14618 39943 21618 25663 15090
12429 5
57150 57152 32071 40082 17729
21901 4
73292 68078 42441 7579
18747 6
69607 35673 36398 68633 28947 42356
28769 4
77983 73380 15277 69136
10177 8
50449 23161 15272 28152 28602 49627 50453 37814
11910 6
55732 10861 4715 55734 55735 55737
26663 7
76848 10779 59173 60816 43832 4414 35946
29891 6
78545 74076 39343 57372 56916 67174
1394 6
9179 7869 9180 9181 9182 9184
25803 4
76336 15685 32194 4117
7222 8
39428 39429 39430 39432 26412 3313 39433 39434
17267 3
67432 22973 38821
27582 6
77367 59569 36725 26008 21572 300
718 6
4813 4814 4815 4816 600 4818
26511 6
76764 33671 51311 32889 19163 35695
18985 9
69920 69922 61793 63339 9740 38929 31131 733 55597
15023 8
63265 23978 9944 60905 38238 40605 52004 61438
14403 6
61895 61897 61898 18649 53912 61899
23758 5
74918 47429 30931 73605 70791
16460 5
66092 66093 66094 66095 53976
16020 7
65247 51600 53917 28592 17209 25175 47478
25249 7
75972 53613 52451 12666 55223 27736 66984
15039 5
63297 61374 15000 63301 1140
18736 9
69594 15713 48868 35680 23641 38102 37098 7890 69595
29180 3
26901 50435 44426
13623 6
60141 26064 37309 60144 60145 32601
10469 6
51406 33212 27512 51410 51411 23688
10831 6
52550 36325 52554 37526 52555 52556
2008 8
12937 12938 12939 12940 12941 12943 11133 12945
2745 7
17285 17291 17292 17293 17294 16808 17295
23690 8
74858 14464 74859 74860 61331 68306 73075 21773
23025 5
74330 18665 42282 26426 30147
15901 8
65034 49354 19863 14590 40615 26699 65035 47135
21922 4
6730 27395 35917 18916
13439 9
59684 26520 58159 59687 13291 47510 59688 52371 46431
1587 6
10372 10377 3618 10378 10380 10382
1092 8
2509 7255 7256 7257 7258 7259 7260 7070
1725 7
11213 11220 11221 11223 11224 11225 11226
3043 8
18969 4904 18973 18975 18976 17574 18977 18978
10077 5
50106 14899 34308 50112 50113
3418 5
21050 16875 21051 21052 21053
22507 7
73857 61714 22870 48547 21474 17945 1713
26254 7
76613 76614 31294 64374 62444 57331 73916
9542 5
48315 14338 48317 48318 38097
21192 4
13412 62178 55419 10249
13818 10
60583 25862 59749 14459 58273 60584 53319 60585 44596 21289
15454 3
64171 25790 64172
15254 9
63743 47588 57275 58627 59415 29582 45683 3594 54622
28237 7
77710 22640 47768 63019 27801 4560 73175
5806 6
33139 33141 33142 33143 19694 10742
8158 6
43221 42835 43222 43224 28508 12794
2432 5
15467 15468 15470 15472 15473
185 8
1255 1262 1263 1264 1265 1266 1267 1268
18673 5
69494 27653 58804 69497 48389
19533 4
70624 2717 60898 29551
16281 7
65769 43346 52113 37621 680 65773 46468
9088 7
46740 2258 46316 46741 46742 31694 46743
7133 7
39075 12447 38303 6173 29727 26285 38905
6521 11
36357 36360 36361 29618 20303 36362 36363 1737 36364 36365 36366
2231 5
14246 14253 14254 14255 14257
16642 8
66426 66427 66428 66429 53044 37961 32579 65094
26967 6
77028 4262 50818 27622 63566 2295
11460 5
54471 44550 34816 18815 54472
19461 6
70532 4902 70535 69510 42796 51811
26563 8
76792 61074 63881 38292 28885 32903 56084 6843
20053 2
71260 14633
27437 6
77286 66620 69104 14722 26954 66605
17649 5
68015 38988 57069 67229 8540
27412 7
77273 5492 72429 27343 23582 11020 51170
10819 4
52511 5473 31260 33562
21997 7
73385 59388 57824 49384 37438 67809 43714
27976 8
77575 38886 69919 21790 30237 15991 53169 60688
15637 5
64533 40182 64537 64538 64539
2986 9
18653 18654 18655 18656 18440 18657 18658 18659 18660
25817 9
76344 65166 27171 20892 51955 34580 69384 14059 67016
28793 6
77995 33819 54473 68565 56340 51366
18953 6
69874 65991 25635 3680 35063 54718
7336 7
39902 20980 21616 39903 39904 17634 39905
2155 5
13791 13798 13801 13802 13803
19214 4
70251 16737 50625 70252
10665 5
52046 22758 49063 21201 17563
17589 5
67914 67917 60178 21895 19104
11299 4
53994 53997 13334 53998
16838 5
66746 4559 44010 50910 38718
20931 6
72252 59069 25591 29989 21957 72253
6928 4
38187 7666 38188 38189
27998 5
77586 64339 30063 63122 49499
4393 7
26216 26221 25611 10766 26223 26224 26225
20504 7
71769 71770 40902 24589 13206 39129 8278
6467 7
36108 22530 36114 9085 32045 36115 6119
18012 6
68575 68576 68577 32888 40039 43485
29990 8
72604 37537 39344 16143 73413 70989 59191 46408
632 5
4240 4241 4242 4243 4244
2542 8
16129 16130 16131 16132 9732 16133 12505 16134
7206 9
39370 11257 39371 12751 17849 39373 39374 16096 39375
2260 5
14432 14433 14434 14435 14436
21644 6
73024 51988 63398 39878 10852 10864
20712 7
72015 42005 61370 24465 63638 12693 40231
12256 7
56683 39876 51147 36542 50119 56686 7174
8320 6
43850 34993 43851 21360 9939 43853
19504 7
70589 14128 8894 43285 43068 54020 11346
23629 5
16474 74802 70451 10387 45943
10059 9
50050 42872 50053 4480 50054 46090 47931 32541 50055
23103 7
74398 35890 37855 38027 63767 46390 65556
1201 6
7945 7952 5241 7953 7954 7955
3143 7
19532 19538 19539 19541 19542 19543 12433
8125 6
43077 37463 1615 38374 35195 43083
11083 10
53342 53345 53346 53347 49393 50300 30762 47069 53348 53349
11578 8
54815 9033 33122 9004 39417 19289 37058 49255
25489 7
76134 13302 51626 62546 59330 45838 54540
5382 6
31134 31135 31136 26253 31137 18972
1319 8
8700 8706 8707 8708 8709 8605 8710 8711
17803 5
68261 48418 9631 68263 53543
28951 7
78074 12548 69435 26718 76003 18850 67787
13586 6
60044 17477 23263 22721 29446 29599
17210 5
67348 63946 23657 62138 67349
14635 5
62438 10396 16640 62441 46005
18923 8
69829 69830 56633 30819 63234 69831 26951 69832
24869 7
75708 17517 45223 75710 66293 35466 54175
16122 9
65452 29625 65453 58219 12058 45630 33997 64229 24008
8323 4
43454 4287 43865 13670
16899 8
66840 66842 66843 61180 59119 60448 66845 31292
12457 8
57221 57225 57226 43175 57227 10413 57228 25121
15062 11
63351 26363 63352 51599 63353 35098 34687 19034 63354 63355 14859
9829 8
49282 27818 44263 49284 15961 49285 49286 22181
18400 5
32550 69127 69128 55943 55145
3524 8
21635 21636 21637 21638 21227 21382 214 18444
13538 4
59926 59927 49115 48013
10118 7
50236 50237 50238 1427 50239 28249 50240
12513 9
57383 20010 57386 57387 57388 57389 57390 39063 29274
11866 6
55612 55613 55614 55615 16617 55031
23800 8
74944 36252 71040 39126 48381 17508 74945 46235
10700 9
52156 6101 21925 41573 52157 29550 12618 52158 52159
20223 6
71455 53897 19407 49903 27146 55554
2237 7
14284 14290 14291 14292 14294 14295 14296
7550 7
40780 7085 40781 27916 40783 40784 40785
14278 6
61612 7279 17022 61613 53023 19877
7660 8
41215 41216 11303 20940 41217 41218 32121 41220
12291 8
56775 56778 56779 31722 32902 56780 56781 4476
14852 7
62903 58614 60378 62905 4955 62906 62907
21727 8
73112 11801 62596 41845 3448 58452 72355 42532
14611 6
62382 25807 62384 16748 62385 43241
16795 5
66684 28842 66686 66687 58274
15355 4
63954 18570 25558 32354
9994 6
49834 12561 5822 25185 49835 49836
20186 7
71414 69582 52362 71415 18037 22631 29419
13162 5
58995 29889 29370 37982 58996
26006 5
76464 63411 68638 54270 41230
14378 6
61843 25729 39312 24653 61844 23307
16428 10
66033 43660 1708 17872 6456 7526 66034 59507 52908 814
19076 5
70047 70048 67931 41391 70049
11557 5
54751 7690 19298 40934 54756
6790 6
37564 37565 37566 25090 37567 37568
17728 2
68146 15266
1177 9
7793 7794 7795 7796 7798 7799 7800 7801 7802
23366 5
74609 38978 64692 62951 70784
5278 8
30632 15657 30634 4946 30635 30636 789 30637
23684 6
74854 52233 26924 74855 23400 47121
21183 9
72534 53806 38475 4514 29657 49471 35320 67726 19030
13245 6
59196 19419 52943 59200 17479 45447
29517 5
78358 71788 61814 51881 28138
11238 5
53821 53823 6324 53824 51073
18155 3
24573 34234 30726
17875 7
68369 37484 59284 39499 17584 68370 27176
25375 7
76060 25830 75403 64377 4503 21071 56362
5414 1
31284
9982 10
49799 19709 49800 31691 30429 10837 49801 290 6745 13478
11946 7
55842 46069 44494 11098 55844 42823 36100
19148 5
70160 22665 58429 31126 406
6557 3
36520 36527 36528
22771 5
74113 67357 9804 28276 66186
20828 7
72142 22260 72143 24117 68031 4394 72144
9248 8
47298 47300 47301 13680 47302 25853 9150 43336
1806 10
11710 1364 11711 11712 11713 11714 11439 11715 11716 11717
29086 3
78142 9050 39887
6899 11
38049 6206 38051 37941 38052 38053 38054 28786 26461 4941 38055
21370 5
72731 72732 36535 63558 8193
10502 5
51516 51517 51518 51519 37725
23456 5
74673 55557 70296 37105 58020
15698 2
57463 64654
27279 8
77203 49169 38866 19293 68065 59931 3143 44519
11036 7
53198 10705 3012 8946 15696 53199 53201
23412 9
74639 5585 19938 39701 55616 6048 44496 72505 60864
5759 7
32915 32918 32919 16553 32920 32921 24212
11689 8
55120 55123 36884 55124 21704 18442 14546 11080
22469 4
73827 32766 3934 48209
29758 5
78479 41305 68179 4237 34745
8520 5
44633 29232 19570 16241 43933
7546 4
40765 40766 33420 40767
101 4
691 692 693 694
7963 6
42428 42432 6291 42433 42434 25722
9338 6
47625 40040 18700 47626 26991 47627
3295 1
20376
4397 8
26236 26239 26240 16654 26242 26244 26245 26246
4831 8
28411 28415 3898 28416 28417 28418 28419 28420
14390 9
61867 33381 61868 59096 61869 61870 61871 61872 51116
23127 7
74416 74417 35044 25662 61284 74418 41613
3270 10
20241 11302 20242 20243 12756 4115 20244 20246 20247 20248
8539 6
44700 18947 11449 44704 44706 18558
28545 8
77868 44445 14228 12022 42185 29487 33189 40889
14962 7
63142 15596 17930 58448 63143 42410 46805
24570 9
75499 42770 38816 17577 11341 65968 42877 21786 58877
444 8
2998 2999 3000 3001 3002 3003 3004 638
29348 7
78274 31785 19435 47992 66595 56034 39516
21169 5
72516 67063 3059 45976 31811
11527 3
53858 54677 54678
1946 3
12565 12566 12567
4140 7
24913 24914 8583 24915 24917 24918 18271
5457 4
31490 31500 31501 31502
21734 7
73121 66306 14846 57578 40026 48110 6309
27164 6
77136 60016 33728 14686 55649 59772
25292 4
76002 11897 55830 61590
12214 6
44103 56580 16039 56581 28993 28389
18064 5
68648 41561 68649 62566 26400
5961 6
33875 33880 33881 33331 33882 3587
8307 8
43798 43802 39162 43803 7393 43804 43805 43806
27519 6
77334 4381 22610 3043 73244 67717
11615 3
54903 54908 44348
28434 8
77811 48464 5293 21900 1912 60258 76160 48875
6320 5
35472 18378 16263 35473 10539
11188 7
53663 25913 35207 47341 53664 53665 5871
9537 6
48296 15546 1703 48301 26180 48302
21573 5
72953 3782 22441 64500 55567
6353 7
35602 31986 3135 35608 35609 22453 1187
2388 10
15201 15202 15203 15204 4049 15205 15206 15207 1930 15208
24691 7
75581 12078 32474 35396 48081 73647 2791
11121 5
31231 19553 25322 53466 28033
29378 9
78289 19753 36337 69707 53901 77927 34110 12358 39974
11777 8
55369 55372 47683 33221 55373 15175 27903 41421
12813 8
58114 58116 15250 5316 30317 27598 58118 6066
3371 5
20792 2283 20799 20800 17344
9138 7
46913 4519 46914 46915 31899 19881 24945
689 7
4610 4618 4619 4620 4621 4622 4623
12013 9
56020 56022 40091 56024 52203 22370 21230 2874 20938
24077 8
75149 40264 56396 713 43074 62682 71366 62582
12671 9
57761 38517 12796 3807 13404 51133 57763 22761 57764
17381 8
67601 20230 29208 67602 4553 66198 3929 28294
13737 6
60410 58265 59257 60413 28713 57817
17888 6
68389 19525 68390 65055 32619 68391
13741 10
60420 45554 57455 32592 59208 37089 22913 15521 8340 14493
8688 6
45261 45263 45264 45265 32600 44717
19146 6
70155 52440 67151 70156 66479 19249
24479 7
75436 43048 17755 25602 42773 21697 63550
10646 7
51994 51995 27004 15583 8837 7621 51996
29716 6
78458 25769 13475 75971 4785 30541
13344 7
59449 46844 31150 45984 49177 17284 59450
16253 6
65721 65724 21767 65725 12520 27160
8351 3
43986 43992 41951
23584 6
36352 39009 69093 27649 7056 46153
356 5
2410 2412 2414 2415 2416
22447 6
73810 41400 73812 20315 72764 40624
25852 6
76367 20712 66359 45692 40845 40204
23023 6
74329 48297 21401 41117 41021 69090
9279 5
47410 47416 43532 40682 47417
12428 7
18081 57151 760 34334 36466 2695 49397
18521 4
5536 55198 62552 20842
21250 7
72598 15447 28748 5322 20608 26292 25566
27465 7
46352 67161 14008 37732 365 27134 66024
23228 7
74501 24281 58122 7137 34314 66659 59834
21893 4
73284 70158 71494 40691
10535 6
51619 3146 50410 15156 51623 51624
14054 8
61141 12915 15499 55360 61142 19291 6408 61144
14171 4
61377 36227 61381 23934
23434 5
74658 69836 35687 26773 45784
29513 6
78356 2652 76333 29398 56422 3467
13114 6
12926 45434 54812 3008 56305 30568
7941 7
42344 42345 11763 42346 42347 36937 42349
29420 6
78310 33506 55798 49352 75799 67303
10736 5
52275 8251 24127 2379 52276
12643 6
57690 24214 9459 57693 30787 57694
22364 6
73739 30825 55358 7211 4574 68340
15171 4
63567 18028 29602 41273
4845 7
28473 28478 5443 28479 28480 28481 15116
48 9
334 335 336 337 338 339 340 341 342
6272 8
35251 35252 35253 35254 35255 29990 4410 32255
2246 6
14346 14266 14347 14348 14349 14350
24688 5
14407 46746 65180 62439 70870
27196 6
77156 6706 11866 63008 36824 30473
9011 5
46460 46465 46466 46467 33451
26215 7
76589 55332 64883 45469 63595 14320 58945
22534 10
73883 33028 58432 30221 66374 25160 46361 71309 73884 68679
13442 8
59695 59696 52619 59698 7550 52475 34936 44957
3651 6
22314 15437 22320 22321 3681 22322
1411 9
9281 9287 9288 9289 9290 9291 9292 9293 9294
4712 5
27845 9300 27847 25490 27848
10362 6
51042 41161 25751 19808 29712 32332
15581 6
64423 52096 719 40070 22194 31879
19219 4
70256 14938 11730 59970
19616 7
70737 62607 10847 16876 36551 63627 65617
20536 7
71807 2071 59178 64705 35766 13113 46426
26582 3
76802 8857 12765
11483 7
54538 54541 54542 54543 33117 30510 31083
22058 4
73449 39556 54594 42077
8704 3
45326 33898 25127
26796 9
76927 46149 25932 13214 25081 57156 55543 3558 73479
9392 6
47802 6591 40044 22837 47803 47804
10106 7
50201 15389 45805 50202 50204 37178 6973
25011 5
75807 7783 71 74169 8167
23916 9
75038 32064 74222 55811 72959 10016 64676 27807 9100
26765 6
76906 39232 64070 20636 70659 76722
6057 1
12553
22887 7
74211 10059 20122 23692 31603 62161 35727
14181 6
61406 27979 7576 57723 12661 61409
2946 6
18427 18428 18429 18430 18431 18432
20635 3
71923 21800 67245
1766 11
11468 11469 11470 11471 11472 11473 11474 1866 11475 11476 11477
15695 11
64645 19621 44846 55054 35123 46172 2292 2871 64648 51862 26286
19359 5
70407 55687 61903 33454 52343
11004 5
53097 53098 23365 40759 53099
3110 5
19348 19349 19350 19351 19352
20728 10
72032 29536 42579 9958 9814 8808 49156 45702 1658 68875
6498 4
36256 36257 36258 36260
2880 6
18043 18044 18045 18046 18047 18048
22406 5
55385 56471 51279 73775 29494
6620 6
36797 13208 17552 36798 9328 11818
21221 6
72571 56735 72572 35565 51140 61555
29230 7
78214 118 4639 57581 9502 19196 40938
26565 4
76793 6055 47371 55730
22142 5
73532 5479 65963 6191 42484
21671 9
73052 67401 39298 62201 73053 35053 73054 66542 52017
23591 7
74770 52881 59821 61523 53686 70574 65909
25109 9
75876 40446 75877 45573 47437 64131 36795 2792 65757
17376 6
67594 26800 67595 19791 55185 11895
22558 6
73909 48579 17738 73910 57178 59047
16154 3
65518 24045 65520
10500 6
51512 12780 51513 10210 46804 5202
20488 8
71758 51342 674 51551 55973 28792 67329 26586
14053 9
61135 31699 33353 61139 61140 56461 16387 6787 15993
2655 7
16755 16762 16763 16764 16765 16766 16767
23021 2
74328 27192
21658 6
73041 73042 29934 73043 73044 16313
7022 7
38602 31364 38603 5178 38604 7321 4275
23486 7
74697 66129 67219 67106 51515 14764 73690
1315 7
8679 8680 8681 8682 8683 8684 8685
25778 4
76319 50944 23743 22833
29682 8
78441 52788 6141 23109 56795 62218 9872 24854
7230 5
39461 20734 39462 39463 39464
17983 7
68530 28544 28802 68532 52762 25187 45024
15713 8
64687 52143 44306 14715 52103 36422 64689 21985
10328 6
50934 13070 25343 23265 30171 50935
10751 8
52306 22315 52309 15973 7308 14671 49535 52310
13915 6
60804 24047 60807 60808 60809 50065
25828 8
76352 23281 61174 76353 48161 56575 73378 6157
14272 6
61602 25476 50655 50387 61603 61132
22189 7
73576 34092 61835 73417 50509 58831 52593
12174 6
56455 45598 56456 37840 56457 56459
16028 4
65261 65262 65263 18055
17093 5
67153 39088 5700 24222 63034
27739 5
75298 14305 73066 50243 14610
8159 5
23348 43225 43227 39633 43228
9532 8
48284 16174 42180 48286 48287 46124 41208 22558
8573 5
33686 44830 44831 44833 44834
16534 3
66239 62423 22857
19125 6
70120 66228 70123 70124 25210 54271
595 5
3986 3996 3997 3998 3999
14848 6
62897 50765 11910 58763 48047 331
11388 7
54272 2059 54273 22968 54274 54275 29942
24797 4
75655 13130 16128 73214
13233 5
59166 3199 59170 15826 59171
14368 3
61823 9461 34399
1414 5
9309 9310 9311 9312 9313
9003 10
46430 46432 12353 32235 46435 46436 35217 4524 46437 46438
26420 6
76710 72400 46643 60437 51581 74464
1811 3
11741 11742 11743
19727 3
70867 39635 9855
7351 7
39961 39966 39967 11954 19896 14107 39968
22233 5
73622 42620 60115 58714 73187
26200 5
76582 34313 71578 60069 40535
21919 6
73307 70767 70113 66395 20796 64430
13913 8
60802 55061 60236 5989 39921 38164 43855 4448
28125 7
77651 22622 12929 55819 17388 13820 18465
10594 8
51822 14359 51823 40022 51824 11538 25975 51826
1407 10
9253 9256 9257 9258 9259 9260 9261 9262 9263 9265
4090 8
24655 24656 5549 24657 24658 6465 24659 24660
10841 7
52587 42750 52591 30349 38937 47219 52592
27495 4
38641 14183 61821 61408
19085 7
70058 22122 59005 46022 65748 70061 18112
13215 7
59118 51524 12055 21603 777 59122 50536
17054 8
67097 66815 51438 7660 62135 26828 67098 67099
2144 6
13733 13734 13735 13736 13737 13738
25486 8
76133 47508 24443 6022 69574 72666 27680 40716
22479 6
73836 54695 22801 5598 70748 17776
856 7
5709 5710 5711 5712 5713 5714 5717
19227 7
70264 40832 28216 39853 27475 16421 22052
7033 7
38645 38649 38650 38651 38652 38654 38655
18302 7
68993 11578 52257 48795 55449 18719 52149
9558 6
48377 37103 32221 19328 4540 48378
13006 7
58587 56142 11557 885 36026 40673 35351
12605 5
57600 34943 57604 51271 19745
13882 5
285 60736 27196 23035 37399
10832 4
52557 2925 52558 52559
7214 7
39396 39397 39398 39400 1811 39401 26103
18583 7
69373 65915 69376 46381 3964 60767 22381
28458 5
77824 73108 59840 5957 66119
4173 7
25070 25073 25074 25075 25076 25077 15641
20427 4
71683 59605 14093 33989
25021 7
25960 24949 62093 34614 59305 75816 31609
9651 5
48692 43465 46058 48696 45840
3648 8
22304 22305 22307 22308 22309 22310 22311 12954
18161 9
68782 68784 14235 62764 53645 60222 45586 39512 61789
105 6
711 720 721 722 723 724
156 6
1066 1067 1068 1069 1070 1071
25539 7
76164 34410 72660 66211 71533 74103 46544
2268 4
14480 14481 14483 14484
20220 6
71453 19313 1772 71454 35983 59169
28291 5
77737 46964 40494 66454 46197
14282 8
61622 59043 47311 9953 61623 30623 7528 61624
2234 5
14270 14271 14272 14273 14275
15000 8
63221 42206 63222 63223 41922 30958 1739 24936
29481 5
78340 22473 46133 69205 68252
26535 6
76778 40427 72698 64608 43272 33977
26732 5
76889 7110 851 32958 63843
26462 6
76737 43782 10668 11784 69787 69805
19583 8
70688 70689 18723 14202 42668 61841 11429 43551
25366 5
76055 49411 7492 56478 62735
5444 7
31432 31433 12797 31434 31435 31436 31437
9744 8
49013 49014 49015 43248 28881 42797 3164 49017
13202 6
59084 47085 59085 9888 38736 59086
24928 5
75748 14577 47762 16986 57880
16826 6
60319 35947 41434 46294 15100 46632
18733 6
69587 35159 8803 28972 69588 15409
25835 5
6665 38686 76357 20359 75552
19870 10
71044 61620 55875 54386 65093 5542 71045 71046 42733 31449
27744 9
77455 61362 63619 40904 62684 5134 6734 44507 56710
17622 6
67974 67975 67122 57136 43307 26737
9697 9
48848 4903 48853 11425 31162 48854 48855 34400 48856
21818 5
73209 52947 58970 40704 21009
3141 7
19520 19526 19527 19528 19529 19530 19531
15022 3
53302 56107 63266
20587 7
71866 44289 70525 63541 61311 60342 70512
23740 4
74902 43540 72045 9009
8284 4
43705 43706 36062 40190
8186 7
43332 30742 34969 43333 26726 43334 38167
15385 5
64029 64031 34060 34094 53631
18638 6
69454 39249 15337 64366 62567 14968
8431 6
44286 3859 29239 44290 43971 40311
10349 5
50997 50999 3460 51000 32651
25898 7
21871 16844 74024 67018 25004 58326 34335
2475 3
15725 15735 15736
7968 6
42454 42455 34663 42456 26936 36869
18249 7
68912 68913 17086 68914 39874 27258 48950
22762 4
74107 39467 66569 35126
29570 8
78385 1256 76342 62721 60095 34068 3179 64706
18691 9
69522 50678 13699 47787 69523 69524 45725 69525 57973
9944 5
7014 49675 33743 49677 12662
21231 5
72581 20912 47143 13000 69767
13516 8
59883 49500 31897 59884 59885 7512 59886 59887
20860 7
72181 61401 63382 32445 72182 49408 65047
27128 6
77117 44129 56464 21794 46901 71944
6814 8
37674 37675 37676 37678 37679 37680 7283 37681
16351 6
65888 65891 28504 41506 44697 47583
20579 5
71853 63852 7768 36369 61931
29783 4
78491 15832 72775 65246
18271 4
68947 63780 47185 34914
24279 2
75296 67129
6621 7
36799 36800 36801 36802 36803 21815 16620
19810 9
70971 32356 65555 49374 68275 14138 64121 47520 48632
6994 8
38481 38482 23676 38483 23107 38484 38140 38486
18811 4
69688 65108 69690 67566
4930 6
28900 28901 5767 23152 28902 26462
11902 8
55713 26730 55714 20723 15870 23906 5758 16992
8184 5
43326 17104 42042 33672 43328
21025 8
72353 4720 29739 27278 52253 72035 62998 72356
9574 5
48434 21384 48435 40281 48436
9245 5
47289 35717 47292 17201 36141
8534 4
44686 44687 44688 14368
13110 8
58868 4693 38100 58869 31975 31487 40052 39629
2638 6
16666 16667 16668 14966 16669 16670
23508 9
74713 27466 3787 37138 18844 41364 53648 19537 13218
12844 5
58189 40273 32098 2912 53126
558 9
3749 3750 3751 3752 3753 3754 3755 3756 3757
13756 4
60447 59783 8052 25193
16856 10
66775 57714 66776 19148 3006 618 20380 37571 62187 19312
27985 5
77579 53127 5434 64615 65421
14810 4
62809 62810 47424 29893
18035 3
68608 68610 28238
7852 9
41993 41994 10253 41995 41996 1749 32565 41997 2624
11754 6
55305 55306 55307 55308 55309 53337
1869 7
12086 12092 12094 10886 12095 12096 12097
26304 6
66472 33983 48462 70594 76238 49234
26212 6
76588 75568 71369 30166 74664 54042
7770 7
41661 41663 41664 41665 41666 41667 41668
14647 4
62465 62470 62471 22830
5024 6
29365 29366 29367 27513 13275 29368
664 7
4453 4454 4455 4457 4458 4459 4460
3713 6
22651 22657 22658 22660 22661 22662
8006 5
42600 30467 5664 42601 20658
4795 6
28233 28234 28235 28236 28239 28240
16300 6
65806 799 11112 65564 65807 29236
26152 8
76550 67374 62679 69170 16136 65544 67068 24981
3842 6
23347 23350 4893 23351 23352 23233
26972 6
77032 43057 26953 33300 16582 56290
17448 6
67687 52953 37325 22797 10429 66857
25571 7
76183 61609 3980 64394 29574 61071 28714
13843 8
60643 17627 219 60645 60646 60647 19565 14043
5562 5
31985 31987 31988 31989 31990
1518 6
9956 5942 9960 9961 9962 9963
27524 6
77337 62251 73962 67814 69675 53357
29988 6
78594 68537 62874 16962 7111 39167
6891 6
38014 33329 37952 38019 38020 38021
143 5
972 979 980 984 985
20283 6
71526 64586 27115 55173 5780 35856
29599 6
78399 25002 57128 42900 21242 74414
9875 7
49436 49439 49440 28956 4552 49442 49443
18190 8
68823 7766 39754 52611 26238 64132 7721 61095
14294 5
61649 46450 41051 58078 42366
9149 7
46944 46950 41805 18155 46951 46952 46953
8038 6
42744 42745 42746 25013 38987 7096
21993 8
73383 65388 64830 38427 21934 7769 27452 52230
8755 8
45515 45518 21002 45519 45520 45521 33663 45522
11172 6
53619 32580 17246 7688 24525 53620
19414 5
64053 39543 62988 56704 62595
9647 4
48678 31091 48683 48684
7408 6
40185 25012 40186 5691 11894 40187
27695 6
77430 76988 37838 19803 6873 71144
6226 6
35052 9705 2098 24365 35054 35055
9214 6
47180 1500 47181 37856 20455 21154
18321 7
69018 53065 36068 22898 33204 19496 2394
4594 5
27241 27242 27243 24559 27244
18634 8
69449 46374 60158 66761 69272 2271 42716 61291
3937 6
23848 23855 23856 23857 23858 23859
4514 5
26841 3191 26842 26843 26845
15899 5
65031 23870 46267 29988 16435
28958 6
78078 64671 41901 20072 72508 72692
29880 6
78540 69846 16571 64431 61615 28346
27293 7
77210 51337 9926 35181 44156 2190 61698
13141 8
58937 13895 58939 54015 12256 42866 38171 20878
16161 7
65528 24938 55993 37135 65529 55983 64622
24363 6
37315 66062 31903 69413 16567 46561
6873 7
37936 37940 37942 37943 13744 37944 37945
1280 7
8453 8454 8455 7027 8456 5453 3748
26410 7
76704 65485 29859 51221 31740 43424 26186
21292 9
72651 26104 35383 16831 54647 9644 72652 72653 26569
26610 8
76819 13136 21872 74316 30383 14907 9172 23667
8193 6
43351 28396 43355 43356 42243 43357
27256 7
77190 28119 38607 71677 65009 70015 72853
2472 9
15712 15714 15715 940 15716 15717 15718 15719 15720
18267 5
68937 10259 24641 68037 9497
29171 7
78184 64153 42187 23979 75277 44553 62619
18624 9
69433 37800 69434 68325 41151 68386 49221 8493 52339
16099 2
65408 65415
21714 5
61453 57090 56754 67736 17660
1762 5
11443 11444 1647 11445 11446
26298 5
76641 46009 34682 32778 57065
19147 6
66179 66188 53950 70157 1138 70159
25177 5
75923 72363 13299 3230 910
19561 8
70657 38298 51156 53386 22390 65753 70550 64685
15526 8
64314 64315 40659 13035 12544 57972 30853 64316
9881 5
49458 49462 2029 7332 8994
16749 6
66622 66623 31795 33805 66624 66625
15169 5
63565 62106 18387 44779 35124
10697 3
52142 17569 29142
16089 7
65394 65395 15800 7178 1373 31919 46215
20569 4
22652 23234 66966 71845
23317 6
74572 6800 40142 19890 41282 40145
13140 4
58938 20804 39531 20049
16933 6
66893 66894 35550 40850 62360 66895
4678 5
27683 27684 27685 27686 27687
8278 4
43678 43679 43680 43681
13504 7
59852 59853 37366 59854 35329 26233 32139
29759 6
19680 73252 31469 54791 18362 52140
11895 9
55690 55691 55692 55693 52210 55694 13167 796 18296
16537 6
66242 34843 54150 26094 39060 57314
24458 7
75418 43911 36055 62768 40322 37038 62139
27843 7
77505 8602 43151 54082 65755 54618 39314
29307 6
78252 41392 68148 36743 62613 73570
1861 3
12034 12043 12046
28785 4
42361 19771 53363 42710
11583 9
54824 50600 230 45158 14558 54825 54826 34165 5838
3023 5
18860 18861 18862 8734 18863
1813 4
11744 11750 11751 11755
5016 6
29330 26661 25414 29331 29333 17527
15266 7
63768 63769 63770 36658 16795 59032 63771
26666 5
76850 61082 46579 54959 61394
26217 5
76590 58045 31532 21921 76199
12039 9
56098 12438 56100 24508 16252 56101 23605 54333 56102
14528 9
62188 62189 62190 62191 59378 34144 51098 62192 26555
4915 7
28826 28827 22759 28828 28829 28830 28831
12585 4
57552 16529 50534 6616
16881 8
66807 59992 52282 32211 46226 66809 16804 66810
14459 5
62033 10439 594 14831 62036
28806 6
78002 69197 66052 18334 12882 12991
8782 8
45626 45627 45628 40603 41941 45629 7545 45631
6346 7
35574 25094 18235 35117 35147 35576 35577
29940 5
78570 11878 16020 66680 30978
22990 7
74303 45148 59764 25272 8984 69537 74304
3412 8
21016 21017 21018 21019 21020 21021 21022 5382
29827 4
78513 35196 64747 18074
10724 9
52239 52240 52241 52242 52243 52244 44038 47763 14563
14738 7
62661 19653 21088 43230 1366 62663 12300
8338 8
43934 43935 3106 40406 43936 32204 43937 43938
1894 8
12246 12247 12248 12249 12250 12251 12252 33
23267 6
74528 62089 66304 61544 13916 53636
22501 8
73854 37422 57532 32882 17532 9684 53954 24771
10681 5
52095 15292 52099 52100 24131
23084 6
74384 46276 44541 16194 74260 51473
14266 5
61587 27460 61588 35092 51700
9469 4
48069 33953 48074 31750
25904 6
76402 22616 16818 15945 75159 67338
14060 6
61156 16687 61158 61159 26083 5438
26768 5
76909 10144 70099 51182 71423
20250 5
71484 11909 2918 66324 33003
890 3
5934 5935 599
4019 6
24269 24275 24276 24277 24278 24279
5834 7
33277 33278 33279 1779 33280 30207 33281
25525 5
43208 66970 56658 43183 73368
2411 4
15334 15343 15344 15345
15850 6
64937 31440 45654 64938 47171 57561
674 5
4520 4521 4522 4523 4525
24385 5
75369 73439 65749 29475 3281
41 4
287 288 289 291
15403 4
64063 44028 64065 2205
8080 1
42901
25291 6
76001 60644 679 54467 33269 64925
1822 2
15 11805
4191 4
25167 24018 25173 233
27414 6
77274 53529 53634 41224 15624 50897
20310 4
71560 1527 43951 9194
17849 2
7278 52365
4435 8
26443 26447 26448 26449 26450 26451 24819 26452
26707 4
76873 74060 2440 43053
15949 7
65119 65120 61515 65121 51543 62822 47438
29832 8
78516 29747 12104 20834 29114 50424 43442 51729
18237 8
68889 68892 16912 36654 52879 49082 37615 1752
351 7
2369 2374 2375 2376 2377 2378 2381
11221 8
53760 34875 53765 35968 37074 35445 39964 23930
3661 5
22364 22372 22373 17556 22374
16352 13
65892 38425 60055 65893 85 42266 19964 22095 60660 65894 50653 65895 65896
25104 6
75874 26915 67387 61594 24533 23868
3676 6
22454 22455 22456 22457 22458 4273
8912 8
46097 46098 42951 16121 46099 42830 46101 6347
24535 8
75475 15676 28178 7243 32827 40713 67107 30271
19205 5
70239 35552 38907 46747 33739
13111 5
8370 58870 58871 4250 50577
4518 6
26860 26861 26862 26863 9534 13696
2070 4
13308 13309 13310 13311
20271 5
71511 29128 48922 42073 20411
21506 7
72877 71159 18103 46017 48193 72878 6158
29455 4
78327 16282 48617 7559
28968 7
78083 3659 71718 38399 62962 72802 47073
8148 7
43179 35015 35256 43180 32871 43182 43184
24104 2
75171 68211
24653 8
75559 6853 11348 40923 40633 73171 57494 6358
20385 6
3064 56890 48808 33886 71641 57670
18847 6
69738 38403 40602 23728 57802 17498
5389 9
31165 31168 25999 2777 8481 31169 31170 31171 31172
6413 6
35875 35878 35879 35880 6949 27298
11915 7
55748 55753 45177 46261 55754 55755 55756
15297 7
63822 63824 4474 58730 63825 63826 63827
21284 3
72645 72612 72646
25879 5
76383 49143 21582 23593 76384
13888 4
60746 60747 60748 39553
24776 4
37989 18254 52970 26485
28221 7
77700 57002 33174 17684 52852 74823 67740
15882 6
64997 57867 60291 64998 64999 4824
3134 7
19486 19487 148 19489 19490 19492 19493
11712 7
55188 29207 38347 55189 32521 55190 50147
24193 5
75239 73526 38872 51374 6836
25024 9
75819 73124 3658 46869 56451 35110 52432 57609 58946
14916 6
54900 2796 5502 9741 6925 42488
25363 7
46079 30280 42683 27334 73310 58046 42832
8902 4
46060 15026 46061 46062
27055 5
77079 53860 69319 58890 49381
8575 6
44835 44836 44837 20388 44838 44839
25125 7
75890 70973 25531 34706 50399 13166 54200
5331 8
30874 18291 18546 30881 30882 30883 30884 30885
18332 6
69036 60169 14120 14091 12673 64154
6794 8
37582 37583 32125 16676 25213 31910 37584 37585
16050 9
65301 41916 65302 65303 65304 65305 12180 9477 61278
9918 8
49578 49579 44175 49580 45006 49581 49582 49583
2177 10
13925 13929 11131 13930 10127 6587 4976 13931 13932 10637
20720 5
72021 34116 67853 14729 326
964 9
6422 6423 6424 6425 6426 6427 6428 6429 6430
22858 7
74190 36840 42495 52074 52548 56748 45868
18108 7
68704 26117 68705 16678 21783 51152 17997
25832 5
76355 32846 73607 1619 63848
24542 4
75480 73988 82 66464
26197 6
76579 9547 28717 8947 62677 37090
20315 5
71566 25384 71567 19122 37206
20312 6
71563 27346 30753 71564 68636 71565
14612 7
62386 24246 62388 62389 59217 47813 62390
27313 6
77220 47338 65604 65886 57115 54197
22320 4
73708 69372 863 43857
5471 5
31554 30291 31561 30690 31562
2084 8
13392 13393 13395 13396 13397 13398 5373 13399
12606 6
57605 47584 5506 21825 40518 20851
16206 6
65619 54466 65620 5750 34519 49867
27 4
180 190 191 192
6534 9
36425 36426 36427 33373 36428 36429 25952 36430 36431
24555 6
75490 19135 18420 62671 70999 6327
4923 8
28864 28869 28870 28871 2467 28872 11396 1322
5540 7
31886 31887 31888 31889 14654 22580 31892
27002 6
77050 75254 6548 73680 20270 12381
14861 6
62928 41141 54501 58080 44696 44066
3222 6
19974 19975 19976 19977 19978 19979
8043 9
42756 38567 42760 42761 425 42762 21827 22051 42763
14176 9
61395 41904 61396 61397 58404 19829 40222 12921 39365
15824 6
64894 64895 35280 7805 55496 14970
18297 6
68986 64967 63525 68987 63462 44997
27214 7
73898 74757 30441 75651 48072 73979 66602
8614 9
44976 44977 22547 41211 6653 40987 44978 44979 44980
14521 7
62167 14660 60771 62170 14807 53146 62171
22546 9
73896 8049 10502 14430 47334 41449 68499 44251 23016
23437 7
56899 24651 66117 36988 72668 34225 45214
1662 5
10831 10834 10835 10836 2429
5288 7
30676 26608 1246 30679 27521 30680 30681
14153 10
61341 46926 61344 10440 54840 61345 7428 61346 36411 61347
8305 5
43795 43796 43797 39444 16869
19809 9
70970 38370 15878 8136 28925 20255 38824 39341 30854
13631 8
60162 29676 6851 47193 60164 51441 60165 35776
12682 8
57788 46892 498 54085 57789 3360 57790 57791
16472 6
9454 9349 66121 25798 23524 66122
29761 7
78480 38231 73425 9482 71027 48373 59508
12294 6
56788 5236 52829 26458 53885 39423
18093 4
68684 42858 9439 22393
19860 7
71032 5403 60639 70859 49866 8302 58316
4422 4
26376 26377 26378 26379
25316 8
76019 443 5723 58259 48471 1056 55030 1128
11356 6
54166 36826 10661 46393 54167 43734
29754 6
78477 3324 32756 77153 73173 73602
20479 4
71746 70143 71748 71749
26551 6
76786 8840 15288 908 53403 66991
28442 8
24213 13604 70760 68515 76908 13574 39522 76971
22259 5
14115 63723 38994 58561 24686
9229 6
47235 47240 47241 7400 47242 37268
3271 2
20250 20251
20527 7
71797 70343 44069 62529 71798 6769 28273
403 10
2716 2721 2722 2723 87 2724 2725 2726 2727 2728
14510 5
62146 28163 5644 437 62147
29525 5
78362 76298 31197 17899 62576
799 7
5324 5330 5331 5332 5334 5335 5336
20097 5
71311 41347 22767 38121 31495
16026 4
65256 65257 25924 51404
3832 2
23296 23298
7938 5
42331 12473 42332 42333 28784
7217 9
39405 39408 39409 39410 39411 39412 39413 34807 28289
28943 8
78070 14829 28465 70234 39506 36650 68743 39936
15842 3
64921 57800 51088
24801 7
75660 17467 75661 20676 4515 52986 75662
15478 7
64213 64214 64215 64216 64217 64218 41670
16876 5
66804 15362 66805 55886 22076
22731 8
74073 52079 33131 49433 46417 10811 43711 32646
20265 7
71505 37123 51879 5288 38851 52842 71507
5850 8
33356 33357 7417 33358 6235 33359 30607 19664
26005 4
17420 60453 62562 59081
16788 3
66673 66674 66675
6774 7
37489 37490 37491 37492 9877 37493 19439
29237 9
78217 58833 16861 50185 26072 25249 67205 22581 44642
21045 6
72379 72383 69051 72384 31338 72385
11694 5
55135 46861 26305 55136 19091
26390 6
76691 12299 10797 56755 6040 76692
8209 5
43410 43416 27602 43417 43418
24110 8
75175 23359 57809 66313 32618 44775 37882 13678
25064 7
75844 66640 18051 11723 64578 63433 25737
2785 7
17511 17518 17520 15301 676 17521 17522
1058 6
7032 7033 7034 7035 7036 7039
21776 9
73165 3973 68570 3727 73166 9838 4711 65573 72927
22194 8
73583 20386 29595 27627 7339 56837 40963 67576
2846 8
17858 17859 17860 5426 17861 17862 17863 9517
18610 9
69411 53419 10277 67752 34193 41564 69412 3559 69414
11960 6
55879 55880 53090 36479 55881 55882
16592 5
66339 430 16594 62496 3937
17514 7
67790 54231 31265 67713 67791 34949 67792
19286 8
70328 54770 30987 63730 70329 53276 70330 34443
11536 8
54699 2558 20106 54700 8834 20421 47297 12871
5411 7
31263 31268 31269 31270 13413 31271 31272
6435 5
35970 35975 35976 25373 35977
9025 4
46511 46516 46517 27183
19576 8
70677 11535 52693 60811 70678 17164 64971 30801
20493 6
71762 47168 63403 15520 45578 6656
1103 7
7316 7322 7323 7324 7325 7327 7328
27172 4
77140 47721 47685 23345
13710 4
60354 39583 2465 27205
11055 5
53248 53251 53252 53255 53256
10628 9
51931 37340 32685 37797 51932 51933 46092 51934 25375
27840 5
77504 71243 73582 64481 17543
26053 6
76491 41645 25003 61585 50845 67024
5793 8
33072 33078 33079 13531 33080 33081 33082 9669
26375 5
76683 8060 71398 18708 70578
16176 7
65557 47688 23010 60071 60847 65142 8759
10920 5
52843 52844 52845 52846 52847
588 9
3944 3945 3947 3948 3949 3950 3951 3952 3953
527 4
3535 3545 3546 3547
17010 6
67017 1175 36017 48061 55678 47489
17170 4
67280 54322 49137 2102
6753 5
37388 37395 37396 37397 37398
146 8
999 1000 1001 1002 1003 1004 1005 1006
9452 5
48016 48017 19627 17213 37442
28635 4
77914 31980 26639 2287
2444 5
15541 15543 1062 15544 15545
10886 5
52735 52736 6880 19052 52737
14442 5
61985 61987 14220 4867 2992
23346 6
74594 63392 74005 33889 14544 55590
16381 6
65941 17674 30258 57243 26706 49167
5181 4
30149 30154 30156 30157
1255 2
8283 8294
15642 6
64546 53791 56231 2319 40138 34062
14784 10
62756 59060 4314 29932 62757 51949 28607 47507 30815 61296
5488 6
31635 31636 31637 29470 1153 31638
11962 5
55885 38862 14395 26882 55887
18683 6
69509 54805 69512 47477 31546 69513
1138 5
7547 7548 7549 7551 3349
22420 6
73786 42857 21869 28404 41494 29154
26036 9
76480 33637 15131 9460 39036 73996 61949 35177 24499
14869 6
62946 57588 59368 46879 11961 62948
4240 4
25423 25424 25425 25426
26975 8
77033 45222 31387 57952 4002 37643 36019 74674
28093 9
77635 20896 31804 73893 21127 6933 1057 31314 75600
5146 4
29986 7510 10027 29991
6418 5
35900 31004 7296 23090 35901
30 6
208 210 211 215 216 217
26745 4
76896 16745 72108 73514
4867 7
28580 28585 28586 28587 18753 28588 28589
23871 6
74998 50284 74541 72815 63646 23410
11964 4
55892 55893 10909 22729
17347 11
67546 45077 26794 65551 27925 67547 67548 45166 67549 64346 6514
17314 4
67495 66422 65005 67496
11780 7
55380 5299 34342 20822 24872 6619 20639
27605 8
77379 63459 75310 16752 6215 35531 16702 50974
9067 5
46665 13016 46666 46667 18318
2948 4
18438 18441 12858 18443
6282 9
35301 35302 35303 35304 35305 35306 10792 23717 35307
26442 4
76725 38115 13145 46752
26361 3
76676 13064 17989
7180 6
39266 39267 39268 39269 39270 22156
5378 6
29287 31112 31113 8228 31114 31115
815 4
5429 5439 5440 5441
9707 7
48879 48882 48884 42870 6540 206 45748
6848 6
37824 10957 37826 37827 4947 34278
28872 6
78035 40402 41471 18488 11229 18284
12660 4
57733 57734 49893 2852
5295 5
30706 22324 30714 30715 30716
1023 5
6798 6807 6808 6809 6810
19351 8
70398 20563 21321 21241 25814 12732 36234 69722
1370 9
9025 9026 9027 9028 9029 9030 3854 9031 9032
17851 7
68330 35540 68333 60952 40818 45339 68334
4600 7
27271 17245 27272 27273 27274 27275 27276
29031 9
78114 35943 52725 58964 67868 18255 29190 55873 52454
16706 4
66545 66546 42695 43783
17076 7
67128 6495 42979 19210 57963 7482 46446
7044 5
38703 38704 5114 38705 38706
7631 8
41098 41100 2279 41101 41102 32964 41103 41104
3512 6
21569 21570 21571 1988 13182 19575
20976 8
72302 54961 46758 22635 59434 34966 64103 28037
18797 9
69669 25881 19733 13065 62538 31110 51353 11838 7630
12255 5
56677 56681 56682 36697 31538
28965 5
78081 33649 46486 34389 56061
29621 8
78410 19402 1790 56696 41649 53153 17346 63864
26903 8
76994 31461 30951 60848 73196 2839 12726 18340
24731 3
75609 66870 16862
3470 9
21345 21346 21347 21348 21349 21350 10671 21351 21352
4032 4
24347 18685 24348 24349
29439 9
78319 50822 2944 60946 11322 63526 21304 56454 10813
15895 6
65022 46138 5285 9706 64373 9464
8854 7
45871 26131 45873 28476 45874 36334 20743
7898 6
12784 15215 42183 37550 42184 41726
12985 8
58540 58541 25740 16901 58542 4986 36975 58543
28810 3
78004 14314 58830
6066 6
34351 34352 34353 24118 31799 18217
24914 7
52923 35331 40497 2809 24818 33753 73861
21475 3
20145 32066 45098
19682 4
49419 70820 56838 1458
4047 9
24407 24412 24413 8172 24414 24415 24416 24417 24418
7918 7
42253 28268 42254 42255 42256 36737 42257
17694 8
68092 22033 31147 46909 23633 25387 16370 47107
22917 3
74238 43024 20369
5891 6
33552 33553 33554 23513 33555 10540
23446 9
74667 62409 38161 17664 40949 35594 55739 67452 29670
5717 3
32722 32731 18773
26327 8
48893 13904 57433 70274 26049 28174 70445 27868
9674 4
48766 48768 48769 28176
9390 8
47791 47792 47793 47794 47796 47797 47799 42722
2134 7
13673 13674 13675 5638 13676 13677 13679
15586 6
64433 45176 27668 64434 64435 64436
5837 8
33288 20752 33293 4380 33294 33295 29995 33297
22111 5
73501 9981 6522 2579 14666
16522 6
66214 66215 66216 66217 44859 29131
26613 6
76820 72555 37282 64832 26626 72585
19940 5
71128 71093 36330 11370 3414
8713 8
45356 45359 28591 45360 45019 23193 30893 45361
23096 8
74394 44993 61524 12081 36545 60833 16910 5886
24842 8
75690 44796 55133 182 28773 68251 70824 30675
29808 6
78504 63205 46736 22498 7629 5634
8672 3
45196 45197 8941
6583 8
36636 36640 36641 1074 3728 36534 34559 36642
20487 11
71755 47442 35437 71756 60441 30567 40293 71757 51451 58214 53178
2817 7
17685 17692 17694 17695 1950 17696 17697
7923 5
42273 42277 42278 42279 42280
6002 5
34059 6284 2877 29291 24678
3611 4
22100 22108 22109 6694
11409 6
54326 43828 4782 13619 34928 51006
29869 4
78534 55281 20722 59376
19731 6
70875 61765 62075 70876 41949 39148
6726 7
37275 37276 37277 37278 37279 37280 37281
4870 5
28600 28603 28604 15573 27647
282 4
1917 1918 1919 1920
28559 7
77875 72829 23647 62970 48086 33670 12980
28576 6
77884 15941 45550 69638 54946 44461
14286 7
61631 61632 37 61633 27716 61634 53972
11010 5
53117 53119 47534 47385 35493
28448 8
77818 26121 70260 55831 15896 19750 32240 63396
7228 11
39456 26141 33471 39457 39458 38769 27090 39459 5318 21132 10757
5407 5
31251 18921 350 17161 11919
14764 7
62716 19726 3057 15570 42861 8359 62719
20096 3
43932 34228 14449
26343 5
76666 66536 70229 17828 41772
6860 7
37877 37878 37879 8313 37880 37881 37883
10103 7
50190 50195 21262 50196 579 35914 587
11153 4
53555 6313 6169 53558
19170 7
70188 70189 10561 62540 46018 57565 11434
3385 5
20865 20873 20874 20875 20876
3616 8
22132 22133 22134 22135 22138 22139 22140 22142
7004 6
38519 38455 38520 38522 38523 38525
20529 9
71799 25475 34495 18691 40539 51004 7873 53372 41283
4803 4
28267 28274 28275 20007
222 5
1513 1514 1516 1517 1518
22292 8
73684 69826 46798 73685 73686 50323 10776 59018
21085 7
50385 20280 35009 6203 13528 58161 44526
2248 4
14358 14362 5420 9562
2549 7
16161 11369 16168 16169 16170 16171 16172
9552 8
48358 48359 30826 48360 35287 48361 23366 48362
25012 8
75810 12724 48089 47131 35343 75521 32442 28692
15203 6
63631 63633 38287 63634 54305 28648
6892 6
38024 31659 5929 3347 35539 6131
27388 9
50635 20011 16587 16350 15930 34702 73451 21949 30905
21385 5
72746 56806 10707 54522 21706
25312 3
76017 74096 30416
25119 7
75886 12534 57285 8281 53598 44180 47260
4810 4
28313 28314 28315 28316
16837 8
66742 52571 66744 1209 66745 48494 9210 44917
22385 2
73755 61909
11561 6
54763 32533 12785 47929 54767 27640
23836 4
74973 34551 51244 12614
15379 4
64017 22262 9971 62410
12891 7
58305 54958 17924 31054 34055 24685 58307
8673 5
45199 45200 45201 26300 39997
289 9
1958 1963 1964 1965 1966 1967 1968 1969 1970
17380 4
67433 47950 43011 56241
17692 7
68089 9082 16902 53709 68090 16690 62293
9081 8
46707 46710 46711 33584 40802 46712 46713 46714
746 8
4995 4996 4997 4998 4999 5000 3903 5001
27862 7
77515 67472 18786 6278 69994 37516 65691
26248 5
76610 48135 31224 45902 28179
10510 7
51548 22725 51549 17135 51550 30897 25099
28668 6
77932 69263 25478 4196 21453 35994
3036 7
18933 18934 18935 18936 18937 10185 18939
17165 4
67273 15318 8603 44738
15662 5
64582 64583 53285 46520 43376
25480 5
76129 45866 19054 22298 31705
2040 5
13129 13132 13133 13134 13135
22357 5
73734 73735 57768 47713 69937
4342 7
25939 25940 25941 25942 25943 25944 25945
27250 4
77187 70827 56295 76891
9661 7
48720 30348 14383 23343 48723 48724 48619
29855 5
78527 22480 42948 75064 46264
27733 5
77449 19418 21838 60494 9955
13391 9
59567 37519 23960 24588 54680 16897 57626 20909 59570
619 5
4146 4156 4157 4158 4159
14782 5
62752 10364 730 18990 24791
3951 6
23916 1872 398 8239 23925 23926
28561 5
77876 72794 24697 66582 52785
11552 5
54741 10139 54742 4645 54743
23334 7
74582 74030 74583 67489 57031 59526 10956
11821 6
55495 26287 1283 19578 42104 9024
20519 7
71789 815 71791 53061 63292 50639 372
27696 6
77431 61306 68341 12448 76216 69234
6019 4
34139 26551 34146 28847
19261 7
70300 51730 52685 70294 57598 66664 70302
14539 6
62214 62217 31160 55906 62219 37647
20977 5
57085 20588 52904 36591 1370
2226 8
14222 7921 14223 14224 6320 14225 14226 14227
9585 4
48463 48467 48468 19270
794 8
5298 5300 5302 5303 5304 5305 5306 5307
22550 7
73900 58932 16120 52634 73901 70754 72089
8741 6
45467 45472 25445 35944 45473 45474
20526 4
4603 40813 25080 8468
17781 4
68220 48419 66063 46159
25559 8
76175 59130 25553 46504 70993 49863 48755 57875
23738 9
74900 10106 14600 37530 6260 33127 60523 62589 30847
24762 7
75633 52375 43292 5213 54661 30578 32106
9008 8
46454 46455 46456 46457 2049 42452 35806 18955
9192 5
47101 47102 47103 10890 7125
22050 9
73440 9624 63461 11106 69362 71368 2081 66814 43676
27381 2
64240 61790
959 7
6381 6388 6389 6390 6392 6393 6394
26264 6
76620 44330 13741 10456 61894 43125
23618 4
74793 18759 36106 74794
25620 3
72332 74229 12032
26108 6
76526 68457 41014 67044 15397 43055
15717 5
64694 60851 56628 64696 6590
18191 6
8395 68824 1617 13807 45338 55282
13746 8
60431 16744 54871 25178 31486 13007 22037 35456
12315 8
56839 22731 56842 50769 56843 17119 56844 17332
11744 10
55274 26629 55275 55276 4598 55277 23277 37125 55278 27260
1393 6
9166 9175 7386 9176 9177 9178
22960 6
74273 52227 46705 58169 70610 12108
1285 5
8477 8486 8487 8488 8489
3358 6
20719 20720 20721 20724 20725 20726
28378 6
77782 71985 62787 72893 1124 73814
8567 7
44802 44805 44806 20486 44807 44808 38369
6385 5
35745 35750 18227 35751 29906
16815 9
66712 45766 66713 35773 44708 14857 50467 36468 39149
23576 7
74761 48587 47830 12306 23097 68726 15148
9482 9
48117 48118 48119 37807 47873 8875 48121 4411 21764
28848 5
78023 12969 11831 63804 58477
2661 3
16790 16799 16800
22422 8
73788 54613 66702 51063 41162 31375 57313 22345
9294 9
47467 40915 47468 47469 47470 45746 45379 47471 47472
5609 9
32201 32206 32207 19121 9848 32208 32209 14066 25222
6227 7
35056 20933 35057 35058 7806 35059 35060
25183 6
7048 15173 74724 72947 45023 29143
23673 5
74841 28292 38765 11586 47225
19818 6
70979 62729 19296 13521 70980 61490
18556 5
69341 26960 15665 60962 59283
4233 7
25383 25389 20174 18732 25390 25391 25392
29747 7
78473 17869 6907 5252 56705 55970 27455
8113 6
43031 27688 21235 5950 43036 43038
601 9
4027 4033 4034 4035 4036 4037 4038 4039 4040
15603 5
64466 56539 52701 38259 8433
12529 9
57416 57418 16186 29408 12762 57419 57420 33664 38492
24713 5
75596 60904 35246 26105 67953
25871 5
76378 2889 57297 76046 67082
22230 6
73621 70561 51646 6017 22412 40075
18677 7
69501 50298 20530 69502 57900 30211 67739
6856 5
37860 4882 15691 33903 37863
29022 6
78110 32455 55272 57826 30711 7271
24514 10
75459 69099 75460 19412 71391 63628 75461 58988 42932 30580
26166 8
76558 37042 29760 70088 71973 16484 21143 20126
1562 8
10229 10230 10231 3178 10232 4224 1893 10233
18513 8
69278 20077 1492 62955 50373 26807 57399 31108
17415 7
67639 67641 10086 4770 57634 8749 9851
20589 3
71870 66947 59717
28002 4
77588 75860 65931 14178
2856 8
17912 8317 17913 17914 17915 17916 13500 17917
23191 6
74467 31333 69558 6326 67656 70636
5031 5
29391 29399 29400 1773 29402
23119 8
74409 52354 19083 27931 24094 62601 74410 47342
2912 5
18224 18225 18226 15824 18228
29833 3
405 33195 17010
13473 7
59775 59778 59779 59780 24792 46548 5247
7324 5
39854 39855 6275 32435 39856
5072 4
29612 29613 20903 29614
19072 6
70039 59150 40312 48490 26891 70040
12277 4
56738 16082 56743 56744
11597 4
54861 54862 54863 42931
19308 7
70355 27983 10971 10814 15245 57278 4725
15037 7
63293 13082 53725 63295 25627 37849 63296
244 5
1660 1661 1663 1664 1665
4488 6
26721 5205 26722 1683 26723 18826
8890 4
46007 12598 23620 29607
8658 6
45141 45142 9653 45143 41004 4811
3384 5
20866 20867 20869 20870 20871
24086 8
75157 43337 52605 35921 13198 21305 21237 20104
24108 4
75173 2480 58455 38123
3037 4
18940 18941 18942 18943
29612 7
78406 48498 43023 54404 11943 14372 67661
22864 5
74195 4784 68621 63305 49242
18669 8
69488 40997 69489 39552 3354 28250 69490 42573
21123 5
63585 20531 60697 29152 70607
20501 5
71767 16141 18605 55644 46136
22758 2
74104 11117
27013 7
77055 20958 37380 25974 52060 13611 23385
2275 9
14517 2903 14520 14521 14522 14524 745 14525 14526
25060 7
75842 30621 32604 69152 73359 24636 73205
4577 6
27143 21913 4048 27151 27152 27153
18938 6
69854 15182 51019 60010 57559 65533
10216 7
50572 18715 50573 9045 50574 50575 14076
12677 3
57775 12285 42061
25387 7
76067 60909 68137 55645 40803 71719 50004
16392 4
65965 41828 65680 65967
12029 7
56062 2814 56066 56067 736 25993 49761
7593 7
40948 40953 28930 8108 27856 40954 40955
17000 9
67001 46797 63002 67002 59604 52690 37793 67003 10545
3100 7
19295 17918 19297 7478 19299 11765 19301
10376 5
51082 51083 50756 51084 765
25874 8
76380 70986 74295 1345 27462 56857 63544 25171
26883 5
76979 11418 73902 67301 22994
27211 6
77163 75155 62137 75736 31028 25417
214 5
1459 1460 1461 1462 1463
12532 6
57429 36098 25415 57430 57431 5628
21708 6
73094 68434 18447 29489 17019 32816
18972 6
69897 69898 22256 61440 68028 69899
26712 6
76876 64607 41735 62256 76036 50116
3172 5
19695 19696 19698 19702 19703
17221 2
67363 67365
15650 8
64558 32544 55289 18206 31708 51527 24175 64559
14895 4
62999 30301 7401 14004
15318 10
63877 30262 1042 59815 23544 6766 25615 12895 58153 63878
24173 6
75224 3860 60382 34383 7044 71802
7925 7
42281 42287 42288 1730 42289 27030 11597
2163 8
13839 13844 13846 13847 13848 13849 13850 13851
16825 5
66725 16158 12887 52346 66728
21277 6
72637 72638 43778 38784 66540 61064
20510 8
71778 68344 44337 71779 53745 23036 71780 71781
14046 6
61121 39780 56894 28606 12767 61122
20911 4
72234 43574 65562 21897
5690 11
32606 15914 32607 32608 2079 32609 32610 32611 17305 32612 32613
28385 5
70187 74963 71933 53058 62056
17122 7
67207 13144 54164 24521 53841 67208 67209
345 5
2329 2338 2340 2341 2342
18915 7
69815 24747 69816 69817 859 36853 52360
1795 7
11636 11643 11644 11645 6578 11646 11647
14147 7
61332 40821 61333 61334 7820 7381 55245
5187 8
30176 30179 1277 30180 30181 22124 30182 24318
7140 7
39104 24356 24293 39105 39106 39107 29850
23195 8
74470 1094 72570 5617 27496 19155 29831 54135
28692 8
77944 30848 53527 24880 35606 52704 18492 28928
19796 5
70958 70959 62565 27837 64730
19739 7
70883 26152 16631 48216 68000 60065 70885
11595 8
54855 48860 50294 54858 27664 39786 54859 54860
17301 2
67476 22336
16901 8
66846 15110 8905 65279 8449 54938 49198 62043
28057 6
77615 73460 36329 63291 58586 55682
29717 4
56226 74082 24367 12768
3614 4
22121 22123 8189 2676
12795 5
58070 58073 58075 28551 58076
4095 6
24676 24680 24681 24683 22755 24684
10155 9
50363 8930 50368 47096 50369 49717 50370 25325 50371
16043 7
65291 51467 55251 65292 10820 65293 58242
20609 1
71897
3338 6
20612 20613 20614 20615 17911 4296
22902 6
74225 35863 3034 66904 72346 5930
20195 4
49189 67668 26280 49856
15867 6
64966 57558 56210 22777 16457 23897
5294 6
30707 23290 30708 30709 30710 30712
8194 2
43358 43359
28395 9
77790 56542 37899 47264 57921 269 47899 55267 21204
27858 5
77513 36303 61638 72706 42024
22177 9
73565 27781 38626 49954 57245 35969 65857 51779 46271
23891 5
69855 71298 70080 60616 22290
26125 10
76535 47050 25623 75492 67729 13176 59663 69328 70556 34322
26881 7
76978 34976 72881 6585 13476 6025 51277
15470 8
64197 52973 64198 41373 23111 64199 64200 61391
20800 5
72116 57647 72117 43145 3276
14027 8
61073 61077 26855 29107 61078 5784 61079 36458
5209 6
30283 30289 30290 19089 30292 30293
11794 7
55421 55422 55423 55424 55425 55426 55427
24057 9
75134 73060 69190 43765 54925 64581 325 68447 3663
2428 6
15441 15443 15444 15339 15445 15446
3426 3
21099 21101 21102
29110 4
78154 13874 42964 65391
1589 5
10383 10390 10392 10393 10394
20593 5
71874 18213 71875 53934 71876
12824 8
58142 33202 47473 23891 36265 25788 28769 58144
21440 4
72809 23412 71213 62557
19523 6
6371 9134 70613 49790 58298 27208
25385 5
76065 76066 1008 67632 32383
493 6
3317 3323 3325 3326 3327 3328
27139 8
77122 10290 68142 73276 65372 75177 33524 8645
23560 8
74750 36132 51506 59891 54744 5761 61752 26528
23034 4
74337 37505 64661 43753
28578 10
77885 58058 46162 72777 74481 8742 5500 75221 67400 55679
20673 4
71960 8989 11835 17216
189 8
1282 1288 1289 1290 1291 1292 1293 1295
20089 5
71299 71301 52626 50579 61556
15310 6
63858 19720 31852 14975 32736 62728
13925 5
60828 60832 23968 24328 41841
13732 5
60400 1635 42373 29116 43991
22835 4
74167 72890 11298 62342
12298 9
56797 54436 50596 52547 56798 56799 5606 1557 16428
7357 5
39984 39989 25428 30393 39991
2998 6
18721 18722 18724 18725 18726 18727
4060 5
24492 24493 24495 24496 24498
29687 4
78443 67089 71556 35185
18247 6
68910 10156 14127 19655 66173 68911
15111 6
63443 63444 63445 63447 27784 33966
7722 9
41463 19926 17587 8570 22356 41464 41465 37371 41466
7390 7
40123 40124 2331 40125 17105 40126 40127
18193 6
68825 53165 20267 53273 68023 14555
8084 2
42917 42918
20763 4
72074 62314 35973 8361
4004 3
24197 24198 24199
21523 6
72900 34054 34793 70286 57594 19284
24354 5
75350 74656 34781 37638 66012
16969 7
66948 66950 66951 65787 45439 21813 27059
9801 5
49196 10739 45937 30325 49197
23135 4
74423 47761 62672 47122
20090 8
71302 24893 30539 10066 37663 27999 56228 17856
24876 6
75715 35221 10567 57708 65956 31015
10526 8
51592 39271 51593 51594 51595 25754 6964 2349
1419 4
9336 9344 8841 9345
6985 7
38436 38442 38443 19535 38444 38445 38446
27766 7
77466 25739 76818 41284 36456 22464 5516
16248 5
65712 59282 65713 55641 52856
25773 3
76314 64757 76315
2294 5
14635 14636 14637 14638 9583
14535 7
62205 25118 62208 57534 46301 31438 43972
6115 6
34567 34574 34575 31966 34576 34577
21996 4
46708 69841 51557 21918
24591 6
75519 11016 873 17771 67927 10061
15002 5
63224 59030 47036 63225 37823
19657 4
70788 70792 70793 29307
12416 7
57112 57113 41785 57114 4852 13764 51119
8453 7
44369 35322 34963 44373 42898 20197 16149
24329 6
75332 60105 51265 63781 5816 33448
7527 7
40677 31771 20338 40681 34206 40683 18794
24975 9
75780 20640 41717 28548 70057 28433 9199 29279 13766
13789 3
60518 55487 29483
8623 7
45009 23994 45011 45012 45013 2179 30401
20117 5
71331 63158 49822 5232 66366
25328 6
76026 15049 76027 10443 18901 54014
25430 8
6896 34381 60817 49979 58031 71710 53547 37079
15708 1
7845
16544 5
66254 66255 52878 63968 15550
10306 6
50860 6764 50861 50862 50863 50864
26194 6
76578 50443 73254 16578 41314 23324
20546 6
71816 58668 52464 54891 55964 69432
10001 5
49858 49861 49862 10483 31860
10999 9
53081 52506 19086 8728 28953 15001 45867 53083 22964
27193 4
77154 67900 41313 50906
17679 7
68063 44607 46286 31724 66698 39518 55774
17529 4
67807 58460 991 3941
18568 7
69354 44005 40156 23209 17533 40343 13231
7130 6
39065 39066 25908 39067 39068 39070
17626 4
67980 10361 41410 30107
9882 7
49464 2397 33717 15873 14821 32148 49466
28397 7
39619 14214 61605 43513 50617 23373 56465
11607 5
54884 41886 8399 54886 15018
10709 4
52186 6832 38528 47048
17863 8
68349 4218 68350 14766 27610 19922 34064 57167
26742 6
76895 7242 18139 51734 30205 47230
29319 6
78258 60896 5991 23554 64875 55098
10957 5
52952 29846 52957 52958 52959
12913 7
58364 29177 45842 58367 20089 44733 58257
24070 6
18918 47547 20236 25036 63162 7375
2829 5
17753 17763 17764 3719 17765
20452 6
71712 53959 45216 10227 64254 61119
20740 4
72051 45922 72052 1254
8198 4
43374 22198 43375 43377
19659 7
70794 70795 66512 33316 70796 58857 57195
29290 8
78244 36675 31491 37594 3802 51620 9622 63412
27732 6
41479 48459 44313 65023 55052 1051
6108 7
34541 13918 34542 34543 19928 34544 34545
4425 7
26388 26391 26393 26394 26396 26397 26398
2721 6
17151 17158 17159 17160 7628 8420
22206 7
73598 12117 52519 35522 25781 39521 19798
20502 4
71768 4626 8597 49233
9186 8
47080 47081 47083 184 44333 29428 47084 32069
8810 8
45722 35910 45723 16479 18838 45724 11488 15820
28451 5
77820 75884 64278 26983 46792
22493 4
73848 47061 10528 62766
22686 7
74034 51425 39035 9501 59022 72608 17112
27037 5
77068 54528 40674 10090 61753
12809 5
23033 20986 48038 57249 58110
23547 6
74743 60036 1111 37551 58635 54148
10664 8
14073 35366 27663 12730 52047 52048 9390 52049
24849 8
75694 58484 68280 2097 10620 48606 52765 10711
10726 8
52246 50917 52247 19940 46360 34023 45828 8654
28646 11
77920 1921 74489 5314 76921 26937 9059 23817 23879 65364 60612
25401 6
76076 17029 15796 2373 76077 14030
5156 7
30036 30037 30038 27782 30039 14039 30041
7563 3
40836 29775 40841
15696 7
64649 14046 64650 42714 49940 63857 36984
8023 5
42672 42679 42680 42681 18466
796 7
5311 5312 5313 5315 5317 5319 5320
10076 4
14079 50107 50108 50110
8965 4
46295 46296 46297 46298
9364 5
47716 47717 3393 42466 47718
11086 4
53355 53356 9907 53358
9353 7
47676 43078 47680 23371 23933 47681 3114
2417 5
15374 15381 15383 5564 253
4400 4
26259 26260 8641 26262
16260 6
65733 15183 57470 3456 65734 65736
13989 12
60974 36817 17686 45668 60976 35781 54426 41057 20552 24973 52679 60977
2446 6
15553 15554 15556 15557 15558 15559
28343 10
77764 72097 27144 40686 4842 13656 18003 30786 41580 33160
3008 5
18774 18775 6856 17287 18777
19490 6
70573 34971 30391 35133 50963 35588
15273 8
63779 18517 56363 63475 39873 63782 61751 27374
21584 7
72968 72969 72970 39849 43643 29861 137
1833 4
11864 11871 11872 11874
3542 7
21732 21733 21734 1184 10520 21737 21738
18968 6
39753 69027 2510 51024 37685 13743
26480 5
76747 68658 64028 7700 54414
380 8
2571 2572 2573 2575 2576 2577 2578 2580
9954 4
49705 39720 49706 35094
11734 5
55242 35584 55243 55244 55246
16545 3
66257 4352 35064
28468 4
77829 48085 74895 34085
16618 6
66380 24091 66381 66361 59866 52248
2017 5
12986 5095 12992 803 12996
13112 8
58872 24192 58873 18167 22251 58875 58876 39829
12697 5
19230 32901 57834 15636 57835
4009 5
24219 24226 24227 24228 24229
6484 3
36188 36189 23108
5391 7
31173 25177 12340 31177 16641 31179 31180
10790 4
52430 52431 11264 52433
29932 8
78566 7344 41522 59585 3413 39807 27411 46039
23711 3
74876 43494 58237
24516 7
75462 40559 31204 48511 53946 51753 32549
23067 8
74372 66096 43505 10908 28258 57655 13837 54889
25473 6
76124 71433 49852 75242 17581 61153
12399 5
57071 9475 53723 23145 15699
8603 4
44930 41012 18832 2541
8052 2
42800 42802
15199 4
63624 25146 63580 20437
12206 4
50891 56557 56558 56559
7263 7
39590 39594 29616 39596 39597 39598 39599
26031 3
76476 69834 61412
20428 2
71685 59014
9694 3
48839 48840 11932
13413 12
59623 59624 14513 8027 44994 54359 59625 41163 39092 59626 13342 32047
23266 3
1037 70780 38857
18835 6
69719 39925 69720 69721 69000 45122
2754 6
17337 1203 17338 17339 17340 17341
7606 6
41010 545 26132 13303 41011 16286
27809 3
77487 31202 56959
12378 5
57012 44041 33128 13774 36378
7951 10
42375 2087 25 42379 42380 23985 35805 30703 42381 42382
13090 4
58817 56055 58818 19110
9341 8
47630 47632 47633 47635 20499 47636 20239 37892
29970 5
78585 9318 40055 31002 58738
2427 3
15427 15436 15440
28656 7
77925 42651 48530 29161 43146 3302 13704
19363 7
70411 51703 28084 45773 58610 70412 27476
29871 4
78535 46807 140 65330
15907 5
65041 13137 8435 65044 15280
19498 9
70582 31742 55603 459 42622 70583 60879 54766 17960
18198 6
68830 7013 3676 44495 65994 28261
25176 5
37714 18462 42398 39163 34203
13367 6
59501 6969 59506 34948 57382 26585
11072 5
53318 29228 10606 10122 14041
4722 6
27889 27890 27891 27892 27893 7432
10266 8
50723 50724 50725 13748 50726 50727 50728 31326
13201 4
59077 24013 15257 59083
2025 4
13032 13041 13042 13043
16308 8
65817 58192 65819 57029 65820 61448 29832 50016
1384 5
9115 9116 9117 9118 9120
11773 5
55356 55359 55361 22794 8814
21728 7
73115 17754 32614 53139 69181 32620 73116
13030 6
58653 15994 20858 19954 58654 58655
13787 1
60513
7312 11
39809 39810 39811 39812 12463 39813 39814 6957 39815 16008 15423
10327 3
50928 47089 3062
23362 6
74607 41007 19314 70182 55219 25141
6568 7
36578 36579 36580 36582 16665 7830 36583
16769 4
66647 27486 13111 33980
19457 5
52056 16066 56869 32293 55139
22661 7
74016 37134 16888 28020 16809 62316 6387
19254 7
70295 112 41106 8931 32193 10026 36081
12482 7
57294 31404 57295 57296 57298 50694 57300
23855 5
74986 51787 44955 33090 59246
23703 4
74872 11940 26201 24808
18248 4
32151 18121 3196 59639
14746 6
62678 58950 62680 10447 49527 62681
20783 8
72098 18152 71661 33178 66757 54434 47377 21591
1658 7
10806 10807 10808 6641 10809 10810 10812
17943 7
68471 36102 68472 45950 15390 54303 68473
28622 4
77908 7523 66983 61330
9379 5
47756 47758 47760 4493 29135
10158 10
50383 50384 50386 8082 27819 50388 50389 30051 50390 9499
3325 7
20543 20544 20545 20546 20547 20548 20549
27646 3
77403 71574 36635
24343 6
75342 63407 23955 75343 37177 3593
17419 7
67644 53406 67646 43880 61508 67647 16072
17193 8
67318 53120 55777 38780 2879 28075 6228 66408
1671 4
10881 10891 10892 10893
5133 4
29921 29928 29929 12085
25690 7
76267 17308 37243 50169 65664 15138 59325
8700 4
45310 45311 16866 45312
6824 6
37720 37721 37722 12810 3275 8263
28637 10
77915 72183 70002 32957 41920 5096 9733 66890 45034 35555
26159 5
76554 21332 23095 51904 45272
1278 5
8440 8441 8445 8446 8447
13256 8
59224 59225 5793 10694 56341 39682 59226 59227
28899 7
78048 40892 10036 12431 57088 47838 51769
1851 3
11976 11986 11988
27156 4
77131 52801 56715 56348
29742 5
78471 60474 76206 53045 16870
29357 5
78278 16563 43608 62855 75824
24948 7
75763 23585 22573 73825 41016 70170 61932
16994 6
66995 40247 57985 33176 39828 16046
12 5
84 86 88 89 90
5733 4
32793 32798 29984 32800
3279 6
20290 20296 20297 20298 20299 20300
4369 5
26085 26090 26091 26095 83
15391 6
64038 64041 16001 64042 64043 47960
1541 7
10092 10097 10098 10099 10100 10101 10104
1324 6
8737 8738 8740 8741 8743 8744
15747 3
64755 64758 35877
10824 4
52530 52531 5550 52532
24836 8
75686 62703 16716 51399 18525 58321 35384 33457
29222 9
78210 42547 355 3492 60751 67123 41689 36720 6467
16336 8
65862 65863 65864 38617 65865 31685 65866 65867
665 3
4464 2018 4465
7635 5
41114 23354 3138 41118 33067
6004 3
34066 34067 34070
16189 6
65581 44524 21758 42983 54263 15200
20148 5
71364 51122 69756 61253 52798
6425 8
35927 35931 35932 35933 15363 26125 35934 16544
21563 12
72944 57271 63809 37250 62996 60037 47097 11859 31933 48674 33152 62655
7763 9
41632 41633 12373 41634 41635 41637 29262 39253 20504
25008 2
75806 10514
26424 6
76712 48188 48012 8388 4126 66477
1881 8
12158 12163 12164 12165 12166 12167 12168 12169
20086 5
71297 40099 49589 14702 26994
19296 6
70340 70341 62040 67786 33608 20510
25692 7
76268 40878 37034 74818 76218 60705 74911
28827 5
78012 26885 72614 30977 44083
28678 2
63428 16206
24297 5
75311 43580 41540 26665 5663
18505 5
69268 8974 42176 21542 24730
14865 11
62934 15130 44551 308 4803 28026 23693 62936 61089 62937 16167
29831 5
78515 33896 42248 56865 31936
16342 6
65876 362 65431 13328 65877 65878
7299 7
39744 1688 39749 3421 39750 39751 12727
701 7
4692 4699 4700 4701 4632 4702 4704
854 5
5694 5695 5696 5697 5699
6608 11
36746 36747 13284 36748 36749 36750 36751 36752 36753 36754 36755
25360 6
76052 37777 48912 60147 64816 24463
14140 8
61319 47447 43656 54771 5189 38946 5837 61320
24617 6
75534 71603 50570 13252 68677 15778
27565 5
77357 40578 7435 39279 44072
8999 9
46418 46421 46422 28304 40447 46423 7979 26127 9650
3686 6
22515 20668 22517 22518 22519 22520
16725 9
19243 66576 55231 64400 66577 57966 62817 66578 29003
27830 6
77499 69218 27811 70364 3790 71090
29212 4
78205 36409 27365 61465
11150 9
53548 53549 41408 25515 53551 53552 16040 31318 53553
8233 6
43508 43512 21971 43514 43515 43516
16974 8
66961 54362 38404 13165 66962 66963 66964 27888
8079 3
42894 40270 42899
10556 5
51695 24993 31365 51699 10859
1185 5
7842 6982 7851 7852 7853
27596 3
77374 55787 24754
28900 7
78049 9191 7506 67327 55532 3277 18834
763 8
5094 5098 5099 5100 5101 5102 5103 929
20865 7
72187 57754 48560 4097 37486 32362 23750
2602 9
16465 16466 6739 16467 16468 16469 16470 16472 16473
19324 6
70371 40065 33107 17926 70147 18637
23697 12
74866 10547 43306 74535 31826 33111 67171 74867 34558 43929 68019 50498
14351 5
61773 40034 11930 61776 58749
3366 4
20770 20771 10095 20772
8613 5
44970 44972 44974 30111 44975
6410 5
35862 35864 35866 35868 35869
230 8
1566 1567 1568 1569 1570 1572 1573 1574
12598 6
57580 48629 29717 57064 57582 4498
23554 3
74747 67218 54790
8686 10
45250 45251 45252 24788 45253 45254 45255 45256 45257 27650
590 7
3958 3960 3961 3962 3963 3965 3966
26332 5
76660 52359 43738 7055 70598
16015 5
65233 39309 65236 65028 62559
28554 7
77873 64358 17251 38315 1956 50355 36273
8590 8
44889 44891 23553 44892 44893 44894 44895 1977
14230 4
61503 47742 29783 42285
15080 5
63393 17952 49253 61862 1671
7167 7
39212 39216 6707 11855 39217 39218 39219
14138 7
61315 15298 39453 61316 34977 50669 46991
3390 5
20900 20901 20902 20904 20905
597 7
4000 4008 4009 4010 4011 4012 4013
28510 6
77851 6521 533 52899 40961 49150
24157 4
75211 58951 45616 69499
2816 4
17687 17688 17690 17691
1100 6
7303 7304 7305 7306 7309 7310
5549 6
31926 31930 31931 31932 19864 31934
24396 5
75376 37215 54045 39824 23935
23789 2
74936 12856
993 2
6607 6618
6720 7
37249 25334 23686 37251 13224 37252 37253
24390 3
75372 18729 34127
12836 7
58172 58173 58174 58175 47912 58176 25316
209 3
1426 1428 1429
29311 7
78254 22701 71763 66437 73573 2775 67420
10163 6
50401 35341 50404 10855 46049 50405
19702 4
70844 5625 24621 29606
23189 6
74465 60656 73974 43371 34821 39760
68 3
469 471 397
29464 8
78332 31650 49658 21713 60384 52795 39691 25588
708 4
4746 4747 4749 4750
9120 7
46848 5676 27894 33566 46849 10112 24698
11077 3
9591 18495 47091
16271 4
65750 65752 49018 1329
23423 8
74647 72134 39346 1177 63833 74649 30764 42988
5280 4
30641 30643 30644 30645
18925 5
69833 51071 7068 39234 69837
7426 4
40261 36230 25603 40262
6825 5
37723 29362 37724 27432 25467
29397 2
78298 59451
18323 5
69019 69020 44197 69021 68671
3200 7
19856 9352 19857 19858 19859 19860 19861
13157 6
58980 58982 29828 35468 4469 58983
226 10
1539 1540 1541 1542 1543 1544 1545 1546 1547 1548
2733 6
17217 17222 17224 17225 17227 12464
26073 7
76502 1733 76503 71127 75052 47939 76450
10414 6
51227 51228 34201 51229 43525 29816
12494 1
57341
22436 4
73799 73800 10023 25062
2125 6
13622 5183 13628 13629 13630 11527
14466 7
62050 62052 37756 4866 53367 62053 43390
19354 4
70403 65434 15364 70404
3733 3
22765 22775 22776
11642 5
54988 54989 27655 54990 25419
16135 5
61917 1143 65482 3449 51217
25822 9
76349 73154 42946 50089 23319 3194 48249 62417 29248
4622 4
27383 27384 10315 27385
13747 5
60432 2273 53283 14380 4595
23058 7
74362 816 72576 23303 55375 51089 29863
8248 6
43578 43579 5172 18634 39321 26003
23153 8
74436 21377 7649 43276 51357 52335 70785 55648
14801 12
62788 62789 6516 62790 26894 54444 62791 22277 3263 62792 25880 30198
23888 6
75012 68367 55355 34019 75013 30702
1264 5
8349 8350 8351 8352 8353
7927 6
42290 13840 42295 42296 42297 12846
13858 6
60676 31973 60677 37577 60678 42269
8696 7
45292 43475 45293 45294 45295 45296 31060
29714 5
78457 48057 49939 32991 54969
8972 6
11708 46321 46322 46323 46324 5675
23270 6
74532 44742 24088 72223 4199 68437
3934 5
23837 23838 23840 23841 23842
27500 7
77323 66232 52834 47129 76235 76640 7916
13098 5
58837 58838 55150 16879 1018
9059 6
46626 11188 46631 25369 46633 46634
20822 5
72137 43305 6691 6840 72138
4679 5
26046 27689 27690 27691 27692
27486 8
77316 28357 51445 76553 43095 35184 8315 65903
439 2
2956 2968
16041 3
65287 65290 10043
334 7
2265 2266 2267 2268 2269 2054 2272
9762 4
49070 49071 49072 36213
5190 6
30192 17480 30193 30194 30196 30197
16 4
111 115 116 117
19428 5
70493 31217 31129 59400 70494
17581 4
67899 61213 67903 39980
24558 4
75493 29196 30143 34748
13492 3
59824 59826 59827
12100 7
56262 48139 10152 51068 56263 56264 37028
25903 4
76401 40188 27210 21452
19119 6
70115 70116 49020 68807 70018 3662
20946 3
72271 30068 71164
3635 11
22228 22230 22231 22232 22233 21226 22235 10341 22236 22237 5168
9644 2
48672 7284
21642 6
73022 54836 41917 71561 29388 45018
326 6
2214 2216 2217 2218 2219 2220
22028 4
73421 6844 41780 57017
21804 4
73193 40916 56874 40009
8236 5
43527 43528 43529 2675 43530
25833 4
11354 45500 62499 70091
20458 3
71721 12271 47256
14694 7
62569 10761 12149 46862 41508 37346 62570
10941 6
7166 52912 51003 12918 52883 49116
3675 3
22445 21361 22452
25120 8
75887 13763 47906 59822 57207 13259 51662 75888
7523 6
40662 13266 27082 36399 40667 22099
26866 5
76966 56298 17600 50815 71519
24429 6
75398 36251 3631 28460 42675 47319
15350 4
63945 61532 23305 14691
12620 5
57635 14394 29174 57636 57637
21980 6
73369 53711 9044 71081 36977 73370
22099 5
73491 6334 67882 18960 52091
28685 5
77940 25919 70622 25859 52318
28532 5
77862 19741 47198 31104 15303
6052 5
34288 34289 34290 20635 32728
22156 10
73546 54236 30605 38415 69926 9840 59154 73547 5906 52273
4604 6
27291 12629 27292 10330 27294 27295
17079 9
67130 18993 34815 9448 67131 67132 64460 30081 46108
24413 6
75387 64534 20441 47696 14934 43253
13842 4
25042 59361 57467 57376
12602 4
57589 57590 57592 3271
13851 4
60663 17492 30781 36279
14820 5
62835 59847 48077 16834 52660
16938 5
66902 32978 66903 29691 52125
1732 6
11260 11261 11262 3443 11263 11265
3711 6
22642 22648 6362 3428 8179 10970
23778 5
74928 73995 74929 60140 2598
107 3
725 735 737
1751 6
11367 11374 11375 11376 11377 11378
28285 7
77734 69736 23394 60338 69342 31788 65488
12627 6
57652 5424 37004 40468 19378 57656
11859 3
55594 32186 55596
23275 9
74537 57856 46698 52996 15980 18282 56814 42949 46229
25583 5
76190 43193 4323 20073 72420
24962 5
75771 70195 26071 50684 73226
9548 5
36087 48341 32434 19275 48343
27953 6
77563 65086 30670 56965 50328 55840
15927 8
65080 62590 65083 47276 55058 24622 47290 12714
5352 8
30985 30986 30988 30989 28768 2435 30990 10789
28629 5
77911 41272 72720 57186 72219
1804 7
11700 11701 174 11702 11703 11705 11706
8144 6
43167 22223 43168 30105 17740 43169
14676 5
62536 62537 60030 31043 25253
2536 4
16092 16093 16094 16095
26976 4
77034 73657 24332 1840
24360 7
75353 7497 5829 33065 38429 7841 15415
9127 3
46865 46873 15082
24960 6
75770 22446 14972 4333 27576 64520
8313 8
43821 43823 37796 43824 43825 43826 22469 26613
6053 4
34293 6076 4089 21803
4551 2
27022 27024
19188 7
70215 12592 41452 55071 67310 28245 59267
10417 7
51234 51236 51237 51238 42947 51240 18996
22811 7
74146 60996 64251 16510 43235 68112 58920
24530 3
7392 23540 16590
20405 8
71663 20660 64658 44043 34447 20683 6938 40752
24098 6
75166 5044 39564 75168 64183 40699
22247 6
73640 55719 3452 63348 65521 65444
17577 7
67892 33804 59008 25338 67895 7815 60076
8622 6
15567 27221 5049 29543 8319 45010
18415 8
69146 46232 39091 69148 61000 62264 65096 69149
23763 6
74920 56489 49781 62476 70558 66433
620 4
4160 4162 4163 4164
29929 5
78564 60917 4023 68149 74682
3475 7
21371 21372 21373 21374 21375 8750 12208
20003 5
71190 54187 11603 71193 49826
10426 6
51268 51269 38469 16739 34480 22055
2187 5
13988 13989 13990 13991 13993
8164 6
43242 510 36231 43243 32832 43245
8016 3
42645 31873 41437
12537 7
57436 49776 57438 54442 57439 43703 48633
22021 8
73412 65889 68956 35349 71902 30964 41570 52155
15911 5
65048 57969 65052 57872 33098
19402 6
70456 3426 5088 70457 64979 51896
27059 5
74360 67774 48079 25570 51608
15677 4
64604 58589 33459 2484
25627 3
76217 46211 45812
16194 8
65594 65595 65596 65597 65598 6314 1524 14826
25016 4
75813 44482 14230 59117
7518 4
40649 20426 40651 40652
22424 8
73789 35526 6014 69344 2551 56663 596 41914
10991 3
53055 53060 8972
26769 5
43869 63243 51810 62160 74661
5634 7
32327 32328 9570 32329 32330 32331 19876
6348 5
35582 35583 35585 35586 35587
1971 9
12709 12715 12716 12717 12718 12719 12720 12721 12722
5713 6
32705 32711 32712 32713 29778 3655
28449 5
71959 36987 36292 77819 24706
3448 5
21222 21224 21225 21228 21213
22477 4
73835 54280 19357 58508
21491 5
72858 42316 48689 33973 34150
72 7
496 497 499 500 501 502 503
1289 6
8502 8510 8511 8512 8513 8514
16703 6
66535 24011 66537 54487 36679 66538
15256 5
63745 60063 4470 33801 57057
16816 6
66714 33938 42895 10755 62431 20471
24392 7
75374 44215 58205 62620 72242 75223 12896
16679 9
66492 56163 43554 66495 18126 55772 14229 61467 43560
27763 6
77464 56265 5620 65723 76310 21760
29142 6
78170 69194 53377 36698 44985 42550
17997 9
68551 68553 18154 68554 53400 53670 41175 68555 14548
14444 6
61991 52179 61992 5131 46342 61993
11785 9
55394 55399 37786 55400 55401 43941 55402 30305 9580
12967 5
58497 31480 30936 5048 16408
6979 7
38413 38419 14818 38420 30106 26705 38421
6820 5
19317 37703 37704 7617 24487
20923 8
72244 4379 72245 6490 58442 65145 38579 50125
2804 11
17618 17619 13179 17620 17621 17622 11847 17623 17624 17625 17626
1085 6
7202 7208 7209 4354 7210 7213
10263 7
50713 21740 34673 13210 8384 50716 6852
13836 3
60629 57328 60631
21596 4
72980 22442 31737 61027
1563 5
10234 7022 10236 10237 10238
7057 7
23527 38759 38760 2699 12142 15686 38762
6241 8
35113 35115 35116 35118 34939 35119 35120 35121
24129 5
75192 27444 53988 44860 75193
8679 8
45220 42072 30550 45224 14140 45225 8882 42107
929 4
6184 6195 6196 6197
21862 7
73250 73251 58597 5034 15368 61509 73253
9619 7
48577 48580 48581 48582 48583 7295 38547
5600 6
32161 32163 32164 32165 32166 32167
29895 7
78547 76520 26636 62956 70226 20979 15526
17247 5
67404 41987 20625 14461 47985
14194 6
61432 57931 31005 37909 61433 47880
7859 7
42017 42019 42021 42022 42023 14058 42025
18369 6
69083 5949 53152 6004 49895 68516
18151 6
68767 67597 68768 12440 22890 68769
24121 7
75183 16061 49595 36300 75184 75185 56550
7690 5
41333 41334 41335 41336 41337
16666 2
66465 66466
12724 6
57896 27941 23596 57897 54828 57898
9699 4
48857 46557 48862 16575
9988 7
49811 36598 26988 49812 49813 27309 49814
13194 9
59068 58056 46491 52403 2441 36671 26786 53278 7383
21647 5
73025 65460 3882 29191 59492
18646 4
69466 56722 61944 26488
4219 5
25306 25311 25312 25313 25315
15237 6
63699 7826 63704 63706 63707 61224
14921 5
63056 63058 17487 59944 8896
13412 2
58420 44281
20104 6
71319 21669 52513 68288 63067 21095
11711 5
55183 55187 17954 27950 51298
224 7
1526 1528 1529 1530 1531 1533 1534
17270 7
67439 43799 65780 20276 67440 50120 58814
3521 5
21612 20466 21621 21622 11135
9134 8
46896 46897 3459 46898 46900 41185 46902 22015
29883 5
78541 66435 43268 71613 51574
16072 4
65358 65359 35503 65360
16986 7
66979 42225 37169 14099 66980 48428 64271
15860 4
64955 35961 59888 64281
12424 5
57137 57138 52761 6728 57139
23746 9
74906 5025 33691 62518 59310 33164 18583 18702 64802
9925 4
49602 12367 49609 30502
20068 7
71276 54664 22983 45632 6039 13030 51761
25823 3
35936 37050 37664
20792 5
72110 36861 27430 52384 11526
2439 5
15511 15512 15513 15514 15515
13944 4
58735 32979 38417 33261
1369 6
9012 9017 9018 9020 9022 9023
3745 7
22831 22834 22836 22838 4402 22839 22840
12563 6
57505 57507 53868 57508 15894 4737
1190 6
7880 5072 7881 7883 7884 7885
10951 6
52934 37158 52937 52938 52939 29593
12033 5
56072 56076 56078 56079 56081
6273 3
35257 35258 35259
19499 1
70585
4079 4
24590 24598 15119 24599
6014 7
34122 9185 12363 34123 34125 34126 24537
17150 6
67254 31555 57355 51942 45221 43671
26465 6
76738 64807 25837 76433 32782 57349
28738 8
77968 53753 11004 64015 57720 351 22537 60287
4390 7
26205 26206 26207 26208 26209 26210 26211
29480 4
41680 59092 8265 51919
27527 2
77338 74340
15359 5
63963 63966 36784 39153 51645
12717 6
57877 57881 30337 57550 18357 32251
25370 2
76057 27938
3 6
14 22 23 24 26 27
15726 7
64711 34872 23038 45437 50923 17438 24248
1920 7
12401 12402 12404 12405 12406 12407 12408
26272 9
76625 57274 42673 72099 75536 41052 65599 57366 73170
6967 6
38355 38360 27077 26806 33837 26112
12736 8
57920 27969 4612 26508 25120 57922 20067 57923
9777 5
49110 27457 2880 29371 49117
21636 7
73017 72723 64182 30956 2150 66960 38034
23771 8
74924 25548 69175 39339 60929 32157 33682 28014
13536 4
59924 40745 43017 36383
5180 7
30150 14597 12584 30151 26654 30152 30153
7747 3
41560 39642 41571
396 5
2678 2680 2681 2682 2683
15417 7
5039 26696 52009 52585 13018 7519 14491
18152 5
68770 68771 43201 68772 6338
27834 7
77501 37300 47503 8543 52333 19872 58373
7796 3
41756 41757 41758
625 4
4193 4194 4197 4198
24918 4
75742 36765 74072 59902
5160 5
30057 30058 30059 30061 8784
11889 3
55670 55676 55677
29324 7
78261 51188 13996 66524 65486 31427 69710
6636 4
36866 36867 36868 35907
22699 5
74044 15061 46802 53759 10928
19089 6
70065 35411 70068 52780 8206 52358
28265 6
77724 11147 53500 21515 3085 74213
17191 5
47464 67317 65265 49839 35512
15851 5
47938 39993 64939 64940 26525
24656 7
75561 65587 65512 9348 14317 66303 39074
6785 9
37535 11542 27013 37539 13494 37540 18283 37541 37542
11331 9
54089 1243 54090 33272 54091 46262 54092 54093 54094
22282 4
73675 1272 21535 61799
19372 6
70423 27491 46473 66357 57618 64704
5025 3
29369 27416 29015
24991 7
75792 59979 27678 55296 34978 5727 27010
7034 7
38656 38658 38659 38660 15937 38661 10263
28581 5
77886 36517 39667 8549 66066
19443 6
70510 3977 70514 51673 53286 59648
6835 5
37763 9666 29165 37771 277
19779 5
70938 26934 27985 45404 65935
18143 5
68758 13283 59565 23744 50854
27307 4
77217 7336 33474 65334
22271 4
61342 47211 66245 20404
6782 5
37527 9515 37528 30421 37529
21729 3
18817 59266 52650
13272 4
59265 16487 5863 6754
17262 4
67424 67425 17542 40276
3354 10
20696 20697 20698 20699 20700 20701 20702 20703 20704 20705
24807 3
75666 361 51276
27401 4
77266 51713 51078 4057
12107 5
56274 56277 31280 2361 48190
25963 6
76435 71102 41590 55860 74100 69958
797 3
5321 5323 3463
14496 6
62113 18561 56436 49798 10056 5407
21302 5
72662 3134 59587 25044 68757
14805 8
62797 62799 59767 12198 8733 6325 62248 62801
28391 4
77788 67878 37256 20215
26268 2
76622 76623
20684 5
71979 5826 16227 40321 16814
13481 5
59796 59799 59800 58780 59801
25491 7
76135 55459 22009 70656 49647 70078 5781
3680 8
22478 9445 22479 22481 22482 22483 22484 22485
29545 9
78372 21605 72229 45615 75411 58168 32540 35768 45813
17924 6
68443 53802 21340 62664 14870 68444
21354 6
72713 6491 42387 20156 54238 39001
446 5
3010 3011 3013 3014 3015
18227 6
68868 34269 16978 30921 34591 68871
14139 5
45124 61317 52002 39535 61318
9110 5
30331 36726 45300 46811 46812
26062 4
76497 61083 62919 43721
1141 7
7560 7568 7569 7570 7571 7572 7573
2329 9
14841 14845 14847 14848 14849 14850 14851 14852 14853
19654 4
70787 53365 19050 70374
6279 2
35279 35288
15931 2
65085 24526
1944 7
12552 12554 12555 12557 12558 12559 12560
16578 5
66314 57095 52887 57614 21940
5202 7
30253 28148 30254 22353 25815 30255 30256
10712 8
52198 52199 24409 5963 52200 52201 19519 52202
24802 4
75663 60114 38458 73864
20615 8
71901 46370 67305 40299 71903 55751 1681 71070
14430 6
53536 15120 9871 61963 61964 36998
16425 7
66025 45760 66027 66028 49882 1651 24245
12876 5
58263 58264 58267 4261 58268
22504 6
73856 20334 72733 31493 476 14300
20515 6
71784 6449 44548 50770 11295 71786
456 4
3077 43 3078 3079
24600 1
75525
2271 2
14494 14503
7018 4
38585 38586 38587 17668
6843 4
37799 28183 10932 5042
22030 4
73422 10571 63270 73423
9308 3
16157 47519 47522
20173 5
71397 52380 45906 63451 71399
1631 6
10630 10638 10639 3427 10640 10642
10467 8
51398 34855 51403 7221 8224 51405 15370 46986
6017 6
34129 34135 26516 34136 34137 34138
17925 4
55941 49783 68445 45935
8412 5
44224 20762 44225 29571 44226
29585 4
47767 53554 15194 28394
15367 6
63986 19740 6030 23058 58965 52287
13161 7
28171 8573 58992 58993 58994 58824 13573
26870 6
76970 6413 62234 52681 67074 40417
2863 5
17943 10218 17947 17949 17950
1110 6
7370 7371 7372 7373 7374 7376
19191 6
70217 40531 20846 12420 4258 65201
713 2
4781 4783
4681 4
27700 14856 13036 27702
4903 4
28761 28766 5376 28767
21991 5
73382 69102 2344 40801 22524
4721 6
27879 4680 19603 5970 27458 27887
6408 5
35851 15355 35852 35853 35854
15816 8
64877 64878 3386 64880 7430 56698 38991 63314
21646 4
39294 8148 57362 29506
21176 4
72526 18138 52445 72527
12307 8
56812 29376 56816 56817 4322 56818 56819 56820
24492 6
75446 64077 36557 57615 75358 4772
1379 6
9075 9083 9084 9086 8942 9087
25225 7
75954 68064 53436 5294 11151 14131 54259
12691 6
57815 52036 57819 47457 40327 57820
10807 7
52472 22881 52476 52477 35791 1260 52478
12628 5
57657 57658 57306 38795 11489
10154 3
50364 50365 21969
8756 6
45523 45524 45525 2250 23248 45527
11259 6
53886 53888 28336 36611 53889 53890
4306 7
25760 6470 25761 12774 5958 25762 25763
3508 7
21550 21551 21552 10088 21553 21555 21556
11833 5
55524 17963 35407 19885 7998
28930 8
78064 24263 74975 34655 35372 42839 61911 65275
13189 8
59059 59061 30662 13712 25237 3626 40243 51882
6572 7
36592 36593 36594 36595 36596 36597 20787
17798 5
68254 68255 39881 68256 54842
15900 4
29350 28116 45331 13272
7070 6
38815 38817 38818 38819 38822 26301
11994 5
55966 55967 55968 55969 10730
11471 9
54500 54503 54504 54505 36381 36818 39200 54506 42655
4471 7
26633 26637 26638 18627 26640 26641 13149
20916 6
72239 72240 11920 23764 6630 41403
24452 7
75415 50832 57334 17723 22894 17657 13088
12438 6
57174 49136 57175 5165 57176 20179
28879 6
78038 10291 56170 31621 77070 66410
11790 7
55411 19879 49183 42200 55412 5490 55413
22763 7
68166 32648 19364 44935 49955 8722 48520
20628 2
20922 5811
26191 4
76575 71333 64776 75456
3585 7
21955 21961 11047 8491 6057 16398 13215
20649 3
71935 52872 30144
7955 5
42392 7835 42397 42400 42401
27091 6
77098 61292 56807 27403 61081 35096
8970 5
46312 46313 46314 46315 46317
25862 5
76374 29139 19329 47413 70409
13419 4
59637 9837 3620 32467
9783 6
49129 49132 49133 49134 48952 6386
3362 8
20744 20745 20746 20747 20748 20749 20750 20751
4205 6
25240 25244 13003 25247 25248 25250
29809 4
16177 73100 75152 7929
18244 7
68905 68906 68907 4675 51607 67948 68908
9790 6
49157 49158 49159 49160 46955 29495
29969 5
78584 56545 37745 73639 66934
2682 6
16919 16920 16921 16922 16923 14195
7068 6
38808 7812 38809 38515 38721 38810
21431 7
72797 52092 45120 25660 2859 61204 10258
1061 5
7046 7052 7054 7057 36
15745 4
64753 29871 64754 41612
13257 3
42632 18025 43399
21148 6
72493 64778 70044 69118 34776 22272
8333 5
43904 17350 43912 43913 43914
2165 8
13852 13857 13859 13860 13861 13862 13864 13865
28814 5
78006 64371 30689 2655 20831
1850 8
11977 11978 11979 11981 11982 11983 11984 11985
16477 8
66128 39877 66130 50427 7294 63529 61982 66131
5949 5
33823 33826 5778 26255 33828
5171 5
30103 30109 22718 30110 5133
13739 6
60414 60416 60417 60418 1694 32104
12219 9
56592 32561 48246 33519 56594 56595 36278 56596 56597
16880 4
36895 56587 66808 61054
20008 7
71200 55841 36827 63891 7402 71201 18134
378 2
2557 2559
22118 7
73508 57184 66718 14191 59487 31063 52875
17063 3
20185 42987 53011
14786 6
62758 35484 42768 62759 62760 61953
24659 5
75562 1520 31780 69333 27666
117 7
793 797 798 800 801 802 805
13497 6
59839 28398 59841 2622 59842 29166
17374 7
66352 60309 2249 12574 67592 64864 67593
19969 7
71154 25050 71156 32113 71157 32487 9335
8981 5
46351 15281 46356 46357 5201
1786 4
11587 11589 11591 11592
21106 6
72451 72452 20184 36700 55806 18647
5095 5
29723 29731 29732 4259 6133
23868 6
74996 69139 69866 51242 71099 73958
23609 4
74784 61997 55517 72029
11111 5
53425 53100 53433 32466 17320
2244 6
14335 14336 14337 14339 12755 1957
3981 7
24073 1608 24075 24077 24079 24080 1767
2731 6
17204 17211 327 17212 17214 17215
5419 5
31299 31306 3353 31307 10737
3430 6
21123 21124 21125 21126 21128 18769
16708 6
66550 10595 66551 9970 66552 25502
1443 7
9479 9483 9484 9485 9486 9489 4074
24237 5
75268 12217 53592 15760 1079
19093 6
70074 70075 48183 37480 45901 61367
3422 7
21076 21077 21078 21079 21080 8924 12459
13240 10
59186 30752 59187 56537 59188 37242 59189 14678 47592 59190
27866 6
77518 38302 42725 56031 13415 65269
21229 8
72579 34643 48713 38945 9995 26704 36554 53566
18789 8
55731 26505 35274 69661 69662 29833 35457 54338
28516 6
77854 54222 12379 46629 46675 8953
15293 6
63819 13555 37037 63820 9303 305
4675 7
27662 27667 27669 27670 27671 27673 27674
8914 5
46104 37785 46106 46107 3237
24880 5
75718 16508 13180 52066 2171
180 6
1228 1229 1230 1231 1232 1235
17305 7
67483 27088 18757 49879 65908 35762 67485
27258 6
77191 75912 33126 77192 66076 76425
15865 7
64960 27456 10000 56873 58836 64965 9280
2344 3
14933 12319 14935
24262 5
75286 50356 40777 61436 73620
29953 8
75304 63609 6961 54586 73065 72977 61313 1944
7014 5
38566 38568 32779 1891 38569
28666 5
77931 73073 44606 42209 68698
20872 4
72198 49351 69993 50685
14646 6
44569 62466 49880 62468 50962 30056
15327 6
63898 61734 60666 38059 39678 59915
15645 4
64549 35262 8586 9060
4517 5
26851 2908 26856 26858 26859
512 4
3445 3446 3447 3450
23942 6
75055 16298 6634 74880 75056 14326
12812 5
50062 27254 41108 27300 58115
2857 3
16486 17920 17921
9856 5
49376 49377 43382 45430 42202
8280 5
43686 39008 18382 43687 43688
12387 10
57036 38172 57038 9131 24593 57039 57040 57041 57042 57043
1309 7
8632 8638 8639 8640 8642 8643 8644
16989 5
66982 4285 66278 57813 16873
267 8
1809 1813 1814 1815 1817 1818 1819 1820
25175 9
75922 69591 69547 43457 56618 64871 22596 75595 11256
1227 4
8105 8116 8117 8118
6156 7
33870 34758 13384 34759 34760 23863 34761
6339 4
35542 12102 35547 35548
24284 5
75302 60256 55181 61234 6059
25783 5
5074 3 28360 68840 30908
27579 7
77365 33723 45882 31343 43000 75431 48682
24197 5
75243 20105 45643 35216 69167
8768 4
45572 28865 1244 42709
2392 7
15223 15224 15225 15226 15227 158 15228
27853 8
77510 60278 12606 58855 68422 36518 28608 58726
1156 5
7658 7661 7662 7663 7664
16992 4
66988 6396 66989 66990
17774 5
68210 54709 19735 15740 68212
2157 4
13804 13812 13813 2255
4883 10
28658 28663 28664 28665 28666 28667 28668 28669 28670 28671
22993 6
74305 57405 58728 40697 72467 23790
24166 4
75217 75218 15125 47051
8709 4
45341 45346 7299 33497
9290 6
47452 47453 36160 5035 43617 28494
24448 5
75413 52465 11796 49853 24557
23779 6
74614 60913 24807 63271 49958 49907
9612 6
48563 2546 48564 21543 17966 48565
14268 4
61591 61592 61593 17655
22332 4
73717 11655 69793 38878
384 5
2599 2600 2602 2603 2605
8049 4
42781 42785 42786 17640
22588 5
73936 38437 43323 52317 32883
1292 8
8527 8528 8529 8531 8532 8533 8534 8535
7817 4
41842 41846 41847 25748
6009 6
34086 34091 34095 34096 34097 34099
27229 7
77173 69972 31322 32574 69425 64678 67924
25127 6
75892 24468 31940 20195 37381 51711
11804 6
55451 14551 24736 55452 32835 55453
13946 4
60871 28096 54366 59278
14702 5
62583 27869 62584 784 21463
9742 4
49009 49010 15134 2759
23068 7
74373 11543 62629 54722 18118 57105 45549
25519 4
76153 62366 53261 57759
16746 8
66619 53079 60722 30264 63549 22171 32393 45638
13540 6
59934 7552 59935 49182 23614 59936
20881 5
72203 52291 44276 29674 72205
2567 5
16258 16264 16265 16267 16268
6673 6
37024 25612 37030 37031 22772 18026
27159 5
77132 66392 21381 24770 46463
15638 6
64540 64541 63805 24734 30079 64542
2790 5
17544 17546 17547 17548 17549
9535 8
48289 35232 48293 9938 48294 48295 5476 20217
8160 5
43229 43231 43232 4798 43233
10672 6
52068 52069 47132 30583 48351 52071
29692 5
78446 69235 24458 33761 59904
23785 3
74932 41507 71021
2065 4
13273 2808 13280 13281
25250 4
75973 53938 69705 47016
27516 6
77333 73409 55070 14822 59540 24309
17227 6
67369 39534 67371 7687 67269 67372
26172 8
76562 3511 49871 76042 16543 69286 68394 48097
24707 9
75591 26010 7491 5132 11671 38386 30739 47559 24810
370 6
2501 2502 2504 2505 2506 2507
5270 6
30586 30587 30588 30589 23569 30590
21256 3
72611 22440 1510
29966 5
78583 74265 33859 17289 52021
12344 3
48067 56919 56920
20230 6
71465 71087 48807 5146 37392 68552
16053 5
65311 65312 65313 65314 62252
15661 7
64575 64579 64580 44308 29591 24845 59411
21690 7
73077 19253 49687 56640 73078 57238 73079
5101 6
17559 23737 29755 25140 29756 29757
6631 6
36839 36844 14573 36845 21107 36846
27192 6
62196 47351 1980 68491 44119 38166
20406 5
71665 8210 62913 51746 64536
990 4
6594 3712 6595 6597
21885 4
73274 71678 73275 49481
8584 9
44867 44868 37801 44869 44870 44871 44872 25657 44873
4292 3
25690 22492 25691
9726 6
48955 39745 31979 45112 48956 3496
19425 7
70487 70488 56567 9090 1907 30094 50674
18160 4
42351 33514 63992 68783
17182 6
67300 24887 1770 52022 67302 11946
28102 5
77640 56801 22158 27322 48750
14757 7
62696 62699 38076 15359 62700 62701 30175
5626 9
32285 32286 32287 32288 32289 32290 32292 32294 28898
17945 6
68475 2924 68476 15220 67477 45269
9173 8
47026 45956 26967 47031 47032 6406 47033 47034
26334 5
36644 43161 10220 42769 30536
21425 5
72791 27720 61126 37402 59437
17173 6
67283 67285 22704 46947 67286 42730
20687 7
71981 38685 68110 71982 20907 63046 60245
18944 4
69861 39466 53614 69862
16181 5
65566 7091 14915 65570 21661
27125 3
77115 17665 29766
14342 4
61758 35810 21275 9582
19376 4
70427 70245 27118 70428
3128 6
19452 19453 19454 19455 19456 11209
17948 4
68482 45482 28067 28082
11989 6
55952 145 24942 27211 55738 55954
17805 5
68264 54038 27494 18603 53054
22015 4
73402 63159 29442 19612
1131 4
7496 7503 7505 7507
21434 5
72799 15229 72800 56186 5012
25032 6
75823 25882 12764 44577 72964 62984
24754 9
75627 31782 59848 72958 24881 7770 6768 75466 73807
25717 3
76283 74122 11192
17732 4
68151 68152 52697 21251
23510 10
74714 71726 37437 74219 68262 29860 7367 74715 63888 20068
8416 6
23680 44237 40940 15549 44238 18931
24879 7
75717 42903 25379 36414 65590 31548 55027
12063 3
56162 31107 52213
20395 8
71650 17938 21761 53884 47499 71651 7019 34952
9866 4
49410 33698 48522 49412
4532 6
26932 7049 22744 26933 6586 24108
9917 7
49572 32375 9999 49575 49576 49577 19162
2311 7
14731 14736 14737 14738 3430 14739 14740
16794 5
35378 57806 9645 66685 44285
15224 3
63675 61817 63677
9710 7
48892 44248 13349 19217 48894 48895 48896
21420 8
72786 72787 72788 50261 647 62611 48543 60154
22486 5
73842 25901 18169 44943 73843
7688 6
41326 41327 41328 39056 15453 39297
17007 9
67009 34773 53683 55559 48199 67011 30000 32847 60128
20192 5
71422 16185 13654 10967 58821
24099 1
45538
28096 4
77637 28019 10196 18608
18574 4
69361 61112 69363 36154
23962 4
32022 63486 37531 52743
1406 2
9254 9255
5901 5
33591 4768 33597 33598 33599
133 6
902 911 912 913 914 915
6079 5
34403 34409 33436 3821 34412
23660 4
74832 29276 54841 45168
5353 3
2794 9076 30991
13152 5
58971 58260 27078 8754 47449
28253 5
77718 73345 10209 10601 31331
20608 8
64387 71898 69643 58489 23726 47072 34632 3805
399 6
2690 2697 2698 2700 2701 2702
10256 8
50695 49321 29065 32818 44032 30573 50696 50697
16985 5
66977 47822 40808 47833 32040
4813 5
28323 2748 28330 28331 28333
16414 3
66006 37828 61685
9090 6
46748 14959 30862 42568 18261 36662
3968 8
24009 24010 24012 9803 24014 24015 24016 24017
2491 5
15816 15823 15825 15827 15828
18544 6
69325 54897 37871 17031 10074 50091
5145 7
29975 10751 29980 29981 29982 29983 29985
20551 5
71820 24827 7825 71821 28065
12970 6
58506 46373 8413 33996 58507 15669
5442 5
31425 8884 31426 22448 20240
10152 4
50357 32483 50358 32238
6733 7
37299 37304 35281 37305 37306 37307 26316
19022 3
69979 52721 56787
12204 5
56551 56552 37115 56553 22350
16817 4
14429 32010 52438 14763
18594 6
69388 38142 69389 66163 5226 15485
16830 7
66733 53164 66734 66735 24426 59222 26051
28315 8
77750 37417 67148 34355 69345 2826 47842 41278
17965 4
68503 11084 8273 11766
5158 3
30047 16330 30050
29297 4
78247 77805 36600 58775
10690 3
52123 52124 42293
480 4
3240 3242 3244 3246
27626 3
77392 37226 47184
4664 4
27606 27607 27608 27612
13955 4
60895 60897 25576 57037
11187 7
53657 14909 53661 41523 53662 50735 46371
20150 5
71365 67852 41280 52038 34846
7252 6
39550 39551 28771 21335 30307 39554
25158 4
20001 32708 57901 65905
2799 5
17586 17593 17594 17595 17596
29565 6
78382 74015 6569 77296 55916 21931
7519 5
5218 40653 29339 40654 40655
27142 6
77124 72031 73631 40519 21484 64748
21954 6
73341 36436 15332 41541 33302 60741
3906 6
23689 4276 23690 23691 12236 23694
507 6
3406 3412 3415 3416 3417 3418
8757 5
45528 45529 45530 45531 45532
7325 7
39857 39859 39860 13891 39861 39862 32672
26406 3
76702 1379 48043
10042 6
49991 46695 5219 49992 12470 22747
14096 6
61225 61226 22971 42465 44421 61227
24172 6
22063 29579 26021 73577 23807 59654
8880 3
45969 45971 45972
26153 3
40809 9343 31090
16550 6
66265 884 66107 62781 66266 66267
23311 3
74566 48657 18012
8541 2
44707 44714
20119 5
62993 5230 28860 13347 67692
28098 7
77638 30052 67143 36079 70646 13439 64507
22782 5
74121 30593 50189 47247 68656
23416 5
74642 3897 4581 1642 60463
10562 3
51715 51716 51717
4198 6
25211 16908 25212 25214 5953 25215
18157 4
68776 68043 17311 32744
895 6
5960 5967 5968 5969 5971 5972
24324 4
75329 68670 68405 33077
7578 3
40891 11568 40893
10310 7
50875 50876 32423 50877 31552 16916 50878
4365 6
26063 26068 17870 26069 26073 26074
19480 6
70559 68863 356 20019 47265 57560
29961 5
78580 69140 23379 44517 47737
24568 6
75498 404 56668 20155 74526 70137
3596 5
22019 22020 16753 22021 22022
21226 6
72578 30388 45694 29707 43591 63936
25451 7
76110 12749 16817 32694 38462 32177 25507
11528 5
54679 10953 36412 22072 37672
24649 5
75557 68835 58385 50229 14711
12000 7
55984 34834 35454 54764 13972 18556 24597
6866 4
37907 9384 30403 12610
12879 2
58271 30508
25474 5
76125 76126 73462 31596 20092
18768 3
69632 20621 69633
11098 6
53387 16280 53231 50888 24604 7567
2899 5
18147 18153 18157 18158 18159
14588 8
62330 1827 62331 62332 25550 32068 48777 59566
7696 3
41363 24856 41365
27220 10
77169 31261 27282 39737 31509 61434 34865 48590 55032 46936
22160 7
73549 34535 73550 35025 54853 53870 64514
19374 6
70424 64605 61195 46650 70425 1505
4216 7
25297 10594 25298 25299 25300 4829 25301
14968 4
63155 63156 22010 63157
17216 4
67356 37246 66165 45398
8189 4
43339 40693 3982 43344
5028 6
29383 25398 29384 18071 26997 29385
29601 3
78400 50588 11633
13138 3
58935 13076 17756
7970 5
42458 11309 42460 42461 42462
6252 6
35168 35169 35170 35171 35172 35174
10505 6
51522 51525 51526 5126 51528 51529
18900 10
69798 69799 6043 38642 30364 69800 38351 62157 24029 48200
4713 6
27849 27850 27851 27852 27853 27854
25629 7
76219 27053 5742 24366 61741 28791 19117
28152 6
77665 68218 61456 48531 32075 64884
14409 4
61912 60610 14141 47266
5879 7
33480 33486 33489 33490 33491 32843 15805
4993 5
29206 16649 20344 29214 29215
15200 8
63629 2201 63630 58233 29299 53140 62130 36037
13768 6
60469 44123 60470 24934 29947 60471
7236 3
39489 16998 20037
14561 5
62265 43695 35626 55323 43087
5710 6
32697 25875 32698 32699 32701 1024
8183 5
43317 43322 43324 12946 43325
16916 4
66868 14842 38549 66869
2516 6
15975 15976 15977 15978 15981 15982
14029 5
61080 10033 34082 61084 812
11375 6
54226 11619 54232 12833 52848 54233
1107 5
7343 7352 7353 7354 7355
8466 4
44428 44429 44431 6193
9475 4
48092 41268 5619 47456
6888 6
38008 29416 1305 14490 33796 1226
10704 7
52167 52168 52169 5610 52170 15099 52172
28536 9
77864 35996 64919 65271 2517 2719 72 26532 64616
3859 6
23430 23436 23437 23438 23440 12352
13158 4
58984 15616 2615 58986
8778 5
45611 3193 45612 45613 15241
26554 4
76788 7924 74312 9817
26303 7
76644 10424 51181 42747 63320 13775 71470
14488 6
62095 44335 34716 61229 31220 44274
6386 6
35752 35753 21842 35754 35755 35756
24769 4
75637 23961 71148 52696
15537 7
64335 62038 63530 63788 58774 19679 38359
20034 6
71235 47404 65759 71236 67696 30810
11857 3
55591 48592 15813
10275 6
50755 50759 27503 5571 50760 50761
12407 6
57089 57093 36871 47544 53036 35264
2960 7
18506 14201 6061 18507 18508 18509 18510
15258 3
63749 24929 48661
15324 7
63892 63893 890 63894 32719 35744 55877
1576 4
10313 10314 4933 10316
20748 6
72060 72061 57746 1864 64733 47993
8950 10
46238 30949 17095 46239 40255 13450 40937 46240 46241 41946
27982 4
77578 37409 18980 38595
14950 4
63114 63116 63117 49483
26669 6
76851 55184 29500 48266 47465 25587
24695 7
75583 58163 57164 17383 14539 43964 26787
1109 6
7356 7363 7364 7365 7366 7369
28610 6
77901 24126 77837 24287 22203 60854
25883 8
76386 74680 73781 71121 67710 69206 76387 24404
14334 6
61740 3617 32452 61742 61371 29322
6415 6
35882 35887 24922 22258 15733 17721
4730 7
27928 2930 27929 13243 19886 27932 27934
16507 6
66181 66184 19966 43164 49249 50628
29777 7
78488 5603 63855 76047 23823 62901 69369
6543 2
19668 36469
28873 6
21302 28382 9596 72672 67482 31832
23244 3
74511 3066 57351
18500 6
69262 26892 47126 61134 49734 1766
22658 4
74014 59317 41816 41196
14214 6
61472 16243 23495 3231 47597 43147
5924 5
33705 33706 1166 33707 33708
9302 6
47495 47496 14114 17396 47497 22716
9948 2
49686 39288
3642 4
22273 22275 22276 22278
2894 5
18125 10685 4532 18127 18129
20241 2
71476 67554
22026 9
73419 58476 8879 19766 73420 23273 28161 33900 56811
22562 4
73912 59444 73913 51554
26399 3
76697 76698 73493
17530 5
67810 50548 39053 40265 38440
13422 4
59645 59646 14892 15098
29752 4
78476 68874 47376 58023
8020 6
42661 42662 42663 42664 42665 42666
24698 3
75585 6077 39724
12759 4
57981 646 13560 34016
10903 8
52787 16175 52790 52791 47318 18388 47984 4073
11832 5
55525 24607 25190 1484 32481
18339 5
69045 69047 33324 14086 54026
5508 5
31731 31732 31733 31734 31735
23269 3
42508 6450 74531
18787 8
69659 60881 531 49165 18124 15296 49754 42352
22871 9
74201 36375 25307 58707 20099 33628 69141 65545 4677
3978 8
24065 9425 20765 14016 24066 15524 24067 24068
17680 4
68066 62837 68068 4343
2285 5
14576 14584 14585 14586 14587
9774 5
49105 49106 49107 16324 26797
21165 4
72513 10015 9196 60941
20137 8
71352 71353 18021 9811 41623 67840 45863 4330
22721 6
74063 4819 42059 51129 46441 36307
20048 5
71252 71253 69945 59306 35352
8855 6
45875 45876 45877 42724 45878 45879
15500 7
64264 4889 45768 42208 11056 37592 64265
20022 2
71221 18132
24161 8
75213 75214 23603 42771 73401 19611 58530 63815
20411 5
71668 26651 2324 2837 71669
21545 5
72924 42274 59535 45187 32314
16132 5
65473 62593 65474 65475 46870
4580 5
27166 27167 1367 27168 27169
103 8
697 704 705 706 707 708 709 710
19788 5
70949 36959 12357 53019 48960
7666 5
26952 41241 38237 41242 20929
27924 2
77548 45736
253 6
1714 1722 1723 1724 1726 1673
13717 7
60366 60371 46109 26174 21959 27005 46021
1351 6
8903 8910 8912 8913 8914 8915
8850 8
45860 28501 5384 40911 9353 18469 39920 45861
17703 7
68103 41556 57451 20810 68104 1369 28840
2191 5
14005 14013 14014 14015 14017
6589 6
36663 36668 2547 36669 36670 36672
10009 6
49884 49886 30652 32763 49887 24551
16790 7
66677 66678 48751 17057 58923 66679 45712
29497 5
78348 75801 4405 10517 62997
17580 5
33440 67901 38850 49475 67902
2239 5
14297 14302 14303 14304 14307
9636 5
48643 48644 48645 15392 24491
12435 5
57161 57165 30761 57166 17322
20263 3
71503 61201 46956
29741 4
78470 36544 28140 75791
4935 5
28918 28923 28924 28926 28927
2297 5
14646 14653 10897 14655 4239
18217 5
68857 40967 54654 48623 68858
15659 6
64573 23002 16736 47287 48413 50660
14248 8
61543 52263 28151 31707 60364 61545 61546 61547
24076 6
31836 1013 63379 44185 63057 60360
22627 7
73977 73132 13550 38207 37112 26273 61718
22057 3
73448 55415 64723
777 6
5182 5190 5191 5192 5193 5194
16128 7
65464 19333 33948 59223 2825 30346 22042
17042 6
67072 473 60789 36443 65711 51614
12001 5
55985 1365 11921 55529 55988
6779 4
37510 37514 11002 59
13324 4
59395 45027 59396 32369
21108 5
72454 72455 36263 4210 2294
20342 7
71597 15926 55020 71598 71599 29261 54979
13055 5
58720 58723 58724 58725 40234
13660 5
60234 60235 25138 2151 48653
15452 2
64168 19591
9929 8
49620 31858 49623 49624 49625 49626 49628 49629
12555 6
57487 29147 39318 12410 49236 7634
1311 4
8646 8656 8657 8658
445 3
2129 3005 3007
27201 7
77158 71965 19990 75620 11924 53103 40140
22910 5
74232 48962 47568 66253 65404
14636 3
62443 15582 62445
24292 1
75308
12582 5
57547 15456 1198 57548 52094
4267 6
25556 25562 25563 23810 16219 25565
4850 3
28500 18063 10089
7944 5
42357 42358 6628 42360 9214
5937 6
33764 33769 24490 33770 33771 33772
8188 5
43340 43341 43342 17496 43343
4285 4
25649 25654 25655 25656
407 5
2741 2749 2751 2752 2754
7555 7
40796 40800 32245 11582 36955 40804 40805
25161 8
75914 65348 961 56986 58846 46526 74559 25912
13866 3
60698 47959 30863
12701 8
57837 36049 57839 31875 22802 57840 34287 7850
4465 6
26603 26609 26610 26611 26612 19241
22849 7
74181 56224 44922 59286 58157 60863 46718
1649 5
10744 10752 10753 10754 10756
19013 4
69965 20526 59418 69968
16654 6
66441 58281 65176 66442 39625 42007
6826 5
37726 27636 37727 37728 37729
1005 6
6684 6690 6692 6693 6695 6696
9022 6
46502 28817 46503 46505 46506 46507
10935 7
52894 26456 52896 6867 52897 52898 7025
10258 7
50701 26230 50702 28475 13443 39839 50703
22804 4
74141 73013 25723 31450
15255 4
14978 63744 45093 20258
9761 9
49066 26047 49069 16239 45159 6242 10186 40149 4377
28628 4
9144 20281 69058 22029
11633 3
54960 54963 54964
8370 6
44062 43467 39866 11780 24268 18449
27001 8
77049 62780 73724 76037 37413 16375 62127 55147
7724 5
41470 41472 17848 41473 31420
14467 4
26831 56286 8498 62054
585 4
3918 3925 3927 3928
2645 8
16697 16703 16704 7972 16705 16706 16707 16708
19611 6
70730 40414 32216 41405 62502 61583
26706 5
39465 54336 63873 63173 32450
18032 6
68605 38329 26529 49308 31618 68607
18298 6
68988 68989 68990 63081 42040 50996
27718 7
77442 17567 1947 65926 51808 21212 19618
8787 7
45639 22905 30451 41489 11970 44991 17138
4184 6
25133 25134 25135 25136 19115 24370
19837 5
71001 3699 71002 68124 51899
12541 3
57446 57450 32001
28069 2
77621 76973
15598 4
64456 24558 64457 64459
18906 4
69804 54489 63964 7420
6614 3
36773 36774 36775
24803 5
32805 366 72433 46709 66328
22289 6
73681 58485 63991 15539 55084 60755
21517 7
72889 72891 47252 6802 59631 9602 38039
18079 6
68666 24372 10667 68667 55493 34197
3546 6
21754 21755 21756 21757 13027 21759
19851 7
71018 17186 6247 26202 54896 71020 66834
4017 6
24257 24262 24264 24265 24267 17575
3480 6
21399 21400 18163 15290 21402 21403
402 1
2720
6231 5
35069 21249 35076 35077 7416
16223 6
65654 4951 62769 65658 51812 37258
8919 6
46120 46125 46126 41630 46127 46128
22706 8
74049 55082 7498 74050 39742 66069 47701 15035
22900 4
21315 26668 9783 65643
21580 5
72963 56846 33729 65978 62917
13276 5
59273 59274 36832 23862 59277
6482 5
36178 36179 24252 36180 36181
23078 5
74379 39100 566 74380 24138
8617 4
44984 44988 44990 13888
11296 6
53987 31324 51199 25805 53989 53990
4150 6
24966 24967 24968 23219 18464 24969
15461 6
64185 7702 56472 41549 34039 44266
4449 5
26513 26521 26522 26523 26524
28552 6
77872 28495 39381 8028 48472 64982
3198 2
19847 19848
12569 7
57518 9397 38497 51287 39307 9701 57520
10027 5
49937 49945 49946 27989 26573
16911 6
66860 62345 62425 62421 64378 53540
26641 3
76834 46037 59296
10444 5
51330 43153 51331 51332 3432
24826 5
75679 65869 65563 9697 59026
8744 5
45480 45481 45483 44817 45485
614 7
4118 4119 4120 4121 4122 4123 4125
14188 8
24209 28835 58973 34692 61421 50700 42160 61422
25856 7
76370 65646 44030 36229 70718 41873 36129
1067 5
7083 7092 7093 7094 7095
21241 9
72588 10426 72590 63136 26745 37077 18472 70571 53284
28350 3
77768 64726 35726
22609 4
73961 49022 41116 49126
12492 7
57332 57333 31184 43624 7206 33384 15595
25552 4
76171 56971 71955 47386
7721 8
41457 38690 41458 41459 41460 41461 41462 13031
25397 6
76074 24357 65541 8326 42977 48300
12209 6
56562 54612 14867 56564 23487 56565
21333 2
72690 14602
5050 5
29497 29498 29499 29501 29504
12245 5
56653 56657 53308 13357 45731
23884 5
75008 75009 4896 70553 54867
14327 7
61725 55872 16599 25715 61726 61727 15865
17845 7
68318 26714 68322 52997 63160 49358 47064
5135 3
29930 29938 23047
24015 4
75108 38411 51340 30461
16852 5
66766 61968 29144 65811 35337
17681 3
63798 61358 21098
25743 4
76297 63521 24714 26179
7386 3
40110 40111 11772
7460 5
40405 33458 17286 3981 29130
24026 5
75116 40731 46808 45846 60939
16237 7
35501 65690 40061 49590 26441 48745 21894
7041 2
38684 38692
23110 6
74404 71071 39681 58829 9496 68189
24309 7
75318 53932 18058 31761 5943 48432 40020
2416 6
15375 15376 15378 15379 15380 97
18540 8
69318 55628 31533 31334 38831 13855 42363 53395
5644 5
32374 32376 32378 8004 32379
21510 4
72883 49660 71582 22512
3875 5
23518 23526 23528 5901 23529
25538 4
72714 30498 6834 52749
14040 6
61107 36328 50871 38332 42956 12777
11146 6
53539 25589 42038 27728 20054 49320
26106 5
15643 33949 75665 6257 21833
16822 3
66721 23008 66722
6326 6
35494 35495 35496 35498 27564 235
19268 6
70309 9051 45745 1825 49364 9656
5303 4
30741 30748 30749 30750
6958 8
38318 32733 36056 38319 38320 38321 38322 38323
16808 5
25622 33939 13335 66703 66704
24249 9
75274 32088 70676 5105 75275 31254 54740 65173 12010
9350 2
47669 47670
3731 5
22752 22760 22762 22763 22764
18874 3
69763 18259 26284
20197 5
71426 14891 24877 69185 21983
2164 3
13853 13854 13856
17690 6
68086 68087 27538 66446 8109 31693
8803 5
45696 45699 45700 45701 6828
17988 5
68540 6438 37010 68541 6662
12659 7
57728 52434 7562 38507 52191 57732 55376
19478 4
70554 4209 70555 25861
2338 5
14898 14900 14901 6884 14902
18658 2
69480 26677
23786 6
74933 6872 74444 74934 11882 74935
24283 8
75301 26270 16216 18365 21859 8691 73142 44029
29695 4
78447 22054 59946 59857
27480 3
77313 66436 65406
16139 3
65489 65492 65493
23606 5
74783 68041 24049 67611 22533
9521 5
48238 48242 6150 48243 32509
22164 5
73555 52551 65660 16166 58638
12352 6
56939 56940 56941 19342 34420 56943
1521 7
9967 9974 9975 9976 9977 9978 9979
29120 5
78159 10269 36911 59287 22254
1244 4
8219 8220 8222 8223
14923 7
63059 4992 59009 12004 63061 63062 46023
11880 3
55650 16106 43922
18133 3
68744 23612 15611
18347 7
69055 68058 2182 59720 534 54850 52224
6238 3
35104 16960 31082
23101 3
74396 8613 66606
22148 4
73538 2616 69940 42411
24049 4
75130 59124 60852 2812
2359 6
15023 15029 15030 15031 15032 15034
14381 6
61846 52711 61849 61850 12632 61851
15137 4
63501 63504 56443 34181
5643 6
32365 7600 32370 32371 13973 2127
8048 7
42782 19142 36310 34178 42783 34622 42784
5570 5
32023 32024 32025 32026 32027
24260 6
75284 63679 41433 41748 54666 75285
17230 5
67377 67378 67379 14398 5077
23626 4
74800 14989 39763 71994
6625 5
36813 36819 33475 31844 36820
23265 6
74527 58656 29021 19571 54196 71966
29980 8
78590 27629 5067 70166 69452 62534 50990 63388
5650 10
32406 237 32407 32408 25303 32409 32410 4046 32411 32412
25407 5
76080 55710 57984 14614 6250
17914 6
68429 54136 56913 68430 68431 62227
26784 5
76918 507 63773 27132 28185
9467 6
48060 48065 48066 22147 48068 42599
16301 6
44627 1789 46755 64633 28846 65808
21929 4
58330 13011 13052 69649
18533 5
69306 69309 26474 6152 76
1247 6
8231 8238 8240 8241 8242 8243
27147 7
77126 14805 50153 30562 33523 60553 59326
25509 7
76147 4856 52641 2974 4918 70118 76148
10623 5
51917 43509 11965 50446 26694
5491 8
31642 31644 31645 22532 31646 31647 30400 30553
8781 5
45619 12699 44065 24570 45625
22591 6
73938 18310 37980 19865 34336 20757
26524 5
76773 25016 41366 43610 1750
1627 7
10603 10610 10611 10613 10614 10615 10616
15811 7
64866 11462 20392 17203 28785 4490 43252
16426 6
66029 7099 55212 17874 8229 11962
29350 4
78275 32668 67770 72269
16230 7
65672 63137 65673 65674 37472 40439 34248
29211 1
78204
7790 5
41737 41738 41739 24238 2810
18107 2
68702 66618
29428 4
78314 27046 67484 30100
5041 6
29445 3362 26005 29453 29454 13414
25212 6
75947 1191 74648 7204 15846 32658
2300 4
14668 14669 14670 14672
11801 10
55439 55442 55443 5327 31161 55444 51015 55445 55446 17237
29649 6
78424 61721 44459 40973 66656 26545
9019 6
46490 15814 19133 46494 46495 46496
10826 3
52540 52541 25540
4582 6
27177 27178 27179 27181 27182 27184
9271 6
47378 18986 47382 47383 47384 47387
6832 4
37754 37755 37757 7591
2713 6
17102 17109 2972 17110 17111 17113
4509 2
26811 26820
21463 7
72831 64855 44821 25642 68954 64012 66883
18762 3
69627 30484 12613
11038 5
53202 53203 53204 38922 28202
5199 5
30235 30242 30243 19330 5687
22963 6
74275 65803 67967 11024 63801 70579
6716 7
37230 37231 37233 37234 37235 37236 37237
17912 7
68428 66016 21831 10397 17927 33311 18805
22690 4
69470 51213 7469 65436
9075 7
46689 27209 46132 46692 36339 16868 30046
152 7
1040 1041 1043 1044 1045 1046 1047
4506 7
26802 5056 13818 26803 26804 26805 9576
28809 6
78003 19334 77331 36687 29970 21904
6895 7
38029 38035 38036 20101 2275 38037 38038
21441 7
10014 56654 8988 45669 72810 9251 41907
22964 5
74277 32857 16889 51834 67077
28737 6
77967 67176 20261 16651 26353 72779
16240 5
65698 65699 58942 15588 65700
10851 6
52622 52628 52629 34492 51686 52630
12786 8
58050 57987 58051 57466 17648 18533 58053 19691
11438 5
54416 48712 9812 41592 31345
4736 5
27952 27953 27954 27955 27956
12381 9
11277 57022 57023 50248 316 57024 53701 27657 56328
4872 3
28605 17275 28609
23539 5
74737 12788 14323 53448 12812
2241 6
14308 14315 14316 14318 14319 14321
23729 4
74893 55314 69054 33614
5584 4
32087 25360 32090 32092
10000 6
23761 49859 49860 8954 20987 18827
17372 5
61820 26318 35380 34170 18743
13329 5
59406 23628 59409 52659 59410
9939 6
49656 26621 49661 49662 47023 28736
27583 4
8866 57597 54171 66013
17951 6
68485 61170 2781 7706 66065 68487
19078 8
70051 43749 3912 53750 4872 44926 63408 13190
14197 6
61435 61437 23995 427 53274 28515
10441 4
51314 51321 51258 51323
27269 7
77198 5292 56926 41899 71733 66926 6346
19065 4
70031 2388 5485 70033
12458 5
4329 43185 46462 27830 57231
29913 3
50257 70928 74790
3061 7
19068 19074 19077 19078 19079 16859 19080
10399 4
51166 41154 13463 438
16742 3
66612 66613 66614
13008 6
58590 31123 45833 58591 58592 58593
11145 6
53533 39293 53537 46754 35154 53538
8427 6
44275 23849 44280 44282 44283 12152
9786 6
49142 23579 49144 8859 49145 49146
5941 5
33782 33790 21525 12235 33791
24268 6
75290 10158 20894 38776 17715 66287
8652 3
31820 19197 5018
16081 9
65379 34213 65381 39671 62638 64194 3113 65383 42245
26698 5
76869 68752 48690 11121 72805
22402 4
73772 35108 5242 24321
9185 5
47074 27139 44006 47079 15307
3282 5
20311 20312 20313 20314 20316
10685 5
52108 39834 2444 44244 44822
14184 9
61413 54799 61414 58620 14580 60024 61415 20470 61416
781 4
5209 5220 5221 5222
9018 3
27136 46492 36023
29294 6
78246 61357 68018 25792 42159 48823
8780 5
45620 45621 45622 22988 45623
13733 5
60402 45926 8299 60403 51739
17927 5
68446 32892 34739 68448 27220
15545 6
64349 33583 64351 50137 64352 50009
16045 7
65294 45100 17878 65295 20898 55674 23148
26924 2
77006 12931
8109 4
43014 43018 43019 43021
3309 5
20450 17434 20458 20459 20138
16927 3
66887 65668 48177
5776 6
32997 32998 32999 28514 3056 24766
28689 6
77942 49537 63576 36092 41656 46499
7508 3
40611 40612 40613
2309 7
14718 14724 14725 14726 14727 14728 14730
1538 6
10079 10080 10081 10082 10083 10084
10899 6
52776 52781 24895 30509 11484 17590
25795 2
76331 75120
24361 3
25236 52402 50436
9415 6
47887 47890 10944 9902 47891 22892
21741 7
73127 30831 7298 8847 17009 7147 24317
14555 4
62250 62253 62254 1984
21667 4
73050 19307 9775 49666
25150 4
75907 56887 29807 48640
23596 7
74775 25342 1072 39306 21483 34973 1498
9316 7
47546 4472 47548 47549 29750 43060 1308
7066 5
38797 38798 38799 19318 38801
10371 6
51065 26889 34910 6985 51069 26878
25563 6
76178 20838 56350 18625 65470 8339
13648 7
60205 23459 9982 23034 60206 44646 60207
7313 2
29590 2156
22515 7
73865 23322 71972 37507 65149 63168 65091
11930 6
55795 17381 55796 17560 55797 14233
25114 5
75882 61129 63718 73203 73090
5745 4
32852 32853 19914 32854
410 6
2767 2768 2770 2771 2772 2773
1126 7
7472 7473 7474 7476 7477 7479 7480
13486 6
59812 12549 56115 59813 59814 48558
12693 3
57821 57825 7557
7507 5
40601 33866 8391 40609 40610
10487 4
11238 51478 23291 51479
1051 7
6980 6987 6988 6989 6990 6991 6992
16385 9
65946 65948 9010 65949 65950 42586 32951 65951 6927
27449 7
77295 33207 39362 8935 59403 75974 30668
22708 3
74051 67832 59252
6874 5
37946 37947 1125 31588 37949
18214 4
68854 38535 62828 68855
18815 5
69694 21944 28790 69697 25186
9024 6
46512 45180 46513 27255 46514 46515
12858 6
58221 2418 58222 41806 43766 38509
12034 4
56082 56083 56085 56086
1980 5
12772 12773 11022 12775 12776
28158 4
74274 76244 38434 53509
1375 5
9049 9057 6399 9058 9061
15866 1
57983
5827 7
33237 24767 33240 33241 17393 33242 33243
20514 6
69515 36970 22671 34042 8040 71785
27114 4
77110 20753 8328 17907
7477 4
40478 40479 18914 40480
2521 7
15998 16003 16004 16005 16006 16007 16009
20928 6
72248 54585 72249 31281 72250 15398
8746 4
45490 36900 45491 30366
22211 8
73603 62676 66873 46845 70495 64981 7839 14876
22544 5
73894 53829 52266 15839 61921
24454 10
75416 60198 33700 7268 56405 13444 56849 63232 34217 9478
18960 8
69880 69882 69883 50988 52090 6999 69884 45758
5894 4
33563 33564 33567 33568
17627 5
67981 41498 39777 22783 59307
22188 3
1857 50247 45958
15722 2
64703 10670
22707 3
46669 64750 34038
24953 5
64222 32352 8867 37465 45681
17275 9
67446 7804 39736 23552 35045 14813 63449 28647 67233
16009 4
65220 34503 52929 8846
29208 2
78203 64208
10799 10
52453 52331 52455 48989 52456 52457 12731 52458 41566 46591
26887 6
76982 48196 42329 8166 74117 3843
15288 5
63808 53978 36785 51177 45207
19265 5
70307 60696 61221 60796 62515
22697 2
74043 70107
1094 3
7266 7267 7269
17612 7
67956 41439 24102 3901 67957 39972 34955
23468 5
74684 73350 69437 60488 71857
18498 7
69259 55633 28113 69260 16254 63502 51080
2753 6
17327 17333 17334 17335 17336 16307
21405 3
72768 55655 72770
20769 3
72082 52010 28088
11262 3
53895 53896 53898
1433 5
9423 9424 9426 9428 9430
19244 5
70287 29765 36349 48477 18623
1507 4
9890 3862 9891 9892
12385 5
56630 21774 37244 45687 44310
7480 7
40486 40487 32555 40488 18412 40489 22908
3265 6
20209 20210 20212 20213 20214 20216
2636 4
16657 16658 16659 16660
1154 4
7648 7650 7652 7653
2988 6
18664 18666 18667 18668 18669 18670
19817 4
70978 1549 67560 42177
4956 5
29035 2532 29036 29037 29038
5553 6
31944 31948 31949 31950 20836 17315
27049 7
77076 51795 35659 51426 12141 22621 46311
29452 6
78326 24920 41731 22018 60306 69294
673 1
4505
22581 6
73928 59583 46266 73931 59072 69032
18816 5
69698 69699 52145 27108 14951
2267 3
14469 13958 14479
20299 6
71542 37436 71544 71545 58043 56733
15395 5
64050 64054 41064 37572 64055
12566 4
57513 41182 23339 57514
2778 4
17475 17476 9726 17478
20530 6
71800 15189 71801 34644 56719 39192
5550 4
31937 31938 17796 1147
5503 1
31698
4634 7
27447 27448 27449 27450 27451 27453 27454
23604 5
74781 15868 54690 27316 10702
10321 7
50911 16540 18848 43373 44502 23220 13838
6328 6
35502 35504 22900 35505 28563 35506
11891 7
55680 849 55684 47374 44118 20047 55685
28485 9
77838 1108 47543 58819 2404 30127 40690 23059 28095
23003 10
74313 69991 55624 47930 40094 66570 39328 38852 55144 40003
27781 8
77473 73185 64262 24210 28895 70463 62943 24932
5253 6
30497 30504 9471 3881 30505 30506
2137 6
13684 13690 13691 13692 13693 13695
15073 6
63371 63375 20939 4886 63376 45675
23575 2
64503 38072
12353 3
56945 56946 56947
17002 5
67004 53000 63033 16718 66377
66 8
456 457 458 460 461 462 463 464
5757 6
32906 32911 32912 20584 10298 32913
26037 3
16199 63536 65024
5900 7
17198 33593 24705 22220 33594 33595 33596
4020 3
24280 5106 17743
18195 7
68826 21793 62647 51683 12275 33822 19090
23753 7
74912 9844 18524 62049 9841 62503 18144
8473 5
44447 312 44453 44454 44455
27961 4
77567 24082 47054 59543
5685 7
32577 32581 32582 32583 32584 32585 32586
28155 3
77666 35567 3995
29236 3
58786 57425 34982
5756 6
32907 25822 13094 32908 32909 32910
25901 3
76400 73482 54230
11454 10
31594 54454 30797 54455 54456 32440 52895 14366 54457 549
23167 5
74448 40810 34384 16759 73096
23634 7
74807 72801 72928 74808 74809 54761 39235
1398 9
9203 9204 9205 9206 9207 9208 9209 9211 9212
12292 6
56782 56783 56784 38550 45129 56785
4333 7
25888 25889 25890 25533 25891 25892 25893
4351 4
25981 25988 13561 25989
122 2
834 839
15308 4
63854 61470 31783 21604
23284 5
74546 30736 35873 68626 33071
18767 4
69630 38646 21870 54701
4976 5
29126 16925 29127 29129 29132
8918 4
46121 22027 46123 15923
12715 4
11073 57874 10960 50254
13246 1
59201
2956 6
18486 18487 18489 18490 14658 18491
25272 7
75988 75989 29078 30265 2434 31995 42135
27907 2
77539 52105
24696 4
75584 52830 22749 58903
22537 3
73885 72216 73888
27440 4
77289 49507 47735 35697
24989 6
75790 65409 41297 14344 43947 73746
27603 3
77377 59183 77378
26240 3
70702 75367 63741
4308 5
25768 15695 25771 25772 9743
15045 5
63309 50569 63311 63312 18371
10512 3
51556 28029 9923
626 6
4201 4202 4203 4204 2500 4205
8608 6
44952 44953 31653 37694 44404 44956
8000 6
42574 42575 24860 42576 42577 32153
29401 8
78300 52072 75626 26833 3525 11550 52087 68811
2743 7
17273 17278 17279 17280 17282 17283 8139
16373 6
65927 48613 12970 61407 40598 65929
19181 7
70203 20027 1851 1989 42636 66009 41858
10686 4
52112 25294 52115 7148
15566 7
64397 47310 50342 37005 1238 47212 16075
700 5
4694 4695 4696 4697 4698
4479 7
26671 26673 26674 26675 26676 21243 17671
2870 4
17985 17986 17990 17991
7872 5
42079 35817 32534 16383 40930
18686 7
69516 37735 28638 35634 69517 8572 26036
6475 5
36147 20327 30640 36151 36152
22144 7
73533 53780 8333 22426 26013 73534 51465
7364 4
40021 40023 40024 40025
7698 6
41371 41372 8234 41374 41375 41376
4748 5
28015 28016 3017 3082 28017
8133 5
43112 43119 24843 43120 43121
1603 5
10467 10476 10477 10478 10479
23076 6
74378 72380 55348 65424 67821 69039
25179 6
75924 75096 48588 8177 1139 75925
11257 5
35840 13381 53882 53883 16344
20438 4
71694 56229 2870 23020
10109 10
50207 20981 50210 50211 50212 50213 50214 15198 12924 47755
2837 7
17801 7645 17807 17808 17810 11408 17811
29825 10
78512 70888 21699 34423 42844 18580 27417 10844 52982 76844
5602 3
32175 32176 4576
18141 6
68754 49391 52903 68755 68756 61757
20460 8
71723 17813 7705 49596 14250 29669 52404 71724
3132 5
19476 19477 19478 19479 19480
383 2
2585 2595
17033 6
67056 30306 19322 53477 67058 47365
1568 5
10264 9827 10265 10266 10268
7571 4
40863 40864 40866 4730
6503 6
36280 36286 13466 36287 4090 23137
6013 8
34112 34117 34118 28867 810 34119 34120 34121
8066 6
42851 42604 13236 40364 24216 42852
3837 4
23317 23323 5421 22371
8710 7
45348 45349 45350 45351 43042 45352 45353
24046 4
75129 8330 67524 3842
1390 3
9153 9154 9155
27798 5
77482 42334 43403 12499 75787
21931 3
73316 58365 47571
16918 7
66874 66875 61282 9096 66876 66877 5818
28845 3
78021 74053 56009
25090 8
75863 35249 49633 56884 35906 68742 55241 43811
27859 5
46405 7167 30595 50132 61535
10573 5
51744 48114 36254 49896 32637
24259 6
75283 12283 47778 53951 53488 13147
1817 6
11768 3979 1304 11774 11775 50
1449 6
9524 9525 9526 9528 9529 9531
24792 5
75653 31320 29083 18867 40253
22073 4
73465 29553 30339 16891
18881 6
69769 24444 19785 60761 66584 56466
20413 4
71670 57110 48872 27563
13019 6
58621 54779 14792 58625 28815 52893
2385 5
15177 15184 15185 15186 15187
5794 4
33084 33085 33086 33087
2324 3
14816 14817 14820
11846 7
55562 55563 55564 49606 55566 34920 44771
14480 8
62082 9324 20277 62083 62084 38352 56917 37557
4818 4
28352 28353 28354 28355
14261 7
61570 21065 61574 45498 13336 61575 39773
5905 4
33610 33615 33617 33618
3629 4
22197 22205 22207 22208
19258 6
70298 48320 13943 70299 61688 28001
5922 2
33695 12563
24163 6
75215 54199 42990 56217 5239 15458
26604 6
76815 22702 58975 66375 9498 44213
24539 6
75478 73949 71413 69849 12551 10162
11314 5
54035 54036 7739 28046 54037
21886 3
52134 62894 39256
21587 7
72972 49612 2850 70346 5444 34276 20509
19433 8
70498 9909 34014 51912 43717 24027 34460 34980
6206 4
34967 34968 24532 34970
23278 7
74539 74540 5358 11074 44059 21386 21085
575 4
3851 3858 3861 3864
26607 6
76816 71662 56312 4168 37139 47209
5193 4
30203 30209 30210 30212
3446 3
21210 21211 21214
5469 7
31545 5988 20433 15357 31551 31553 28731
22872 5
74202 3920 58240 74203 10769
12058 6
56148 34274 3504 56149 56150 39509
19936 6
71125 69918 12705 39835 31909 28147
15813 6
64869 20763 12056 5328 16218 11318
8367 5
44047 4958 44051 2310 41533
3916 6
23738 23740 23741 23742 15496 23745
20264 4
71506 28317 49731 32304
22981 6
74296 1810 7736 24886 60497 52924
13881 8
60729 60730 48455 49457 34735 60733 60734 54520
163 1
1107
6470 5
36127 36128 35464 36130 36131
25939 6
76420 11017 53593 52178 56569 33186
26140 2
76543 44672
17251 5
67407 67410 57121 67181 14400
23699 8
74868 6410 74590 37286 17885 50491 69685 20695
19513 5
70596 375 65245 27746 47943
10745 3
52294 489 11075
8832 5
45795 19765 45796 45797 45798
7587 4
40921 40928 40929 17389
23593 5
74772 19386 50038 17321 8849
24378 7
75365 6299 38 63533 47777 569 6885
22008 3
10433 65227 10636
26261 5
76618 52260 76567 53313 35433
8101 7
42985 42989 2945 42991 42992 31346 41239
1330 9
8776 8777 8778 8779 2471 8780 8781 8782 8783
9287 5
47439 40035 47443 47445 42706
25320 6
76022 72984 42044 41795 64415 53915
17293 6
67466 36274 40980 13228 1374 67468
4528 3
26910 26911 21876
3791 7
23084 23088 23089 7379 11453 23091 23092
18725 5
69575 33579 34596 69576 23778
12765 6
57993 56519 57999 17276 17775 53935
25493 3
49369 39174 19257
18937 7
69851 25357 32562 47752 36730 57517 48618
10322 4
50915 50916 10273 42810
4655 7
27556 3451 20081 27561 18384 7944 27562
18070 5
68657 4361 53792 8787 63582
2966 6
18542 13530 18544 18547 18548 18549
12594 5
57573 57574 3968 15530 36918
16156 7
65523 63281 54298 37334 51674 18825 64612
23108 2
74401 3440
25615 2
76209 12347
24743 2
75618 30303
20339 4
71594 52989 64891 71595
4013 4
24241 24247 23068 19888
19842 5
71010 58662 5551 15137 26061
14152 1
61343
20693 9
71992 45720 35681 45195 25219 60910 47466 54424 23701
15076 6
63384 63385 27297 35778 25431 15497
28423 3
77804 22218 28009
12247 5
56660 3200 20149 17773 56664
10578 5
51764 51765 49767 29412 51768
20700 6
72001 44412 31238 69867 4989 72002
29134 7
78166 13576 2034 76495 14941 35285 19915
5003 6
29259 29264 29265 29266 29267 15731
4168 3
25056 25057 17818
1764 4
11456 11457 11458 11459
29281 4
78239 59149 73998 41453
13669 4
60252 30581 1508 11537
5882 7
33504 33505 33507 33509 33510 33511 33512
2281 7
14550 14556 14557 14559 14560 14561 14562
19135 4
70136 1397 34521 70138
16940 3
66905 12365 62312
24673 7
75571 57239 69356 18512 31013 53924 74904
10219 6
50578 33380 50581 3494 11908 18270
26143 6
76545 64269 51540 69853 51555 61277
13450 7
59714 59716 38913 59718 33496 16202 59719
20996 5
72323 6711 31475 54781 22770
6453 2
36048 36057
10892 4
52751 50303 44130 44147
1984 4
12795 12049 12798 12799
5875 9
33461 33463 33464 29386 33466 33467 1961 33468 33469
889 4
5928 5452 5932 5933
14151 4
61337 61340 5797 28167
21318 5
72675 41704 54010 66353 19662
6946 7
38267 38268 7041 38269 35703 38270 1612
20226 4
71460 7 33660 71461
23466 5
74683 47973 12118 39003 51409
15614 6
64486 26100 24829 34820 40664 49791
5546 7
31915 31916 31917 31918 31044 31920 31921
24595 5
19875 64186 58943 37904 36990
6183 2
34866 26472
16594 2
66340 35074
12246 4
56087 56661 56662 13765
15383 5
64024 60718 49341 5804 256
26138 3
76542 73232 62126
23150 4
74435 15335 21083 23993
3744 3
22832 21854 5559
15371 8
63995 30531 42955 56172 22575 63996 62959 60551
29444 5
78322 47866 43458 30926 47652
9325 8
47574 21264 34867 47577 30479 11173 38277 47578
26562 3
56958 72866 46119
4200 5
25223 23719 25224 10634 25225
19347 2
46535 70396
28065 5
77619 72739 26413 24368 19236
5726 1
20416
16074 5
65366 13430 31143 65367 65368
8129 5
43093 43100 43101 43102 43103
27787 7
77476 55161 75022 70129 7602 63414 65255
6729 6
37284 37289 22026 25641 37291 37294
13775 4
60482 49973 52265 60487
8309 7
43807 43813 43814 43815 43816 29746 14251
28903 2
61303 47028
29091 4
45767 11510 8347 77066
4835 6
28426 28431 28432 15531 28434 18635
6045 6
34255 34260 34261 34262 32223 30718
3442 3
21188 13229 9072
10353 8
51010 49696 51012 51013 51014 20914 46019 1195
24760 6
75632 28428 33922 32578 45392 57058
6925 6
38168 7871 38173 38174 20962 37804
26848 6
76955 68374 12069 24254 25804 76956
17611 4
67950 67955 47998 34202
28756 5
77977 39774 43764 21480 73748
5248 7
30475 30476 30477 27857 30478 30480 30481
18023 3
68591 7870 18894
17445 5
67682 67604 45499 8962 17932
17893 6
46979 19042 25631 28145 68400 48414
5305 7
30751 30756 19256 7813 30757 30758 24900
13491 5
59819 19827 35017 59823 42833
28457 3
77823 36039 36745
25002 4
75800 46015 23951 55578
26358 4
76675 72915 52420 50950
6073 5
34377 34382 20329 33064 34385
21140 6
72485 40464 11419 50379 30624 63713
24694 4
67228 68969 13157 46287
29190 8
78194 71920 65371 12761 20176 51844 43166 41043
10993 5
53062 53066 44525 5396 30520
11732 9
55236 50631 5027 55237 55238 55239 15810 37368 17354
2689 4
16955 16963 15028 16964
9815 5
49237 49240 49241 47304 49243
2078 4
13356 8300 5864 13358
21632 4
73011 73012 27729 37185
9675 7
17974 29931 8562 26754 34275 36028 48771
25873 8
76379 55792 12855 56955 36947 62077 57760 67626
22470 5
73829 33444 55066 73830 10451
1961 7
12654 12655 12657 12658 3018 12659 12660
18471 5
69221 11707 5679 65918 60694
2973 4
18576 18586 18587 18588
22584 6
16775 8379 45394 69967 69614 51970
12347 6
56925 46004 32841 38608 8811 56927
27918 3
77545 30972 15058
17901 3
18481 14287 64076
20610 4
71899 17637 50440 32278
18124 6
68734 10324 29290 49512 64666 40115
21075 3
72415 72109 10681
11127 4
53480 53483 53484 53485
9272 3
21505 3889 47390
10213 6
50557 50562 33741 34131 50563 17956
7192 3
39317 39319 39320
8442 6
44329 44331 17175 44332 44334 13563
27272 5
77200 43420 66319 23292 72282
1273 4
8402 8410 8411 8412
25166 7
75917 6102 41475 11049 40926 28203 75918
27688 6
77427 62177 75658 22302 24103 31994
18126 4
68736 42881 13532 36354
26250 3
76611 16820 20945
4859 5
28542 14986 28549 28550 16549
12228 4
56616 56617 41131 56619
8292 3
43736 13717 43739
7112 3
38992 38995 19145
13873 7
60711 26317 28247 60714 60715 60716 29382
17046 6
67078 46720 54942 6116 55088 51041
21464 4
72832 53892 46335 67968
6487 5
36198 36203 36204 36205 36207
6377 6
35709 35716 34640 35718 8978 8883
29829 7
78514 58622 75891 47092 75722 40342 64745
3862 7
23452 23453 23454 23455 23456 23457 23458
6119 6
34587 34593 34594 34595 34597 34598
20873 2
30723 52152
11755 4
25821 55310 24624 26975
4137 3
24892 24901 24903
18349 6
69056 58500 67185 55176 48802 27070
10242 7
50650 21943 47867 36786 28981 50651 37354
2162 4
13841 13842 13843 3320
22244 4
73638 1637 69101 19073
16379 3
65938 27539 65940
5164 5
30075 30076 30078 30080 24109
7572 6
40868 25673 40870 315 40871 40872
28279 5
77731 68253 27806 37044 74592
25579 7
76187 22497 68222 69007 73793 40323 38289
29317 7
78257 34569 61683 53616 59537 63606 66370
7816 6
41843 24237 6826 38084 9727 18541
12156 5
56409 56410 56411 23731 56412
17401 4
67622 67358 7646 66813
16958 6
66932 43606 10219 66933 53590 10515
11531 5
54681 54682 54683 35842 20566
20993 5
72321 28098 42217 15863 41960
4937 8
28929 28934 28935 15251 28936 28937 7333 28408
4322 5
25835 25836 25838 25839 25840
26317 5
76651 16221 72083 39383 36536
29035 2
59949 37867
3256 5
20161 20162 20163 16539 20164
3646 5
22293 22294 22295 22296 22297
9421 4
47902 37195 47907 47908
4199 2
25218 25221
18061 5
68642 39322 46876 68644 34778
10595 3
49838 51828 51829
27650 3
59561 42226 809
8749 3
45496 45502 45503
18659 7
60156 37975 30437 17677 6902 35615 61616
23435 3
57287 33026 18781
23967 6
75072 10693 23276 6243 38368 29390
19079 3
29457 70052 70053
13487 3
40742 8874 31453
685 5
4583 4591 4592 4593 4594
15922 4
65069 62689 38470 10163
13287 6
59299 3795 59301 58658 380 52786
151 7
1026 1032 1033 1034 1036 1038 1039
20237 7
71471 64720 67393 61902 67220 71473 35899
10744 3
22025 52295 52296
10395 6
51149 51155 21362 51157 46883 38506
23250 6
74515 37054 2167 61807 51067 17982
26329 4
53720 9867 2335 67985
27780 2
48401 39366
14548 8
42954 62241 34052 1021 30297 26925 37651 57322
329 5
2227 2235 2236 2237 2239
3987 5
24100 24106 24107 11696 15564
29518 3
42168 71790 52237
8963 6
46279 46284 26278 46288 46289 33895
6324 4
35486 35487 35488 35489
1530 8
10032 10034 10035 10037 10038 10039 10040 10041
15835 4
64909 52307 64912 4587
17176 3
67290 60102 63260
21912 4
73303 35327 3152 61359
8961 5
46035 46275 26501 46277 46278
18499 2
49100 60197
9376 3
47750 47751 44647
25417 6
76087 64111 23403 67658 23246 75065
28314 2
17016 67322
23106 4
74400 66866 38357 41285
5820 3
33201 12314 8993
18752 6
69615 65102 51246 69616 43107 69617
10943 4
52914 33188 32617 585
22295 5
73687 73688 54601 57623 59636
7789 4
41729 41736 21692 6822
25098 7
75869 7164 67455 74755 48227 5212 40589
15066 5
63362 62435 24331 54981 54829
23599 5
74776 46145 53653 31049 49477
6087 6
34439 21479 34444 34445 34446 34448
23432 5
74657 69420 29298 34604 22081
13449 3
59712 9507 22094
16331 6
65851 6109 36724 52215 2122 65854
21718 5
73105 57942 73106 16271 18407
6786 4
37543 37545 37546 37547
11440 7
54419 23943 35952 13511 54420 28002 39042
5290 3
30687 30688 30691
2642 6
16686 2357 16688 16689 15935 16691
15556 5
64375 16392 53852 48790 28156
21572 7
14936 41646 33115 63806 57660 11513 42958
27883 9
77526 18355 44042 72711 8061 56013 63071 72092 42485
598 5
4014 4015 4016 4018 4020
16166 6
65536 61165 25293 47022 24273 7644
11747 5
55280 40148 55284 39879 55285
25513 4
76150 42446 21946 32158
29847 4
78523 49224 21777 20096
7766 6
41644 31789 6233 30436 41647 21260
29509 4
78354 57242 15016 4452
7171 5
39229 29725 21782 39233 23998
13452 5
59721 19448 21609 32730 46392
2369 4
15083 15092 15094 15095
15413 5
64084 54512 24608 50165 64086
11974 5
55915 5511 34392 21611 3732
11551 5
54737 13829 19027 26414 32570
14244 5
61533 34211 57329 54813 51060
11532 8
54685 54686 16927 54687 29892 24369 54688 54689
25891 4
76392 48215 18696 76394
12091 5
56237 7161 56238 10683 23306
19906 7
71089 12123 57672 43928 50270 18423 43959
191 5
1296 1302 1303 1306 1307
21058 7
72401 71911 53521 40046 50667 7635 53731
23185 6
74461 48825 23470 57756 60458 49301
26352 7
76671 35690 35963 62045 69812 47313 76672
15207 4
63639 63643 19795 43477
287 3
1945 1954 1955
4484 5
26701 11393 26702 26703 6579
11825 6
55504 25487 19623 36233 44529 55509
25286 6
75999 21999 58392 38958 75636 31749
19975 5
71163 3616 61878 1831 61120
14289 4
61637 61639 45424 42442
26617 4
76822 73637 3654 6474
28356 6
56739 8966 66270 76984 48828 39446
18110 4
68707 67890 68708 68709
24984 4
75788 28516 55711 65728
6222 7
35032 35033 12541 35035 33104 35037 35038
20833 5
72147 15610 42033 40728 68922
14504 8
62132 62133 33861 53232 62134 5632 53569 18395
16603 4
66358 22686 44234 4362
8385 7
44121 42653 44124 43966 44125 44126 44127
29763 9
78481 39847 36685 35544 23179 53268 50612 3469 62834
13984 6
41980 60965 60966 34468 17459 42406
29511 8
78355 70745 63709 26527 64297 71396 52192 33920
21539 3
72913 4871 72916
21287 8
72647 29456 6135 33452 16108 69608 42598 72648
20571 5
47911 39469 61219 53033 69198
12588 5
57557 44485 34349 55846 27614
8182 6
43318 43319 23788 43320 36080 43321
17668 4
68049 11314 37601 58925
19881 5
71054 68955 70540 71057 47904
5979 7
33960 33963 33964 33965 31711 32769 1808
15382 2
64025 64026
5312 6
30790 30791 30792 30793 30794 30704
18621 4
69427 69428 37086 10329
19745 8
70891 32723 8975 19624 59416 70893 42670 18257
28032 6
77603 55621 46354 49037 67223 34858
10536 7
51625 20389 24556 22450 51627 51628 51629
13023 5
58632 18518 58637 42076 42498
3920 4
23760 313 21853 23762
27202 4
77159 25664 73589 74327
1060 2
7050 7051
16993 6
44432 66992 66993 66994 55068 22806
702 7
4705 4706 4707 4709 4712 4713 4714
28789 7
77993 48902 57266 12242 68928 57220 65649
28698 5
77947 17142 21195 11007 19585
19118 5
24341 19495 14754 55261 41552
7007 5
5887 38534 38536 31109 38538
11718 6
55202 37642 55203 38563 55204 55205
11157 5
53563 53567 6259 53568 53570
20686 4
68818 6547 69394 45769
28527 9
77859 73599 49850 60874 25455 43404 12894 68181 14516
14989 8
63199 63200 24221 30664 63201 32 61471 63202
15007 3
63233 34933 61521
19891 4
71066 41306 33401 63668
1515 3
9936 9937 9941
24560 5
75494 59095 44512 71211 34464
11302 3
54003 6716 54004
19562 4
70658 36793 16615 69543
14761 3
62707 34132 48006
17431 8
67663 35194 43338 11483 12398 34830 59398 30655
25884 4
76388 54539 2003 4658
19605 5
70721 31335 70722 23462 60963
21695 5
73082 10879 2609 67686 63648
29944 4
78572 33368 76324 56000
27835 5
74844 70153 63537 60845 39562
19690 4
70829 11201 47620 64663
17354 6
18327 60307 16368 13579 65670 42908
28890 6
78044 16608 954 57544 46103 35541
23831 6
74967 15330 39612 21055 74969 40616
11707 3
55171 55174 55175
6155 5
34749 6666 34755 31610 34756
25467 4
76120 10564 35511 22319
21558 2
32213 69463
29296 6
10205 75530 63922 74473 2833 43316
14919 8
63052 15884 34994 50027 63055 18740 4232 62751
24126 7
75190 60344 67263 73400 14049 75191 64396
28549 3
77870 4386 62239
1779 5
11541 9467 8701 11549 4072
4029 5
24325 24329 24330 24333 24334
12178 6
56470 31472 34376 56473 17075 56474
23472 8
74686 57080 74687 8013 49542 49394 67942 10573
25995 4
76455 64145 42448 25539
20345 3
71600 28510 42353
17919 6
68436 22584 9434 7103 24375 56322
12395 5
57059 57062 57063 7544 29510
21484 6
72849 5873 9014 66023 71938 55931
20565 3
71837 38011 71840
15508 3
64279 47648 7495
587 4
3931 3939 3942 3943
21654 6
73038 45101 12262 26515 44826 73039
19406 5
70462 57735 38155 46783 25037
18066 6
68652 38139 16711 185 68653 60728
783 7
5223 5227 5228 5229 5231 5233 5234
23537 7
74736 24748 63720 47174 54047 44365 19746
11234 4
53810 53811 28951 53812
10860 9
52662 903 44133 52064 28299 48166 14862 52663 52664
19939 1
71126
16599 7
66348 41519 66350 20167 62859 35632 16628
17393 2
67614 37875
14770 7
62726 56232 50481 38366 62727 22589 7431
7663 6
41222 41226 10411 41228 41229 894
28544 4
72088 9739 29740 16045
16090 7
65396 38920 23591 40466 13364 42635 44345
26831 5
76946 33657 69504 20682 30259
5761 6
32922 32927 32928 8002 31249 4978
3124 5
19429 14045 19430 19431 19432
3582 4
21941 21942 21945 21950
4058 4
24480 24483 24485 10579
5177 6
30131 17652 7426 30136 30137 10474
27683 5
77422 3568 48928 74756 9278
23816 5
74955 12689 10904 24391 14667
26743 5
19417 66300 9560 4738 24954
20297 8
71540 71541 21423 69957 13651 18400 40622 18324
2614 2
16535 16536
23647 5
74820 72519 47809 6835 35391
27612 3
77384 66231 28753
17470 5
67721 67722 54693 40829 64675
4865 8
28572 28575 28576 28577 28578 23304 24647 28579
18482 8
69237 24639 18602 4721 59621 24691 30438 62007
6295 7
35348 7684 35353 35354 30700 35355 35356
7820 5
41856 17894 19506 6190 41857
13227 5
59152 41697 8835 25412 55200
4613 5
27332 27338 27339 27340 9819
6278 5
1561 16253 35282 35283 10438
23363 5
46519 34406 69912 52821 53116
13830 4
60613 39095 60615 51066
2333 6
14866 14872 3932 14873 14874 2103
1697 7
11042 11046 11048 11050 11051 11052 11053
15108 5
63440 44221 46965 52132 51382
8697 3
45298 45299 45301
10451 5
51348 51350 51351 50517 37775
13000 5
58581 31762 26599 58582 39186
1008 5
6710 6712 6713 6714 6715
22718 7
74061 72603 50216 67529 61824 53491 59633
14665 4
23780 51796 32588 57157
8946 2
46225 46227
27217 6
77166 40455 59027 72625 63247 7335
670 7
4492 2545 4494 4495 4496 4497 4499
2006 5
12927 12928 12930 12932 4687
16553 3
66269 37900 66272
16399 5
65977 38045 65979 42095 36519
4235 8
25393 25399 25400 25401 15538 6443 25402 25403
11924 2
55782 19830
8063 8
42834 42837 42838 15673 41259 25092 37070 42840
21914 6
73304 757 69538 58382 34520 53848
26032 4
76477 30335 57965 27049
10677 7
52081 33677 12728 52085 40968 52086 47916
19729 6
70871 56047 59682 50322 70873 70874
14560 7
18963 36756 62266 10455 62267 51887 17357
24988 3
15628 63983 27161
12205 5
8311 43027 33719 56554 56555
9405 6
47850 47855 27788 31227 47856 47857
6863 4
37888 37893 5378 37894
20219 6
71451 20086 71452 67367 61173 67352
14685 6
62550 2511 32985 47608 1834 35769
8349 6
18829 43981 43982 43983 43984 43985
5558 4
31969 31971 15465 31972
25991 7
76451 91 11349 76453 31128 39935 68703
28839 5
59100 63829 32414 63480 76437
24230 3
75265 71759 56297
92 6
630 632 633 635 636 637
24604 4
75527 19181 33747 50463
11543 7
54713 54716 54717 8165 18375 36344 54719
4764 5
28089 28091 28092 28093 28094
2999 4
18728 18730 18731 18733
22161 4
38794 60707 12537 51397
21701 6
73086 42048 34674 54692 63764 57610
22788 3
74126 11136 33526
13496 6
25346 53370 21901 48329 46195 46420
9074 3
14170 46690 46691
12412 5
57102 33797 53468 57104 37533
637 3
4266 4278 4279
29271 5
12304 23895 22013 2056 36212
5533 5
31845 31850 31851 31853 31854
20507 6
71771 45574 50489 39918 37987 63811
17219 3
67360 2280 12908
20249 6
71482 49519 50472 10004 2976 39206
3348 6
20663 20664 6199 20665 20666 20667
24838 5
75688 71930 22888 28855 48254
24316 6
75324 64985 73488 41331 54400 42984
24152 4
50241 18036 56513 20731
4809 5
28302 28309 28310 28311 10664
25688 4
76266 61425 12857 16929
27103 5
77104 64244 17903 70729 35821
14979 5
63181 18011 62725 44247 21409
3765 7
8457 22946 22947 22948 22949 22952 22953
15514 6
64288 537 21821 24779 35299 57606
25779 4
53029 60601 17555 18353
23682 3
74852 11903 15815
15181 6
63591 21229 44477 49083 63593 58567
28010 8
77592 19082 25907 12017 63406 48982 69009 57801
14170 6
61378 38489 61379 61380 57936 24619
14259 7
61566 61567 49276 61568 61569 56255 60254
1300 3
8582 8584 8587
23751 2
74910 3084
13910 8
60801 37324 4827 36712 49599 25363 14570 30115
15791 3
64829 36941 1563
2442 6
15528 15529 15532 15533 5870 15534
20231 5
45829 59911 52612 23012 57371
23291 6
74552 6360 6574 28391 68833 62558
11686 7
55113 55114 31846 23918 55115 7424 55116
9592 7
48492 46937 48479 48493 48495 48496 48497
12166 8
56440 56441 45944 41468 35358 39478 45999 44386
27900 4
77536 51935 13449 73515
2892 4
18113 18115 18116 18117
9009 6
46458 46459 2995 38017 8275 12603
8817 5
45740 44841 15990 37066 45747
26206 5
76585 68640 41769 40443 12685
9328 3
47587 47589 2584
29654 6
78427 59961 26475 67149 15314 62944
6191 4
34894 34897 34898 26468
23123 2
74412 2534
25893 4
76395 63109 67923 76396
17157 2
67262 10404
26553 6
76787 36169 74168 72169 37342 33840
27911 5
77541 30522 74432 43294 68538
14880 5
62971 62972 44967 54760 62973
9266 5
47366 13325 38299 47367 28425
24346 7
75345 64178 12599 62383 13270 74349 75346
26134 4
76540 62275 10110 49163
7077 6
38843 38847 38848 38849 22075 1399
5285 5
30657 30665 10863 30666 30667
12371 6
56990 56992 27914 24867 204 56993
1602 7
10468 10469 10470 3093 10471 10472 10475
10861 5
39406 39019 52665 52666 42169
24136 5
75198 58576 68260 60520 25849
14102 4
61235 3969 26692 46525
3073 6
19141 19146 19149 19150 19151 10903
19566 4
70666 7414 67257 9462
14705 2
62587 62591
6065 3
34339 34350 12476
12213 6
56574 24606 53761 32670 149 49914
25463 7
76117 73557 76118 55895 54565 6217 58285
8916 5
46113 13057 46116 46117 21930
16610 7
64360 61147 63016 63358 29241 51501 32357
21913 8
45402 7143 68849 57807 13372 63656 371 70208
24932 6
75752 55536 4605 34654 24961 57668
15788 6
64823 64824 20036 64825 64826 9728
5826 3
4175 33238 13341
5287 4
30669 30672 30673 30091
18322 5
529 65624 50851 8216 13177
22705 2
74048 57003
3137 6
19497 19502 19503 19504 19505 19508
16782 5
66666 52435 17324 66667 54780
13849 2
60658 19125
4702 6
27798 27799 27800 5445 27802 27803
17181 6
67298 18807 14351 61294 23595 7320
25332 4
76030 67043 30408 25310
9711 1
48898
27746 3
77456 1784 60264
11494 7
54575 49315 54576 41984 54577 34015 54029
147 4
1007 1009 1010 1011
15625 4
64504 64508 64509 64510
13705 5
60340 60343 35991 9418 57664
1372 4
9037 9038 9040 9041
6941 8
38240 38243 38244 38245 38246 38247 38248 25724
8911 6
46089 46093 29387 46094 24114 46095
3361 7
20732 3351 20735 20737 20738 20739 20740
331 5
2241 2246 2247 2248 2251
6452 8
13896 36050 36051 32019 36052 36053 12805 36054
4863 7
27106 28568 28569 28570 20083 28571 7999
27905 9
77538 46578 54017 36119 75289 31746 304 30250 52539
3605 2
22067 22073
14150 8
57162 61338 36308 29627 48192 61339 9342 756
7442 11
40331 40332 40333 22982 40334 21684 40335 40336 40337 28868 35049
2885 4
18068 18077 18078 18079
2639 4
11478 3770 16672 16673
10938 6
52907 40523 20490 44384 52909 34678
22869 5
74197 69672 60861 46882 44544
2951 7
18450 1911 18455 15369 18456 18457 15924
106 7
726 727 728 729 731 732 734
14411 6
61916 40901 61919 21172 25234 5367
13941 4
60858 40554 46349 4297
4953 4
29016 29020 11580 29023
24066 6
75139 31729 61875 75140 70144 75141
16202 5
65611 19306 65612 14605 49313
3504 2
21528 21529
19241 4
32677 67188 26713 53617
19411 8
70470 21668 4972 34222 67830 70472 63481 70473
18607 4
69404 54168 51029 48781
29614 5
4228 72530 70327 62782 17107
20602 4
71886 71887 66930 71888
15541 6
64341 56860 10759 26263 52283 64343
20424 3
43385 44842 71681
19471 3
70547 19101 67061
20210 4
71441 71442 71443 31045
20393 6
71647 26349 71649 3094 63831 71575
23226 7
74500 33498 47075 5951 49828 68981 38372
20801 6
12190 54422 14133 72118 20767 17901
21048 5
72389 72390 65747 43157 20579
1059 3
7040 7043 7045
17792 4
68245 57745 68246 19282
5060 5
29546 19620 29548 29549 29552
19266 4
70308 58815 37351 65207
4275 7
25594 25598 25599 25600 9925 25601 3936
15918 6
65064 65065 51909 24669 23333 65066
24956 5
75767 55321 75768 59788 63583
25776 8
76318 15191 4905 11559 50808 74571 35155 26618
22352 5
73732 31232 70265 59063 65082
17631 6
67984 49645 38854 43109 23950 52397
3357 6
20710 20715 20716 20717 2856 20718
693 5
4638 4648 4649 4650 4651
28702 7
77949 5655 14945 37238 45153 73671 76227
269 5
1822 1828 1829 1830 1833
20318 4
71570 29824 47356 56462
15174 5
63574 63575 27637 38151 11174
647 8
4331 4337 4338 4339 4340 4341 4342 4344
9813 3
49230 23516 49235
17638 5
67998 6813 53366 52884 38194
13539 7
45016 59929 59930 26663 28912 59932 59933
18004 3
68564 56331 9648
29115 4
78156 34329 69628 74248
26441 5
76723 37548 63729 76724 38109
12616 3
57628 42667 26771
5700 6
32652 32654 14171 768 32655 32656
27030 7
77064 47673 60985 60320 55328 61457 46597
1940 5
12529 6751 12530 12531 12533
1995 6
12854 12860 10501 12861 12862 12863
27021 7
77059 41616 10619 16378 26530 428 15952
29370 4
78285 27422 63284 63279
26901 5
21290 11230 68240 2498 1699
11759 4
55318 55322 55324 35435
9001 7
46424 36228 7488 46427 11019 46428 46429
20058 6
71265 56494 25326 27909 21539 26519
17438 3
67672 62380 50295
5330 4
30876 30877 30878 30879
18566 5
69353 57155 27474 54361 20394
11535 4
54691 54696 54697 54698
6991 7
38465 23251 17356 27085 38471 13945 38473
4957 3
29040 3888 29041
21675 3
73058 41096 50508
9515 3
48220 41008 31336
24200 7
42376 63726 3540 5815 4656 29237 10558
11619 6
54916 52595 41767 54919 54920 21029
21771 5
73159 35734 66755 73161 73162
20678 7
71967 39692 48465 7947 26865 2392 25873
22218 4
73609 26155 63229 24962
12780 4
58034 58035 25447 58037
11498 4
54590 54592 54593 43290
7120 5
39026 39027 25543 39028 39029
26579 1
65351
28128 3
77653 39209 12321
2211 2
14125 14132
27362 5
77245 25276 48480 72789 44951
3892 3
23611 23613 22289
1204 4
7969 6869 7974 7975
17903 3
324 23214 59709
5386 6
31156 31158 31159 31163 31164 30649
9473 5
48084 48088 39062 48090 48091
9021 5
46497 22678 29125 34010 29736
21817 7
73208 34887 67598 4754 59774 50901 56652
923 7
6147 6153 1756 6154 6155 6156 4326
13200 7
47109 28944 59078 59079 399 7004 59082
22185 3
73574 4923 16179
3118 5
19396 19397 19398 19399 19400
22503 6
73855 23982 65739 1455 44425 65278
9439 7
47972 7625 25255 14330 8103 35524 47975
11332 5
54095 35532 52272 54096 22248
4082 7
24612 24613 24614 24615 3267 24616 24618
26385 10
76688 31991 66415 1183 48189 9984 34857 37337 60655 25122
2284 5
5010 14578 14579 14581 14582
15468 4
64196 27577 26998 60727
20637 4
20133 40180 59481 66821
7028 7
38630 38631 26313 2008 27526 38633 38634
1686 9
10977 10978 10979 10980 10982 10983 10984 10985 8374
13193 8
59064 17908 45031 34819 10310 56983 1983 52836
28445 3
77816 31350 55420
10082 5
50128 2606 23188 50130 50131
26082 4
76508 41172 65280 25239
24783 3
75646 49911 48593
9860 7
49389 26571 8226 49390 8077 27971 29204
24083 6
75153 31041 71481 6273 45290 29233
1001 5
6657 6667 6668 6669 6670
21077 7
72416 65848 61056 61041 18064 64361 72417
19062 5
70029 63096 70030 1357 20074
8940 6
46201 16056 46202 37717 11402 46203
7495 6
40548 40553 40555 40556 40557 19428
3447 8
21215 21216 2175 21217 21218 11858 21220 21221
8155 8
43204 43209 17206 5124 38627 43210 43211 43212
23759 4
4406 62103 56791 65021
22488 4
73844 11285 69322 73845
14918 4
63053 26795 47200 63054
14879 4
62966 45117 62968 62969
804 3
5363 5364 5366
15396 6
64056 24894 45513 25810 8475 18275
10918 5
52839 6368 45656 7673 12173
21903 5
73294 70387 12356 26330 40811
19468 7
70545 38067 12171 48732 55475 40214 64068
24506 4
75454 54912 25867 15642
719 3
4821 4823 4825
29109 4
78153 63410 45542 75676
5707 5
32683 20136 32688 16051 32689
12539 7
57440 57442 34418 57443 56789 24623 57445
22973 8
74286 27002 61368 74287 69323 74288 74289 11195
3189 5
19788 19792 19793 19794 19799
14129 5
61295 9680 61297 59638 3217
12740 4
57930 48146 35997 57932
23780 6
74930 59693 23386 36982 13542 10743
9377 5
47428 30252 47753 19422 47754
7177 5
39248 39254 39255 39257 39258
6943 6
38249 38253 38254 38255 38258 16522
4639 3
27472 8152 27480
18830 5
69713 10527 5997 69714 10031
10522 6
15428 51578 51579 51580 30965 10045
29600 6
67203 10783 36135 73500 75036 4908
3580 4
21932 821 1933 21933
11862 5
55602 4864 43497 55604 34592
29067 4
78132 72320 71504 70840
17670 4
13941 62198 12213 64417
28362 7
77774 40739 37538 44370 30911 72686 26511
18817 3
39353 39231 26038
25010 6
74068 68660 75808 75809 38285 27659
28304 3
69332 62608 53207
14271 7
61597 2706 53913 61600 1274 13061 61601
12377 7
57007 19533 48864 41402 57010 57011 1601
12806 3
58098 45509 58099
16179 3
65560 54183 65565
16850 6
66764 30934 1385 66765 57359 41490
3890 4
23601 23602 23604 23606
17591 4
67918 21274 60359 23194
1979 3
12760 12770 12771
25302 4
76011 25966 63597 10562
53 1
360
16262 3
65738 24601 45896
5877 5
33470 33477 2627 33478 33479
21784 3
73174 66812 20180
27378 3
77253 72422 49550
10188 6
50488 18946 50490 7001 50493 50494
5232 5
30395 30396 30397 30398 30399
28633 3
77913 76108 18424
22965 6
59430 33001 15562 74278 64223 16754
22082 4
73474 31373 73475 12746
12535 5
57432 16338 57434 45732 32636
19299 4
70342 48573 55142 44008
27920 9
77546 16018 22625 52400 11485 76991 27895 15393 43845
18698 3
69540 69541 37108
12179 4
56475 56476 56477 33354
25940 5
76421 56071 37320 61642 24935
29273 8
78235 38264 18374 49533 22160 32189 61822 52005
9845 8
49333 3585 33624 30600 49335 7009 49336 49337
7103 4
38951 19589 38959 36124
22286 3
73678 16562 16222
15551 5
64362 2472 18370 64364 49883
25949 5
76427 64560 63772 43891 34254
16638 2
66421 66423
26722 3
76883 13047 21186
14876 4
62964 24668 31210 56810
16478 2
37367 66133
11289 5
53966 53968 53969 53970 53971
18374 4
69091 7922 69092 68292
11195 4
53681 7719 53687 53688
20087 5
53388 29705 36965 6266 57401
2502 5
15889 564 15890 15891 4088
7005 4
38526 14206 5489 38529
20788 4
62871 70183 26814 20919
2331 5
14854 14860 14861 14863 14864
25135 5
75897 39208 38143 67261 56688
23031 5
74333 48291 74334 34540 25149
4319 2
25819 441
20908 7
72231 35313 72232 72233 66484 12457 31084
28263 5
77723 259 15984 22769 10710
11598 6
54864 54865 54866 41628 28184 23621
10479 5
51444 7923 26681 51450 46576
25216 4
24952 46307 9638 13456
12601 5
57585 53166 34893 55012 27519
363 6
2456 2457 2458 2459 2460 2461
24195 5
75240 16517 56905 32136 40347
13760 4
60456 14823 60457 51131
10995 3
53067 53072 52949
11059 4
53263 34824 8758 48045
10710 4
52190 7285 34631 52194
12811 5
58111 29425 15522 51128 49094
21069 3
72409 45497 30837
11084 6
53350 16592 26231 53351 53352 10129
15616 6
64490 64491 18069 1468 43286 63926
1209 5
7994 8000 8003 8005 8006
26318 6
76652 5736 16163 27404 10954 42913
18802 6
60299 61189 56490 45213 16867 3136
652 5
4372 4373 4374 4375 4376
9310 3
47526 47528 47529
1500 7
9842 9843 9845 9846 9847 9849 9852
14363 6
61804 61808 61809 55901 59419 61810
6373 5
35689 23164 35696 35698 35699
18033 4
59210 56018 44521 53685
11292 4
53977 34810 51317 53979
11263 5
53899 53900 45658 21896 43697
2088 3
13416 6770 13418
2210 3
14126 14129 14130
17053 7
67095 27775 39794 8392 26895 34744 25448
29711 6
78455 76253 33063 18162 37257 58926
6126 3
34628 34629 34630
8516 4
44616 44618 8230 16815
24968 5
75775 14913 47130 24928 62102
23428 5
74653 63937 47090 38754 51678
29728 6
78464 3304 9878 49975 53026 19111
18559 5
69343 69346 32591 41809 69347
21238 4
72587 65081 10817 41081
1475 6
9678 9687 9688 9689 9690 8967
16143 5
51644 65498 49325 61729 65499
6944 6
38260 38261 38262 19423 6139 38263
29822 5
78511 33439 68665 32809 43402
24779 4
68688 64708 19772 60075
7013 5
38560 38561 38562 38564 38565
29696 7
78448 25504 37447 56099 42654 43849 25545
16093 10
65398 25356 30117 65401 50673 49908 33625 19195 51233 41585
203 8
1377 1383 1384 1386 1387 1388 1389 1390
175 4
1188 1196 1199 1200
7128 6
39057 39058 39059 25933 11343 5093
12019 7
56035 54669 35913 56038 24477 56039 33740
12413 6
57106 45420 54220 39128 12852 57107
26070 4
76501 10107 11571 66548
9420 5
47903 37273 44491 47853 47905
3800 7
23138 23139 23140 23141 23142 23143 20650
15783 6
64814 8662 26217 46821 63835 52675
4357 5
26017 26025 26026 26027 16409
15441 5
64137 46334 64139 49170 55221
15528 5
64319 30924 64320 9402 46894
20675 7
71961 62246 475 23397 50226 16534 382
23781 4
24046 27717 48553 7643
13341 5
59436 59439 2667 59440 59441
20410 3
8371 26543 40847
27130 5
77118 5371 10509 73670 76295
21619 6
73001 16231 73002 62858 10538 38241
1481 6
9716 9721 9722 9724 9725 9729
3135 2
19494 17174
1263 7
8336 8341 8343 8344 8345 8346 8348
13399 6
59589 59592 20367 59593 59594 51235
4426 5
26401 26402 18405 26403 26404
12075 4
33390 45369 52981 56203
3910 9
23708 23709 2756 23710 12148 13626 23711 23712 23713
14809 5
62804 43690 62807 39666 36107
10897 6
52766 52771 52772 52773 52774 29844
5079 3
29644 29650 29651
8454 6
44376 44377 44378 44380 14942 44381
4291 5
25685 25686 25687 25688 25689
13938 2
60850 50931
29458 7
78329 67999 68579 30377 47128 69071 55611
14462 3
62042 22078 32102
1114 4
7396 7397 7398 7399
17793 4
47723 57096 63220 68122
5376 4
31105 15609 31106 4475
13375 11
59527 59530 36930 58087 59211 1394 59531 50666 30856 58908 16346
8474 5
44457 14965 44458 23135 44462
1575 3
10300 10308 10311
7594 6
40956 40957 16455 40958 40959 14757
9936 5
49649 49650 35342 16566 10075
28565 7
77878 48379 22243 55815 25053 39508 28531
23783 4
74931 62011 74180 42041
6185 4
34874 34881 34882 20806
4298 6
25717 25719 21325 6084 25720 25721
20711 7
72012 72013 18200 4924 6631 56168 72014
27367 5
77247 51209 45462 62238 32804
3584 3
2050 21958 21960
17159 4
67267 20048 17312 56400
25981 4
76445 49262 52942 29537
20854 11
72177 7893 59324 63896 72178 41618 72055 56182 31073 14281 53728
1064 6
7071 7072 7073 7075 7076 7077
3797 7
23115 23119 23120 23121 23122 23123 23124
14701 6
62580 26011 20854 51546 6821 19229
15187 4
63603 48830 20168 2163
4158 3
25010 25011 25014
29823 3
33016 24150 29621
9984 3
49804 36447 37144
22137 4
73527 62067 73528 40085
12239 8
56639 56641 18131 16142 3174 47206 21329 48914
8849 5
45856 45857 45859 19712 18108
8588 9
44882 44620 44883 41682 13507 33060 44884 44885 44887
20163 5
71380 63421 71383 67194 31678
7506 5
13754 37532 40604 40606 40607
26139 6
9993 69226 52254 55663 72960 47463
1911 3
12345 12354 12355
15153 2
63532 29102
22173 6
73561 30840 40564 73562 73563 29280
27508 5
36856 51245 59919 22746 24132
18336 5
69043 54001 57968 34972 58789
17213 3
67350 21180 21775
22136 6
22676 25119 14311 57380 66440 70929
5973 2
33940 6848
26069 6
76500 75337 76457 70757 53168 69387
3717 5
22675 20675 22682 22683 22684
27390 8
77259 57454 43409 6363 71864 54309 16074 77260
3652 5
22325 22327 22328 22329 22330
10060 8
50056 50057 30174 13461 50058 4854 50060 50061
6401 4
35813 35818 20107 35819
21794 3
73184 3520 64562
19976 4
3425 26927 26763 12631
27408 4
38337 63179 18868 55484
22728 4
74071 36723 69552 14679
10334 6
50954 42817 29106 50955 24165 50956
23188 2
52640 27464
29715 4
46444 75507 40882 20360
17038 5
67067 14572 5764 41039 41385
27745 2
24970 49554
10120 6
50244 50245 50246 23030 29263 43177
2982 5
18628 18629 18630 18632 18633
11934 5
55810 46528 673 55812 55813
18169 3
48562 35607 68795
9620 5
48584 48585 48586 23522 29584
25319 4
76020 21490 19811 6445
20111 6
71324 40484 69651 69164 44451 15662
5730 3
9593 32786 11892
18955 7
69876 62854 33588 19645 20254 25506 4635
19889 6
71064 71065 57336 30407 60669 10305
22726 2
74067 62462
13285 7
59293 50633 593 59297 53706 56194 59298
18132 7
31194 45589 59793 68745 6405 2305 68746
17624 7
67977 37143 60907 55216 67978 49950 24756
25229 6
75956 66061 63015 49688 30287 42286
8512 7
44600 44601 44602 44603 44604 29221 40104
1687 2
10986 10987
7372 3
40050 40051 8748
3871 6
23505 23506 23507 11832 23508 23509
23381 7
74617 51135 17884 48175 10434 15759 44440
24345 5
75344 20064 71393 68780 43927
14128 4
47139 10787 11032 58183
3224 5
19989 19991 19992 19993 12959
11894 4
32458 13596 3557 4384
16789 5
29359 51464 66676 23683 30932
16131 4
65469 31898 65472 47815
5463 6
31524 31525 31526 31527 10657 31528
2035 5
13091 12210 13099 13102 13103
23009 4
74317 74318 43958 7023
18504 5
69269 69270 69271 35704 44467
9191 6
47094 36919 47099 47100 942 35569
14734 3
62652 62653 11134
7037 11
38665 10463 38668 38669 38670 38671 38672 38673 18066 23921 38674
6700 8
37155 37156 37157 37160 37161 37163 37164 37165
26099 6
76518 12184 40993 45478 53195 57584
8884 7
45987 45988 45989 12642 45990 37843 45991
15873 3
64978 59055 64983
13059 4
58734 17059 34108 57753
7976 6
42481 14260 42482 42483 15413 14918
20123 4
71336 48818 50820 39919
12453 4
57213 40134 6654 57217
12351 5
56934 35710 13710 56937 56938
10801 4
52459 44636 52462 49763
16533 1
66238
23566 6
74753 41961 64624 22872 37019 73377
144 7
986 988 989 990 992 993 994
19217 6
70255 66030 37452 3109 15327 33027
6748 7
37369 37370 31124 24294 24323 9990 37372
17409 5
67634 1020 20268 60713 47254
28982 5
78090 6658 62846 49617 47414
27035 6
77067 35904 35830 32248 28732 6269
5333 7
30886 30888 30889 975 30890 924 16979
25985 4
76447 75385 20626 886
2361 8
15036 15042 15043 15044 3102 11697 15046 15047
15593 9
64446 64030 58979 23049 62221 14364 30755 31464 60280
7999 4
42567 8892 1237 42572
15746 7
64756 5449 5881 3051 1934 42587 36950
28831 5
78014 56772 70889 14940 63975
21557 5
72937 6598 51148 30190 30071
21645 4
69405 70420 31316 58629
10139 6
50306 50310 50311 22267 10631 29098
6764 7
37444 37445 37446 8252 37448 1117 18521
25764 4
76309 23252 3358 18262
11141 2
53519 53524
767 7
5117 5122 5123 5125 5127 5128 5129
2312 10
14741 14742 14743 14744 14745 14746 14747 14748 14749 14750
19996 5
71185 39030 28973 71186 3438
15317 2
63871 63876
25639 7
76228 67616 54302 70505 69752 62315 76131
21038 5
41276 72373 40260 48234 71569
16621 7
66384 58450 66386 11316 66387 41262 8409
26689 4
76863 27245 63460 53919
4194 6
25189 25191 641 108 25192 25194
17615 5
54951 26632 67961 66727 67962
3912 6
23718 23720 23721 23722 23723 23724
25295 4
76004 24158 36541 72369
19734 5
70879 28660 28554 52078 5534
9629 4
48612 38384 19315 48616
1006 6
6697 6698 6700 6702 6703 6704
16411 4
65995 65999 11124 4981
10933 6
52885 52889 52890 52891 35614 52892
12789 7
58055 57982 58059 53800 58060 41318 10829
10768 4
52367 43715 52369 52370
10245 6
50654 41383 12286 50656 7607 32384
21652 8
73033 73034 17957 73035 73036 73037 47854 25038
3725 8
22720 22724 21105 22726 22727 22728 4982 13477
28036 6
77605 49515 41887 69746 67014 65957
11260 6
53891 53893 42831 32015 46051 32181
7305 5
39770 39775 39776 23896 39778
18988 7
69928 17419 48184 69929 69930 14815 50681
10180 4
50460 50462 47203 11857
11129 4
53486 5250 53487 53489
7916 4
42246 12372 15672 42247
12444 3
47806 51642 20847
13852 8
60665 6878 1729 53317 54984 60667 53471 17472
18839 4
69728 69730 56397 57504
5240 5
30434 30435 15919 19832 30439
10698 4
52150 25557 52151 11324
3973 9
24031 24036 24037 24038 24039 24040 9112 24041 24042
3565 5
21850 5956 21857 3103 16386
17060 3
52819 29209 67108
7676 3
41279 26808 41281
10134 6
50292 6789 50293 44666 50296 50297
6456 5
36066 36067 36069 19821 36071
27099 3
77102 44814 46751
19952 4
71140 69357 62010 60356
616 10
4134 4135 4136 4137 4138 4139 4140 4141 4142 4143
9508 4
48195 48197 48198 4616
3102 6
19304 19305 19308 19310 10486 19311
28298 4
49719 69014 69792 21028
16296 5
65798 21167 51039 33075 23492
28300 5
77742 20091 41350 8394 65468
28508 3
77850 67100 57541
89 6
604 609 610 611 613 615
20152 5
71367 26334 40346 59632 15328
19991 6
71178 71180 36232 42779 50859 71181
27197 5
100 12003 20440 23117 56714
2055 5
13207 13213 592 13216 13217
12583 7
29275 35624 21594 57549 57551 14357 23654
85 6
577 583 584 586 588 589
20408 5
31166 61489 2973 29941 4967
24857 4
75699 19945 12038 71259
9798 6
49187 49188 49190 49191 24898 49193
29859 2
78529 36384
12661 8
28080 26498 57736 42043 57737 6986 25799 57738
25606 4
76203 11258 57061 74080
5665 5
32472 10365 32479 32480 25885
5697 6
32633 32638 32639 15895 32640 32641
16586 6
66326 66327 14098 50503 52020 55839
4773 5
28126 28134 17187 5360 28135
14302 2
61671 46478
4174 6
25078 5249 25079 13967 24119 25082
16042 5
26406 27946 42218 6882 4568
4683 5
27711 27712 27713 27714 3211
5874 2
6543 33462
22484 5
73840 35395 41779 46034 64620
752 4
5032 5033 5036 5038
4720 3
27881 27884 27885
8234 7
43517 43518 37183 43520 43521 43522 43524
2794 4
17566 17568 3660 833
2111 4
13543 783 13551 13553
12157 6
56413 42438 44002 56414 56415 31688
21957 7
73342 68594 73343 9866 60779 54736 41342
13225 5
59145 59148 59151 26903 49703
14434 6
52950 61355 61972 61973 23801 30414
24532 5
75474 70705 22623 55610 30394
2732 4
17218 17219 17220 17221
29877 5
78538 20808 47656 74307 12490
793 4
5284 5295 5296 5297
20060 6
71267 71268 22468 67519 24630 65099
10400 5
51172 46674 51174 28057 51175
17428 2
67659 13493
24462 5
75424 15518 63177 72149 65861
15886 6
8093 53427 52228 54213 26138 65006
19269 5
33134 35998 50487 47186 17762
12193 5
56518 4832 21575 21598 56520
29246 4
15178 37767 68902 43685
16503 6
66171 66175 17240 66176 38889 34666
4991 4
29194 29202 29203 29205
3220 6
19967 19968 19969 13720 16388 151
11680 2
55095 55096
21273 6
72632 50184 46139 72633 39955 43314
24032 3
75119 6272 29936
20948 6
72273 35114 51286 71998 36686 68802
7221 6
39420 8504 39425 39426 7960 27237
21174 5
72523 6369 29415 546 32305
24586 4
75516 51500 33434 13160
12284 7
56760 27592 35420 56761 56762 34282 56764
14447 6
61996 62000 19292 60783 36277 62001
28073 3
77624 64487 47215
6358 3
35630 35631 27247
1759 5
11417 11424 11426 11427 11428
19744 2
5890 34040
1939 6
12516 12524 12525 12526 12527 12528
3441 3
21177 21184 21185
20950 8
72274 70464 71867 36123 42736 50264 40193 56670
2228 2
14236 14237
28183 7
33338 76369 77385 30627 77681 63807 20618
342 5
2316 2317 2320 2321 2322
6849 4
26037 37829 37831 7609
20160 3
71377 71378 66223
2718 6
17139 17140 15406 17141 17143 17145
5251 3
30495 30496 19744
10211 5
50552 37928 31723 50554 50556
27344 3
61956 64772 75189
8488 5
44510 40133 14830 8041 44513
18468 5
69219 1602 5813 55315 59947
16737 7
66599 66600 48785 8853 66601 45003 34714
6681 4
37061 37067 37068 37069
22827 8
74159 30163 59723 6402 74160 56982 62935 59019
25095 4
75866 130 2495 40875
22518 3
5023 41436 39507
9975 3
49778 49782 39616
28145 5
77661 42589 50074 63014 54846
6036 2
34218 34219
13208 3
59099 59101 41237
5818 7
33191 33192 33193 33194 15747 33197 33198
17310 4
65831 25024 59901 6321
21055 5
72398 67333 24816 60637 11416
12792 6
58066 18761 25640 58067 40986 58068
13844 6
60648 53362 39326 48486 17714 60649
22703 6
74046 32811 17188 17363 67314 70484
27048 6
60671 73088 52120 60975 13287 9074
14601 5
62350 8865 62355 62356 5406
23489 4
74699 34051 61941 41709
25298 5
76008 63681 65177 30694 71075
10542 5
21520 51649 51650 5447 48083
26937 6
77012 51596 40663 57774 69386 65216
14074 7
61185 10119 56164 52027 33528 5665 17514
15110 2
53918 35442
19335 4
70385 24768 61626 65329
22167 5
73556 19048 23972 37971 73137
10020 6
49923 33121 25372 25549 7704 17410
135 5
916 920 921 922 927
1787 3
6142 11596 11598
26886 3
71962 33309 36863
16210 5
65627 64329 58194 65628 17199
1785 5
11575 4953 11583 11584 11585
14167 6
61372 13081 57961 7413 47434 1718
17018 6
67030 25295 44166 54242 67031 67032
4280 6
25628 25629 25630 17436 2199 25632
22761 7
74105 70149 29819 60947 14467 23190 13529
10967 4
52983 24148 27415 33165
487 7
3278 3283 3284 3285 3286 3287 3289
4223 6
25330 25335 25336 25339 24648 25340
14634 3
9307 47963 62440
2704 7
17053 17054 17055 17056 17058 17060 17061
5226 8
30367 27988 30368 30370 3874 19123 30371 30372
18265 4
68934 53190 34270 35816
17911 6
68426 15983 68427 6888 63793 14391
305 6
2064 2072 2073 2074 2075 2076
10475 9
51429 27912 8688 51432 41330 51433 51434 51435 30413
15716 6
64695 49079 23166 51668 64151 60944
4112 2
24772 24773
11750 7
55292 53778 55293 53642 47224 55294 55295
29796 5
78498 4429 46652 40038 53591
28251 7
77717 29479 70837 68061 73778 32478 71752
20850 4
72172 72173 72174 3232
23610 8
74786 1271 3175 55720 34572 30769 62927 68163
15715 8
64690 35570 22341 64693 53678 47047 50771 59357
11097 4
53381 23490 53385 13637
20380 8
71637 61087 71638 36040 35109 51461 26367 47871
1771 6
11492 11500 11501 11502 11503 11504
3341 7
20620 20624 104 20627 20628 20629 20631
5560 4
12807 12622 31981 9748
17853 5
68335 25503 66915 8290 68337
12163 4
56429 37932 56433 56434
25770 6
76313 16140 74652 11546 58977 1240
22795 5
25929 15361 7764 9476 36740
10668 6
52055 47192 41018 25708 17667 29849
21744 2
73131 73133
21117 5
72464 8195 58230 71827 41676
14741 6
62666 25575 62669 18692 48754 12053
29364 4
78282 27624 7694 14571
19195 2
70224 47983
1423 7
9364 6265 9365 7633 9366 9367 9368
14937 4
63082 56198 21383 10866
24371 5
75359 75360 60350 21292 71362
19511 4
59918 15844 35019 47037
1839 3
11902 11912 11913
27371 6
77249 59602 44287 63204 72258 27360
23689 5
74857 21532 57863 31390 2832
8892 4
46013 46014 46016 44106
24142 4
75201 46612 66743 22382
26661 5
76847 5197 6342 27091 70976
8259 4
43609 43615 18057 41884
5567 7
32006 4733 31342 8933 32011 30738 15968
10223 4
50590 17443 50592 39668
18684 7
69514 45662 29994 21288 47668 6499 35749
2038 9
13117 13118 13119 13120 13122 13123 13124 13125 13126
15540 4
57119 60449 28392 15181
8294 7
43745 6854 38921 43746 21953 43747 43748
21163 4
72511 17077 41339 51178
2823 5
17722 17730 17732 17733 17734
25210 8
75945 2058 60928 23890 75946 44762 42088 56547
19173 5
70193 19704 6922 43434 53031
3867 2
23478 9147
11843 4
55551 12819 55555 47400
8122 3
43070 32767 43071
29485 5
78342 45553 43439 18643 59470
23485 3
74696 69668 69839
11937 3
55817 55822 55823
26247 5
76608 65011 11448 63130 62451
896 6
5973 5974 5975 5976 5977 5978
22001 4
73389 73391 68870 38678
21430 4
59905 10281 31409 71209
15147 3
63520 11158 63523
7904 6
42205 24025 23421 29246 40324 38079
2129 5
13642 13648 4029 13649 13652
8493 4
44520 44522 44523 12836
19993 3
71182 5604 64958
1498 5
9834 4042 9835 9836 4900
5706 4
30898 32527 26558 15755
11845 5
55556 22388 19354 55561 45095
13893 7
60756 60757 60758 39387 60759 54013 41404
27443 3
77290 33872 50199
4470 4
26634 26635 11650 12288
19928 4
71115 51315 37497 22283
26086 5
76510 70568 5488 26043 39407
28509 5
15694 54421 66209 34944 33784
26415 5
76706 62615 68888 20223 50540
19838 4
71003 32968 71004 1205
3756 6
22896 22897 22899 22901 22902 22903
28519 5
77855 45492 11432 6833 62711
19467 6
70542 39415 21801 35743 27605 39820
29112 4
78155 8035 28062 28200
12290 5
32065 56776 36494 10880 17150
24750 6
75624 25017 49112 24098 70956 13616
19403 5
51437 29352 25638 33532 228
16987 3
1654 45228 66981
5203 2
15172 30260
23736 5
74898 74899 16682 10017 15589
21072 2
72412 58011
17758 2
68186 68174
14846 4
62892 54117 15235 62893
27517 2
49206 35804
18567 4
29922 68311 54917 54461
16653 6
66439 50805 61442 57673 5181 16364
5659 4
32446 18263 32451 29108
26100 4
76519 11677 52501 42640
24178 8
75227 896 22708 67104 35724 16335 49635 54476
21413 3
72776 27187 30172
26377 5
76684 19925 553 58225 18348
19841 7
71007 23258 63918 30733 71009 23340 19131
6842 5
37802 11928 37803 12101 5608
20202 7
71431 66589 6759 71432 62329 32815 52446
6596 5
36696 22876 36699 8559 32983
13731 2
59705 2709
22306 6
73698 69297 15561 68138 69304 29812
13832 5
60619 36261 3311 60620 27234
16256 1
65729
15733 5
64725 34956 64728 64729 61114
17279 5
67449 22169 65326 3055 62165
4244 2
25444 25446
20352 5
71608 55481 36729 35408 33999
20 4
138 141 142 143
8081 10
35500 8130 42902 42904 42905 40230 25569 42906 42907 42909
7851 6
41985 8752 20827 41991 14280 41992
20338 4
61419 8030 42859 31339
3101 2
7311 19303
28336 5
77761 19894 41599 25411 61237
25589 2
76193 38122
24606 5
75528 21478 16030 57289 45904
19709 7
70852 33289 55605 54332 11275 9443 32559
3967 5
24000 24004 16935 24006 24007
22820 6
74155 31066 63091 16276 46895 8855
8791 5
45653 9470 45657 45659 45660
11789 8
55407 34354 54852 10164 20017 2538 55410 7747
4458 4
18002 26572 13379 15003
25140 4
75901 65701 62475 53226
3502 4
21519 21522 21523 6261
15585 3
64428 12015 64432
15795 4
64836 64837 37312 40885
24578 4
75508 43598 31444 63875
13919 5
60814 60818 22303 40736 58180
11610 5
54893 54894 54895 36788 35802
12490 6
57323 36885 57324 39363 57325 57326
6950 7
38280 4611 38281 38282 38283 38284 38286
25868 5
29414 72268 1748 65572 69766
4523 4
26879 3589 26886 26887
7723 3
41467 3538 41469
14941 8
63089 4870 45667 58139 63093 53177 63094 27911
16084 4
65387 37092 65389 59867
19673 4
70807 52470 70808 70196
16196 3
65602 20292 65603
13361 6
59485 59489 18948 23272 11143 5029
13684 4
60288 40641 60289 60290
14343 4
60168 61759 44940 61760
12580 7
57542 55168 57543 46254 26664 12301 22380
4503 6
26784 26788 26789 26790 26791 26792
23600 3
66178 43718 49755
23764 5
74921 48727 69712 73155 39451
20282 2
68939 22035
28625 6
77909 64834 12886 2550 68895 2990
10695 3
52136 9102 52141
2878 4
18033 18034 18035 2225
25306 5
36091 52256 1258 13585 52024
2635 4
16647 16655 16065 1936
27889 5
77529 7337 63889 19723 59161
7699 5
41377 41378 23634 41379 10623
2290 3
14611 14612 2536
8400 6
44178 44179 27289 26979 29611 44181
27548 4
77349 63803 6635 70707
1659 2
10816 10818
26434 4
76718 3202 61025 31634
4036 2
24361 5145
7889 5
42136 42142 42143 42144 42145
6179 5
34852 15399 33589 27173 34856
13092 6
58822 3775 58823 19167 31009 58825
12079 8
56206 46388 38334 17493 56209 56211 5661 54408
11071 4
53312 25605 4396 48206
11447 8
54435 19203 30661 20927 19388 42395 54438 54439
15832 9
64905 55580 44036 64906 64907 39949 35100 6773 60798
24469 6
75428 57281 25126 58201 71740 31305
26422 4
76711 17087 76478 30547
26404 5
76701 70325 25832 43672 45851
21240 4
1095 71516 34725 72589
12986 5
58544 1059 58545 58547 58548
10423 8
51256 51257 51259 51260 41486 15259 45652 21912
27898 7
77535 55240 42829 58697 63710 54033 53279
24427 6
75397 40509 66337 57640 34162 60591
29733 3
78466 73847 40848
6918 3
38138 13371 38141
18687 5
68722 20917 42933 47591 61519
24955 5
75766 71794 60972 55101 31046
12753 7
57964 57967 11055 51079 37810 23796 27994
29133 7
78165 67456 53405 26162 30090 6638 10764
8461 4
44401 33263 44406 22844
26475 5
40720 75904 70640 50961 46670
16037 5
65281 64929 25481 65282 65283
533 3
3575 3584 3586
23372 4
74612 30899 56987 32553
4910 1
28800
8733 6
45435 45438 43258 45440 11108 23357
10965 3
52975 3734 50469
20910 5
38876 70977 66156 28214 9226
24008 5
75104 41799 57715 16727 70903
27436 5
15799 60341 18539 74568 60535
28049 6
77611 16076 66534 19100 65901 53827
9955 5
23007 49708 49709 26973 49710
12917 6
58370 53008 16569 38911 58374 23312
24107 5
75172 17370 58690 13297 38195
6337 1
35535
9106 4
46794 15365 46795 46796
26648 5
75617 2531 32111 9762 69225
20391 5
71646 42819 1859 54833 13128
1864 8
12061 12062 12064 12065 12066 1806 12067 12068
11212 2
21364 53738
16559 5
66279 66280 33638 38365 24129
16257 5
65730 49637 55122 28838 65731
15265 4
63763 63766 35062 42151
24811 5
75668 71989 66050 74681 46257
3120 3
19405 19408 11442
21681 2
53091 36483
5904 4
33611 33612 33613 27571
18366 4
69081 34557 67246 20961
58 4
402 403 407 408
2032 3
13080 4572 2610
5682 2
32566 32567
9491 7
48143 1058 48145 48147 39885 32062 48148
16756 7
66633 11083 51326 46542 53936 66634 12837
19549 5
70641 38541 16224 70642 51320
14223 2
61488 1849
4926 6
28877 28878 28879 28880 28882 28883
7107 4
38966 38973 15109 38974
13249 3
59206 1746 9816
4040 5
24382 24383 24384 1346 24385
7917 4
42249 42250 8830 11999
13748 5
60433 60434 49631 60435 60436
26612 6
20413 40918 43468 2660 7540 2556
18059 5
68639 46907 27138 68641 54078
16303 4
42111 5082 49825 64805
26170 6
76561 73572 23316 75323 32443 61673
21663 4
73046 61865 16749 49951
15985 6
65178 41251 53758 53751 29243 34529
1520 3
9969 9972 9973
16375 4
65930 65932 65933 65934
11204 7
53716 40320 53717 53718 2141 17416 53719
296 8
2011 2012 2013 2014 2015 2016 2017 2019
26942 6
77015 76933 67076 18105 57846 76460
20564 2
71838 4351
11139 9
53513 8843 39719 53517 35948 47412 24182 53518 31519
20989 2
72317 72318
21547 6
72925 58229 36176 50945 72431 54173
5381 3
31122 31130 31133
19080 5
41031 44950 64598 24300 23000
21086 7
72428 25156 53209 62991 14312 44071 62363
13467 6
59761 48350 6164 58344 14080 59765
13301 5
59334 59339 15917 200 59342
1267 4
8362 8369 8372 8373
2588 2
6793 16385
19521 5
17152 11890 65997 46217 23236
27184 6
77149 35669 66881 47623 23965 53183
15058 2
62914 2336
16626 7
66397 66398 1769 56060 66400 17944 66401
8028 4
42703 42704 3322 42705
19292 6
70336 44228 8648 19590 42818 29867
25019 4
75814 51972 74574 16376
17284 6
67454 2626 19442 31840 51094 63570
4317 5
25806 25813 25816 25817 25818
21594 4
72979 54240 34163 71096
17456 4
67698 55349 31953 55051
18956 7
69877 42354 24752 69878 5592 50403 62153
19721 4
70863 69253 56573 39282
13790 4
60525 15501 60527 46489
12948 9
58444 58445 58446 58447 58449 49309 43012 44493 51589
25426 4
70246 41517 76094 26339
29588 5
78394 61840 58981 37954 33924
22770 7
26822 27027 29772 17288 51282 2157 59704
4485 3
293 26708 26709
3917 3
23746 23747 23748
21745 6
10254 12669 49491 13425 64107 66333
8207 4
43407 24769 7829 3596
14900 3
59261 62651 50289
13841 8
60638 52118 50850 46091 28775 7875 60641 60642
29844 6
78522 54625 41203 9237 1064 42886
6694 2
37133 37136
2402 6
15285 15286 15287 15289 4617 15291
7201 4
39348 39351 39352 39354
7582 5
40909 15750 22244 38060 6092
1041 5
6917 6923 6924 6743 6926
28464 3
77827 21166 18142
9941 5
49663 13321 35084 7620 19625
1387 4
9128 9139 9140 1444
8180 4
43308 30950 43310 43312
6398 4
35803 33604 35807 17210
2224 4
14211 14213 14215 14216
7243 6
39510 39513 39514 5487 39515 20567
13308 5
59358 59359 38099 37603 46647
935 7
6224 6229 6230 6231 6234 6236 6237
9931 5
49630 15791 49634 24909 8011
25587 5
76192 42264 39145 32545 74640
817 4
5442 5448 5450 5451
12084 8
56220 56221 49373 12134 56222 20513 56223 48783
9322 6
47570 16661 8872 17758 26484 159
24379 4
23055 54317 31686 61730
3600 5
22043 22045 22046 22048 22050
23471 5
74685 19784 32492 17656 28039
7424 5
40254 8355 40256 28843 40257
29199 5
78198 31006 73260 11372 71891
12761 8
57986 55430 44201 16542 16610 29071 52870 16991
29815 4
78507 60462 19804 6772
2343 4
14921 14928 14929 14932
21790 4
73182 56731 73062 64702
12109 5
56278 5990 36018 1705 56283
12124 3
56323 30459 15960
23674 5
74843 45931 35215 70319 23204
5301 6
30735 25320 6629 29141 12869 30740
29193 6
73623 60558 73015 67714 21424 60073
18831 3
37137 13205 54926
11487 2
54549 51280
5097 4
29733 29741 29742 2669
13416 5
59634 38212 13437 32969 48185
17969 3
68509 68510 61618
20218 4
54949 18207 37017 3640
5341 3
30922 11414 23102
16456 4
50736 66084 56736 11548
15669 4
64592 58199 15629 64594
28370 4
77778 45884 260 54514
6505 5
36289 30098 15419 36293 16892
25321 4
75910 36815 70548 14452
26850 5
76957 71300 18174 5215 64479
17749 5
20529 6285 68171 26304 68172
8067 5
4245 42853 20419 42854 42855
23148 2
74433 72845
13667 5
60246 60250 31570 57240 60251
26357 7
76674 72016 65630 67448 72496 47954 20577
3258 3
20170 20171 20172
26729 4
76887 58536 58012 38984
1503 4
9864 9865 9868 9869
28408 5
77797 73477 58523 39659 24965
8153 3
43195 43199 43200
25658 4
76242 19278 20178 44655
4735 5
27944 27949 9738 27951 9640
12199 6
56530 56535 56536 12573 30410 48670
13700 7
60328 47640 14834 58601 60329 13767 60330
3583 3
21951 21952 21954
4015 6
24249 11399 24251 24253 24255 24256
23277 5
74538 61589 61554 37099 35330
16389 7
65959 61891 41488 55134 63869 65960 65961
26623 3
76825 5756 51486
4591 3
27224 27231 27232
7984 3
42509 42510 42512
5578 4
32058 32060 3071 31611
24494 4
75447 63439 57204 72515
19863 5
71033 58228 39488 38598 29226
10101 1
50183
18647 4
69467 69468 33821 32469
19823 4
70982 23894 32439 55606
9490 1
19467
27988 4
13590 61013 63883 24063
27943 3
77557 41827 76040
9056 6
46619 46620 46621 44304 21662 46622
1368 3
9013 9015 9016
8822 6
45765 15154 30088 11279 23081 36630
8695 5
45287 10020 45291 33483 32083
21916 5
73305 61271 34876 68465 15169
28624 3
28059 75684 54334
3560 3
21830 20082 21832
26530 4
76776 73552 68021 71014
16998 3
66999 54431 37733
9202 5
47140 44155 9065 44314 1613
10617 3
51901 11280 51906
9109 6
46801 45606 46806 46809 42355 34486
23805 3
74947 46510 50022
28908 5
78053 67521 74884 66355 29179
12772 3
58015 28325 58017
11060 4
53270 53272 34780 53275
28885 5
78041 71254 29963 20863 37429
16944 4
66914 13977 43270 4223
22018 3
73408 72919 53887
25988 6
76449 58391 69122 8634 68601 21011
8607 6
44946 10146 932 3779 12394 7755
14013 6
61028 61030 61031 61032 40069 29577
27997 4
77585 14176 70694 68558
13355 5
59475 18717 59476 6444 59477
10589 6
51804 45992 25130 31448 51805 51806
21026 3
6568 47781 6632
21136 5
72482 70383 39185 50619 27366
14552 5
62249 28674 39144 10549 60511
27136 3
77121 27763 53423
16496 6
66162 52082 55762 30941 66164 52414
29729 5
50710 3475 45271 69277 46677
9085 3
8393 43405 39241
24923 6
75744 18000 56622 1414 75745 24996
18808 5
69684 45779 4246 59230 12829
15333 4
63909 63912 12898 13787
17184 7
67304 5747 28859 16100 32140 67306 45907
1400 4
9215 9216 2195 9217
24251 7
75276 17570 55440 75278 18798 65871 59126
14486 3
62091 62092 52549
14855 5
62911 62916 841 40240 59674
2529 4
16047 16055 16057 16058
25674 8
76252 60023 32399 74698 54340 9746 44554 6466
16177 3
65559 19640 1440
29760 3
28593 67334 29301
1225 4
8092 8101 8102 8104
29195 3
78196 63895 59364
9511 5
48203 48207 48208 48210 48211
16410 4
65996 65998 27532 1928
19989 4
29806 71176 35039 46400
12828 4
58152 19778 26110 4152
2985 4
18640 18648 18650 18652
6783 2
645 20638
21483 5
72846 72847 32515 49437 56632
15143 3
63513 63515 46524
22856 3
74188 27467 74189
10291 5
50804 50810 39197 156 25397
19050 8
70017 56398 46084 15064 49892 68380 31968 17156
27129 4
14137 32845 55021 75037
9253 8
47317 47320 47321 47322 47323 761 47324 47325
13584 6
60040 33830 60041 50676 60042 9239
24160 4
47515 52037 25534 63483
1133 6
7509 7515 7516 7517 7518 7520
11911 1
54800
8750 5
45504 45505 45506 17065 38584
6675 5
37032 37036 33692 11023 37040
8988 2
29140 46380
6338 6
18273 25319 13890 23096 3060 35545
9678 5
48778 48779 20592 9767 48782
23586 1
47958
29107 5
78152 76708 72827 29554 62013
26629 6
76828 69693 26032 50926 33930 25977
3493 4
21472 21473 21475 21476
22647 5
74003 22796 59473 36047 67720
23483 7
74694 19601 73346 73337 49970 19595 28787
4900 2
28752 28754
20400 5
71656 69645 22340 29019 71657
20047 5
71249 47024 44516 34732 8301
20188 3
71417 71418 68689
3090 5
19237 19238 19239 19240 19242
978 5
6515 6517 6518 6519 6520
10719 4
52218 52222 52223 30472
22854 3
74187 41934 43059
6602 4
36722 36727 36728 1909
10847 5
52610 52614 52615 52616 16183
25523 5
76155 13995 10408 67808 19200
1297 7
8554 8561 8563 8564 8565 8566 8567
20810 2
6838 46410
17418 5
21378 31671 28378 67645 30282
5608 2
16373 32205
11219 5
53755 45771 12903 53757 23784
15368 4
63990 35379 6287 63993
26146 3
76547 51447 63248
9966 3
49747 49748 49749
27703 5
77434 48169 65135 73120 31674
28607 4
77899 12419 75550 24155
11161 2
53579 53583
3413 3
21024 18366 14886
1550 6
10155 10157 10159 4111 10160 10161
1867 4
12074 12080 12082 12084
16977 4
66965 66967 31482 46834
26129 4
76537 74982 18514 55521
11070 4
51274 35647 53314 53315
2218 5
14175 14177 14179 14180 187
22783 4
54403 39376 15599 44792
4215 2
25291 25296
23019 2
74326 43378
24603 3
75526 54266 69393
23768 4
74923 43575 72300 12179
19591 1
70700
2085 4
13400 10022 13401 13402
25568 5
76182 56227 23173 58131 16111
17981 6
68527 68528 67723 18814 16933 2362
26356 3
14647 71085 21846
18770 5
69634 66910 32057 28367 69635
12313 4
56833 53335 39795 41040
4231 8
25370 25376 25377 25378 23384 25380 25381 25382
20450 7
71709 17023 21982 66098 41450 2351 26187
179 2
1224 1225
12066 4
56178 56179 26381 56180
22340 5
73723 58414 61283 73327 37084
241 7
1633 1638 1640 1641 1643 1644 1645
6529 5
36396 36404 36406 36407 23413
4659 7
27574 27580 27581 27582 27583 27584 27585
8604 6
44939 9950 15756 31939 26697 12512
20018 4
71215 2813 60353 62974
29406 2
78303 71855
13231 3
59165 37792 2975
4227 5
25351 11406 23682 25358 10805
14875 5
62960 18736 52597 62963 16053
24219 2
75257 67991
26905 5
76995 42119 48819 24873 46141
24253 6
75279 60012 7425 63837 45445 45323
14735 3
62654 52395 31865
29776 4
47339 77414 5769 47239
6752 7
37389 37390 37391 28011 37393 37394 3309
5012 7
29308 29310 29311 29312 29313 13002 29314
24443 8
75409 52720 70444 64886 40462 54286 55706 27427
29951 6
78575 53596 64410 39806 47719 75237
1676 6
10917 10918 10919 10920 6803 10921
26341 3
42197 47017 59544
27909 4
77540 14200 29017 49075
18569 4
54838 32949 62128 36639
19546 6
70638 70639 33640 52486 24842 44497
14366 4
61816 4604 61818 61819
10108 2
50208 50209
19481 3
19093 58557 63507
11211 5
53732 18895 19098 53736 6890
27301 3
77214 20809 69364
3778 4
23017 23018 23019 23021
8402 6
44183 44184 22865 10271 42199 9825
21656 5
73040 38453 67539 52963 44212
7470 3
40444 17736 38724
15748 3
64759 57412 64761
25870 3
16843 68161 24427
2644 4
16698 16699 16700 16701
20841 6
72160 67422 37996 26783 24644 25150
9861 3
49392 49395 49396
16040 1
63982
9642 9
48665 15726 40436 40787 48666 16541 48667 48669 14450
27137 6
26271 58672 31421 5282 27633 45406
10723 4
52232 52235 52236 52238
4166 5
25048 8969 25049 15845 25051
25063 4
75843 41707 43623 58293
19539 3
70630 29689 66956
17520 3
67798 13625 40370
301 4
2045 2046 2047 2048
14426 6
61954 23695 25787 61955 55816 49060
16310 7
65821 28903 57498 1073 65822 53439 65823
28181 3
77679 71543 15373
12522 6
57407 31952 57408 750 18099 22435
24904 6
75733 36477 64079 39171 72986 23063
3031 4
18902 18907 18908 18909
6405 5
35828 16237 35835 35837 35838
15740 3
64746 59253 56165
20793 3
11266 41168 26161
4071 3
24552 15831 24560
17092 4
11321 67154 37382 26853
20540 5
71810 71811 16369 52826 71812
26351 4
76670 13441 17377 67478
1632 7
10643 10644 10645 10646 9046 3581 10647
28326 2
77756 9747
7388 6
40116 40117 40118 40119 3182 40120
16327 5
65844 65846 53983 60882 16772
9470 6
48075 48076 48078 7186 26877 10523
14699 6
9229 62579 48405 13790 13185 57955
3117 3
19384 19394 19395
13697 4
60315 24446 60321 51509
17378 4
67596 1923 15660 22526
12118 5
56306 56308 8517 5108 56310
7456 5
40386 40387 40388 40389 40390
20525 2
71795 21928
27737 4
77451 34568 70414 35579
18314 7
26306 5499 58290 31337 18741 12207 67600
14980 5
63183 63184 19288 31518 16453
18199 3
68831 67296 68832
17511 4
67781 63799 17366 67783
26682 5
76859 51296 76860 57904 55076
22513 3
73862 21902 12193
22465 7
73823 50698 5431 2776 44161 6680 5673
3097 6
19273 2516 19279 19280 6652 19281
19693 5
70832 48907 64370 43833 57472
23018 6
16287 1325 37578 73645 54379 71394
3556 7
21808 21809 21810 21811 21812 21814 21816
16738 4
66603 30426 66604 16329
4807 6
28290 28297 28298 2911 28300 28301
21836 3
73227 60117 6601
6761 8
37426 37430 37431 19245 37432 37433 31775 37434
8667 2
45170 45178
7551 3
40786 22577 40788
2848 7
17868 17871 17873 17875 4409 17876 17877
9296 5
47475 47476 12820 27283 13594
3980 3
1473 16232 23900
21239 8
66048 33666 56718 13998 64209 4865 55166 64437
7637 7
41119 8951 30164 37688 6079 41124 41125
19974 3
45962 44318 1659
19638 5
70769 44191 59125 68759 62541
11770 5
39243 55354 7725 45582 39790
12722 7
57892 35318 57893 43135 13148 20391 12502
23919 7
75039 10704 15317 62555 38860 56802 72563
27326 4
4208 62627 71131 62741
20824 5
72139 62358 43065 29087 49619
16854 7
66771 66772 30483 66773 49370 42930 7992
29037 6
54995 25896 14923 4835 48680 20115
22434 5
73798 43732 49498 1055 67772
26255 3
54214 50006 19450
19652 4
70786 34387 65403 44778
25237 7
75964 34734 1986 40634 17318 49323 68901
9226 2
47227 47229
5500 5
31689 31690 28363 31692 31695
7714 3
41432 41435 26054
4801 6
28257 28262 28265 5704 28266 4357
24920 6
75743 32886 57620 47727 62076 20295
2433 4
15475 15476 15477 14630
2627 4
16609 9438 16611 16612
8162 3
43236 43237 43239
18859 5
69750 30855 69611 56804 50473
26231 6
76599 70747 69320 58323 34847 9240
20665 7
71950 71951 26751 55681 50972 4655 41693
14391 3
61873 56606 17277
10065 2
50068 9056
12485 5
57303 57307 21619 7107 57308
12339 4
56904 41191 9436 51664
16785 7
66668 47576 45433 28598 61063 9503 54667
7950 1
42377
12417 3
11728 57116 57117
28706 4
77951 60912 26762 57490
22751 4
74095 16926 65939 61447
27479 3
77312 12835 73139
22096 5
2290 73489 63017 73490 16123
13511 7
59868 36776 13077 59869 59870 41360 59872
2590 4
16391 16393 16394 16395
19267 4
60684 56975 2261 51319
306 5
2077 2078 2080 2082 2083
11266 4
50025 53906 23560 19572
14924 7
63063 50097 2656 55908 50175 13097 36974
22080 4
73471 71196 63618 11415
29088 4
78143 14402 46165 39296
29771 4
78485 20029 47553 55975
23 4
152 162 164 165
2104 6
13509 13510 13512 13515 13516 13517
3119 6
19401 9392 19403 19404 15267 5203
10621 6
51910 51915 43639 48252 51916 11799
9716 7
48916 22509 48917 9707 44338 48918 48919
28959 3
61625 60754 4071
11369 1
54211
8507 7
44576 44579 44580 44581 8086 44582 44583
10125 1
50256
7804 1
41787
8285 6
32489 43707 34911 43708 43710 23538
21059 6
34284 11494 767 64007 72402 68382
27334 6
77231 42113 21175 70695 27751 6340
11829 5
55514 35089 16939 43767 55518
16917 4
66872 52552 6452 55036
25496 6
76139 29466 33513 29839 23919 12276
12049 7
56128 56129 56130 43115 56131 32123 46219
15352 4
35142 18470 63948 24462
14629 3
62426 44645 61098
26837 8
76949 44694 68347 72621 74863 48187 48129 48555
11553 6
44764 49005 19722 21008 22871 54745
7335 4
39894 39900 39901 34358
21742 4
73129 2194 73130 67199
18694 3
2994 37901 16885
29731 6
78465 11845 61055 21327 64270 72899
27570 5
77361 53744 1618 27036 57998
12518 5
57400 24305 17264 42415 595
8254 5
43596 23512 23619 17488 43599
8877 5
45955 45960 45961 45963 41813
25545 4
76167 54943 3457 25995
26993 4
34152 378 13389 27269
17201 3
67332 43118 5422
1893 4
12233 12240 12241 12243
167 5
1134 1142 1144 1145 1146
29168 6
26079 57142 67029 55697 69907 37145
27127 2
77116 8017
3427 7
21103 21104 21106 21109 1052 21110 21111
8959 6
46265 46268 46269 39102 46270 30631
27155 5
77130 35951 54721 75962 64591
17255 2
67414 32994
11639 3
54978 54980 38785
13706 4
60345 20571 10552 60346
8942 5
46210 22117 46212 46213 46214
7369 5
40037 18186 36932 40041 28225
7009 3
38539 25930 30217
24222 4
75259 60960 28345 75001
5461 4
31513 15316 29030 28954
24665 7
75565 58535 62414 6920 51372 63226 69894
27126 6
18590 44399 20607 68321 75827 17629
19701 5
70841 15928 49120 70843 5283
9608 3
48548 48549 48551
18250 7
68916 16932 12205 27008 64701 33044 68917
3087 3
19214 14052 19224
11740 3
55262 55264 2886
1546 7
10130 10131 10132 10133 10134 10135 10136
22909 4
74230 3577 72696 64113
12210 2
56566 56568
13834 5
60622 60624 46253 60626 60627
16437 6
66047 61697 66049 5276 53076 25462
8774 6
45597 6136 45599 45090 12990 45602
9605 3
48533 48539 48540
29867 4
78533 60530 28120 66234
19455 4
70523 58944 70526 19955
5839 6
33298 33304 33305 5058 33306 33307
2149 2
13758 13768
12990 7
58555 23187 42167 58556 44692 58558 4335
9708 5
48885 48886 5418 48887 48888
29828 3
43172 64497 67141
9115 3
46824 31856 46830
26355 6
76673 38952 12204 76028 1765 15841
16761 3
66638 66126 11972
15246 8
63725 57053 36122 28359 63727 36297 17184 51521
25441 2
76104 2621
20934 8
72256 47557 31720 8574 66784 72257 56419 14976
23422 4
61088 28702 6795 58580
24919 5
25041 14062 73098 75631 61183
19054 3
70021 45677 49357
12132 4
56343 36485 56344 56345
11180 6
53637 53638 27394 53639 53640 53641
26339 5
76664 50468 42998 54181 27559
6200 3
34942 34945 34947
4115 1
24789
23912 6
75034 54570 15264 47586 55766 43812
8242 5
43553 32420 43555 43556 43559
13716 4
2854 2989 60369 60370
21698 3
72158 69827 65955
4316 4
25808 25809 13268 25811
10015 6
49905 35370 36807 14001 49909 8936
20062 8
71269 48988 63335 34311 69063 70105 66379 64557
15164 3
63554 58177 63555
28961 5
78079 75605 44081 56021 73959
25457 3
76113 5151 36692
4904 4
28770 1407 19107 20410
9464 3
21717 48056 22508
11653 1
55019
14089 7
61212 35291 51670 58255 61214 25597 13602
13854 4
60670 40516 22608 24340
21505 7
72874 71754 17163 64606 35000 19743 72876
7359 5
39992 39998 39999 40001 40002
6799 3
37598 37606 37607
6652 6
36944 36945 36946 24852 26964 36949
27498 5
77322 59984 8497 18013 62374
8415 6
44230 44232 23479 19043 44233 44235
25577 8
76186 32524 28181 74047 52515 37631 39819 21629
26430 4
76716 51971 28457 72982
23213 5
63613 9737 73210 55585 64742
28663 5
77929 29581 31142 37474 45934
6335 3
35525 34205 35534
843 5
5616 5623 5624 5626 5627
15704 5
64669 13776 24632 48424 48109
7979 6
42487 3337 42489 42490 42491 42492
19956 6
71143 33793 61913 9600 47837 55622
5064 5
29568 29569 29570 29572 29573
21411 4
72774 48651 36420 63616
18827 4
69709 52160 69119 46577
6660 5
36979 3206 5751 36980 36077
29744 5
78472 48546 72023 48603 26437
12953 4
58456 58461 3411 58462
21669 3
44644 57465 16618
17319 4
67500 43349 67501 56908
4663 4
27594 27601 27603 27604
14174 3
61390 30760 4609
16875 4
66803 56836 11539 3482
23005 4
47088 41368 54975 64785
4489 6
26724 13063 26725 25581 26727 11242
894 4
5964 330 5965 5966
29152 5
35758 67964 65580 42096 60393
29894 2
36394 73594
1929 2
12451 12461
6354 3
35611 35612 35613
11998 5
55979 30967 55980 11828 12562
29216 5
10493 25030 14905 68301 21763
8082 5
42910 42911 42912 9574 36284
4998 3
29238 1285 29242
18049 3
5801 6241 37296
17423 3
67651 40068 33786
10798 1
1759
21432 3
72798 57261 4533
1877 5
12133 12138 12139 12140 12143
20964 9
11553 3630 71225 31537 69029 38737 26568 38310 62762
6060 7
34316 34317 34318 34319 34320 34321 29211
21524 6
72901 30692 67321 64930 72902 63853
15015 3
63249 63251 63252
14345 5
61761 61762 11998 3595 24699
9274 6
47395 47396 42386 34850 47397 47398
20903 7
72225 54636 72226 66880 62820 59132 58236
26235 4
76601 60721 540 72538
1696 3
11043 11045 608
29104 5
78151 34989 23024 33749 72378
10464 5
51390 8858 51391 51392 44630
12509 5
57375 55582 33350 51458 35538
14103 4
2957 50943 10933 32283
798 3
5325 5326 5329
12798 3
58082 1804 55683
2762 7
17380 17382 17384 17385 17386 17387 17391
26130 6
76538 47460 61558 37053 35735 67289
5926 5
33714 33715 24905 33716 33718
15429 4
64116 34672 21057 26344
19947 5
71135 70222 69869 70918 40966
21750 3
73138 24833 6913
27251 4
55300 70665 55956 36864
9432 6
47947 47949 47951 47952 47695 22014
19172 4
32967 35521 56728 69909
19699 4
70839 27441 50411 67430
22873 3
42842 24882 55035
9827 4
49277 49280 49281 34025
21678 3
73061 66461 25269
25471 4
76123 15862 69251 36576
19502 8
70587 64700 59533 47005 70588 328 65568 15106
12757 3
57975 55698 57980
23549 5
74744 1162 72688 41962 60889
17604 3
67940 67941 37597
4643 5
27489 27495 8719 27497 27498
18806 4
69682 38980 66138 38477
6387 3
35759 35760 4265
11449 6
54440 5642 10938 22079 33806 3204
14651 5
62478 62479 59040 7810 46960
9597 7
48508 23597 48510 24959 48512 5503 32729
26838 4
76950 71634 71264 45997
22462 5
73822 60794 15326 59105 58358
27654 2
77407 51732
21429 5
72793 67051 1562 23417 23947
7175 6
39242 39245 39246 38903 39247 14204
29792 3
78496 33994 45966
25050 5
75834 24724 828 39276 5436
5892 6
33556 33557 33558 17074 33559 32494
14894 5
2530 33404 63000 63001 58757
24226 5
75262 51363 45488 50444 21708
10904 4
52792 52793 52794 52796
20052 6
71261 51885 28889 50637 26873 33609
3205 4
19878 19883 19884 2961
20691 6
71987 34153 30025 35402 55769 71991
4733 2
27936 13369
19121 1
58466
6670 4
37018 11011 16091 26016
19924 5
71111 7886 21485 33095 32433
13488 3
59816 44996 59817
13388 6
59560 26172 46029 37960 59562 59563
23971 4
75074 12295 40936 30563
4416 5
26346 26347 15196 26351 26352
16616 3
66376 66189 14755
14970 3
63161 3115 32795
23733 8
74896 39731 63140 67836 70726 68035 51797 62624
29722 4
15367 45735 4434 30392
28931 3
29792 36192 57665
6515 4
36327 36031 1738 36335
6913 3
38111 38116 34915
6916 5
38126 38127 38128 38129 38130
21598 7
72981 53216 41122 5823 26299 71491 10750
20159 9
71376 8208 3486 45584 11679 52620 18209 6138 68435
24181 3
75228 75229 54906
25855 3
76368 8377 27986
14064 7
61162 43905 13503 60046 61163 53863 61164
7685 5
41310 41315 18642 22039 41316
16862 8
66786 66787 27958 21406 66788 25229 66789 65676
13545 3
59942 59948 59950
25130 4
75894 64525 2743 37653
29331 5
78264 66661 33831 69493 19320
9635 3
48635 8010 48642
12590 4
57564 17748 37774 57566
17429 3
67375 20046 18684
27855 5
77511 46749 466 17925 17234
20535 1
62957
6601 8
36711 36716 30087 36717 36718 36719 22477 36721
20710 5
27786 37959 71804 20978 48538
16701 6
66532 37629 57414 58410 17892 51754
4989 4
29185 29187 29189 29193
10508 4
51538 51539 20916 51541
18385 4
69103 27313 52187 69105
9919 2
3235 49584
27308 5
77218 60119 71711 67008 48116
24766 6
75635 31348 52188 34645 66662 73948
15944 8
65114 4028 15500 16019 65115 53788 20124 65116
21285 6
9296 51333 40678 52023 52104 54043
19272 5
70312 28529 2125 45959 1333
8065 4
42841 42849 7565 42850
25527 3
76157 42693 45057
28676 5
77936 49831 11867 16340 4950
9551 5
48349 1946 48354 17018 48357
10945 4
52920 51966 40517 31467
15442 3
64140 64141 19451
18463 2
31702 35833
3084 6
19201 19204 19205 19206 19207 19208
22441 5
63298 15007 73805 23485 60172
1412 9
9295 9297 9298 9299 9301 9302 9304 9305 9306
16562 6
66284 66285 52841 45673 53853 61772
15885 5
65001 49271 65002 65003 61573
4668 6
27628 27630 27631 27632 27634 27635
26557 6
76789 20674 35707 12600 74842 15957
17336 3
67527 67528 67530
29817 4
78508 12822 16714 38409
13137 5
58927 58931 13159 15218 58933
9784 3
40378 40588 47167
13258 3
59228 59229 58288
14981 2
63186 1313
19563 5
56242 42869 44256 55592 64911
15315 3
63865 63868 20202
21269 5
72629 30042 68283 32200 3746
17298 10
67474 30273 61901 16857 11514 28106 67475 39226 10993 42270
739 3
4942 4952 4954
3109 4
19338 16260 19345 19347
25209 7
75943 68320 41212 61354 56376 25868 44321
1358 2
8950 8952
10100 6
9785 17454 17329 50186 28308 50187
14094 4
61220 21457 34167 54299
26753 4
76900 13817 6930 33025
16528 4
66226 66227 31859 39345
7601 5
40985 40991 40992 25753 40995
1266 4
8363 8364 8366 8367
6599 7
36703 34295 36707 36708 36709 11077 36710
11635 5
54965 39611 28443 19817 33030
18535 4
69310 69313 28645 62098
14360 3
61800 25512 61801
29017 4
78107 8044 53392 40282
23032 3
74335 62048 13362
26266 4
76621 38216 23799 41537
18896 3
69790 69791 40685
9854 5
49368 781 3841 49371 49372
14763 7
62713 62714 44271 8861 59045 2315 62715
22560 6
73911 22617 67806 45451 66332 50141
21304 4
72663 53510 18763 59733
3389 4
20889 20897 20899 9055
7590 2
9752 6492
6080 3
34413 9683 34414
15405 4
64066 64069 17328 39170
29449 5
78324 5677 69652 15231 58369
21319 3
62888 28165 68804
14182 7
61410 36000 56980 54360 1330 39082 10674
27966 6
77570 5782 9234 13025 72040 8920
25866 4
76376 41815 52386 75241
3958 5
23958 23959 19420 9997 23962
9893 8
49493 26417 49111 19681 46181 49495 49496 34189
3465 5
21307 21314 21316 21317 16341
3684 6
22502 22503 22504 22505 22506 22507
24001 6
44353 44371 75097 75098 29555 65665
24726 6
75607 53939 61166 1252 11102 52637
7216 1
15911
18103 4
68695 13459 68697 60195
3835 3
23309 23315 12672
13622 2
37504 58297
14455 7
62019 62023 62024 62025 18435 62026 23477
12186 3
45342 55001 53132
16780 6
66660 40843 61550 15276 23873 7615
8582 5
44861 22590 10007 11795 44864
15941 5
65107 63589 9399 29665 40019
14120 4
61275 16070 50421 34667
28138 4
77658 61864 38611 26518
28401 6
77793 36312 22389 26053 44216 14100
17308 9
67488 3887 24941 66562 13578 58388 33976 63684 7807
1837 4
11888 11896 11898 11899
17324 7
67509 10655 58906 16846 32160 52733 29281
25824 4
76350 69782 20160 26546
3510 3
21560 21561 21562
18821 3
69702 55778 64751
24313 2
43370 58049
2 5
16 17 18 19 20
25136 5
75898 68294 75698 51141 10778
15459 5
64181 25089 1171 18237 64184
16019 5
65244 4169 43541 35364 35581
23316 5
51194 60337 35072 63671 42970
7730 3
41496 41497 6439
23859 6
74989 28072 15929 60208 39785 27190
23329 3
40642 60659 6378
6530 4
36408 13028 24475 25511
17402 5
67628 31405 3177 18208 67182
20367 6
71624 19119 70459 30286 71625 63374
23951 5
39438 45461 17136 21183 69774
8610 6
44961 27011 44962 32085 44964 44966
11665 4
55053 55057 1253 7781
9329 3
26959 47593 47594
4812 5
28324 28326 28327 28328 28329
22976 4
74292 30576 1655 31819
5991 5
34007 34009 30732 12513 34011
21767 5
73153 51189 71390 42929 48930
12610 8
57611 43113 26167 16250 57612 30946 3534 57613
6930 7
38196 11155 12750 19087 38197 38198 38199
21935 5
73318 71036 70672 16180 22357
2384 2
9751 15180
16374 2
1677 57627
19375 5
34818 37379 70426 17266 52816
19827 4
70988 70990 70524 15607
21456 4
72826 61326 6117 42690
17236 9
67388 67389 41597 44312 67390 47199 49741 19220 67391
14940 3
63090 58740 63092
7921 3
42262 42271 42272
27104 2
77105 68623
23504 4
74709 11654 58901 74710
24645 7
75554 54235 52596 56526 49967 75555 54250
14625 2
62413 3137
24624 1
75539
28739 4
53775 57977 15869 37239
6371 5
35682 11464 23469 35688 21806
11798 5
55435 7529 17940 492 8629
2517 2
15985 2662
17036 4
67065 8663 61274 65740
8722 4
45390 45391 45393 45395
4372 5
26108 26109 26111 26113 26114
2483 4
15774 15780 3935 15781
4149 5
24956 19608 24964 21310 6571
22283 4
64177 59216 46645 31064
10516 3
51564 39022 25386
22824 2
74157 59177
7370 5
40042 40043 8054 5398 40045
17554 4
67854 67855 67856 67857
24742 5
68646 72978 39565 68597 42540
26282 2
76631 23195
21826 5
73216 13410 73217 33355 69500
3581 4
21938 21939 10961 11326
7910 6
42221 42222 42223 949 31741 19738
7405 5
40174 40178 10884 40179 34879
19489 4
70570 70572 41935 19033
3726 6
22730 22733 22735 22736 17900 22737
28080 6
77629 64006 20782 44087 77294 38391
19669 2
70803 69822
17200 3
22859 1949 56338
911 3
6074 6075 6078
491 6
3303 3310 3312 3314 3315 3316
16087 3
65392 39468 16027
4303 6
25738 25745 25746 23914 25747 25749
29766 5
78483 52976 13059 10621 3140
25604 5
76202 63330 63514 31488 63886
22665 5
74018 65974 60602 57780 3772
21228 3
72580 47490 48756
2292 8
14621 14622 14623 14624 14625 14626 14627 14629
12426 6
57145 34958 57146 35775 19774 32488
5703 3
32664 8162 32671
4543 4
26976 26248 20235 26984
24451 5
75414 41674 37263 50545 21070
5878 2
33482 33484
776 3
5184 5185 5188
25383 7
76064 14019 68352 23822 74269 2715 31025
1334 4
8801 8802 8804 8805
27699 2
53603 15480
18636 1
69451
20403 4
71660 42527 55914 66241
3058 6
19058 19059 5827 19060 19061 19062
29234 7
78216 25728 49938 76364 71076 55327 52583
5067 4
29578 29587 29588 29589
24214 5
75253 43716 60990 35655 75255
19767 4
70920 18830 43612 50330
7680 9
41295 28737 40492 18680 28160 13050 31291 41296 18219
21780 3
73169 33394 56133
298 8
2025 2026 2027 2028 2030 2031 2032 2033
11272 5
53920 53921 28729 11436 47218
11947 3
55845 15126 1206
23151 5
67326 53235 11344 70850 45609
25353 5
76048 39338 64148 13597 35416
11957 2
55868 9826
27684 5
895 77425 42677 6258 75178
20991 6
72319 17768 33213 64106 64813 8033
9148 3
46945 46946 46948
21253 4
72602 69727 42195 72605
15979 6
65165 9766 65168 2478 65169 33230
7706 5
41407 29316 41409 37501 41411
22337 1
43669
14878 2
62967 60827
1017 3
6763 5377 6771
9912 4
49558 49559 49560 49561
14329 2
61728 43289
16261 4
65737 46185 483 61272
24576 2
75506 45837
5641 7
32355 32358 32359 32361 32363 17189 32364
515 3
3458 3465 3466
26622 3
76576 71487 68299
26177 6
76565 54658 35263 73750 65804 34402
14872 5
62952 58042 62953 35242 62954
11274 2
53925 53927
25022 8
75817 72943 75405 75818 75784 29925 72873 56703
17133 2
50400 64527
27963 4
75235 33919 60032 17703
5372 5
31085 31086 31087 31089 25793
15658 3
28496 525 28537
9072 1
46685
7225 3
39436 39443 34370
27724 5
77445 24313 50844 74561 18249
18343 5
69049 13603 30720 65254 55119
997 7
6633 6639 6640 6642 4686 6644 5653
3096 2
19274 19277
14451 4
62008 60428 60355 4272
5042 4
29455 24910 26326 29459
387 6
2613 1406 2618 2619 2620 2623
19130 4
70130 61386 44357 70131
15656 5
64569 48831 64570 64571 10569
11360 2
54186 54188
10406 5
51193 30603 51196 17170 51197
6926 6
38177 3771 38178 38179 38180 38181
27296 3
77212 6625 50234
25669 5
76249 11939 71796 15313 15351
29663 4
78431 76560 58503 72545
4578 6
27154 18392 27155 27157 27158 27159
1469 2
9641 9651
16996 6
66996 66997 30594 18920 37866 31813
15517 6
64292 37593 55535 64294 46572 58847
8477 6
44464 13569 44468 44470 44471 44472
20026 4
27201 2890 6727 35041
3678 2
22466 22470
22611 1
73963
14966 5
63150 57995 63151 53623 53294
7509 3
24801 9468 24765
21056 4
72399 167 2009 19898
12904 5
58343 58345 54712 4419 8335
9791 1
49162
25820 6
76348 1393 56453 640 16312 50253
20088 6
34547 30983 46346 23475 67015 66480
24518 4
75463 52652 56646 48262
18448 7
69193 52514 68250 30656 11433 61784 61500
8663 6
45157 45160 35203 25323 7822 45161
6954 2
38297 38300
18913 3
69814 26386 55329
2862 2
13429 15493
26893 5
76986 27998 31094 65593 36876
12087 4
56225 30028 20361 30074
24790 4
75652 17681 44793 27555
10386 3
51120 51121 51123
18148 3
68765 68470 26896
14673 5
13668 62528 57016 27418 13667
2283 4
14564 14574 6103 14575
8075 6
42879 2658 42884 15697 13365 42885
13129 3
58909 58911 57644
17578 4
67896 15517 41236 17331
13096 3
58832 51132 58834
27505 4
77325 42607 75728 68737
10738 5
52278 52279 46199 52280 33262
2424 6
15416 15417 15418 4301 15420 15422
24114 3
75179 61907 32498
28670 4
77933 17466 66246 14081
14212 4
61468 61469 43819 23001
4559 4
27052 27057 27058 8112
4612 3
27335 27336 27337
14853 3
62908 56279 62910
27590 3
77371 46179 49959
21373 5
72734 9736 11249 34369 44452
1405 2
9249 9250
418 3
2821 2822 2824
16513 6
66193 66194 66195 37124 10699 56269
13769 5
41301 20498 27646 8076 37488
14936 4
63083 63084 36791 59180
19919 6
71105 5668 71106 22462 58128 51856
23100 7
33995 42923 74178 41830 55182 48514 68059
27764 5
77465 23042 35428 39747 5508
3450 5
21233 21234 21236 4939 21238
21527 7
72904 72141 30744 40596 43025 44078 18143
5073 4
29615 29619 29622 29623
13712 2
60358 871
29409 5
78304 48278 16360 59672 11239
11475 4
54515 54521 32217 25608
14436 2
61975 61976
20806 5
72121 42010 69153 24759 9800
474 3
3198 3201 3203
11364 4
54198 40698 30737 2184
19298 4
70344 55026 63245 29692
18852 6
69742 42393 35214 11695 5028 69743
9397 3
47816 47820 32819
5573 6
32033 32037 32038 25967 32039 28083
7567 5
40849 40851 12702 40852 40853
12653 5
57713 16793 511 39865 43380
11148 7
53544 1176 13406 31779 37731 53546 26591
15763 4
64781 16589 61564 44500
8609 3
44959 3041 44960
18919 5
69821 32956 48040 69824 10283
6146 4
34722 13054 34724 11497
6074 5
34386 34018 9561 12 34390
10462 4
51385 51386 51387 1076
27038 4
77069 33969 73715 29081
565 4
3786 3794 3797 3798
5413 3
31273 2230 31279
17472 7
67724 11062 10252 50609 62129 25008 27573
12825 2
9167 34924
5380 3
21805 31125 31127
4548 3
27006 27007 27009
29532 3
78366 67021 29014
15053 4
63331 57459 36648 52646
16061 4
65325 32634 65327 65328
27081 5
77092 52716 67403 60574 44632
5760 6
1109 17583 12255 32923 32924 32925
26219 4
76591 41223 37150 26950
13824 4
60596 26695 5846 48910
24061 2
75136 69157
27617 3
77387 45985 8618
17598 8
67933 67934 16315 64489 67935 45655 57953 58841
18531 4
69303 69305 63212 28032
14475 5
62068 25450 44420 62072 62073
18532 4
58978 16105 41484 69307
15675 6
64601 13685 5393 64602 15085 64603
6739 5
37323 37329 31869 21500 37331
27424 5
77279 6160 63861 70085 68080
15021 6
63261 23072 63263 53754 40562 63264
3077 4
19164 16717 19171 19173
12276 3
56740 23588 56742
12463 3
57241 3279 57246
3672 3
22432 22433 22434
22220 5
73613 8012 40924 54571 58113
16006 5
65217 60914 17248 28797 30444
6586 2
36656 36657
29928 3
34172 50872 62981
13135 5
58921 13792 1507 18604 58425
8024 4
42682 42684 5199 42685
28874 3
78036 24447 61426
13203 5
59087 59088 28574 39715 27543
11690 5
55125 34554 47609 55126 19592
26029 4
76475 44908 74519 30585
7499 6
40566 1922 29811 40573 40574 40575
12706 6
57852 57853 44925 18754 19767 57855
19474 7
70551 22644 68229 60424 10201 26009 50708
29580 5
78390 41933 67545 63622 18315
29678 5
78439 56448 66425 43481 45059
24234 6
75267 1862 70289 20363 25333 38918
22103 5
73494 73495 38091 65032 73496
14509 4
62141 46775 3101 62145
9343 7
41320 39497 47641 47642 47643 47644 47646
2322 4
14804 14806 14808 14809
10099 4
50179 42170 50182 20147
25738 3
76294 41311 61329
6840 2
37791 37794
9071 4
46678 10585 46684 46573
14114 5
61259 60108 61260 61261 55450
28977 3
78087 59677 76837
19588 4
70696 18343 70697 70698
25528 4
76158 20407 26459 64232
6610 7
36758 10772 4945 36760 9512 36762 36763
18027 4
68595 9839 17375 3722
10763 5
52344 52349 52350 52351 52352
25112 2
75881 63612
21971 7
65534 12088 73357 7297 59575 57056 21772
28916 5
78057 50191 27014 47697 29476
3297 3
20385 13004 20395
20889 5
72210 72153 60499 23938 40583
17762 5
68193 58948 7943 22351 67537
15913 4
65053 65056 65057 65058
16506 4
66182 58764 66183 40365
21849 3
73239 34048 73240
20099 6
71312 17146 64986 71313 37302 48154
8798 4
45684 36963 45685 45686
19196 5
70227 38428 68084 70228 36617
17896 4
66261 42284 43001 59683
8393 4
44150 13156 31945 44157
8549 7
44735 44739 6463 24862 17483 12031 44740
6211 5
34985 6029 1077 34990 34991
9571 4
48417 48422 21060 48426
15129 2
63484 63489
10316 3
50898 50899 50900
29248 7
78223 46318 74795 31768 65675 62561 5913
26957 1
77023
3460 3
21283 21285 21287
2864 4
17951 7837 17955 161
18718 3
14103 69095 62204
1346 1
8878
12057 2
38113 20481
5668 3
32495 24377 32497
12877 4
58269 58270 3678 20100
304 5
2065 2066 2067 2069 2070
1223 3
8080 8089 8090
7933 2
10008 42317
24491 3
75445 47655 12011
17496 4
67757 67758 57516 67759
6181 7
34859 18559 34862 27032 34863 34864 27043
27993 5
77583 65141 60950 26082 69244
8593 6
44899 44902 44903 22972 22999 44904
16415 6
65547 66007 66008 18484 2407 3356
28455 3
77822 45370 68781
17962 7
68498 12362 16419 6545 68500 57149 61431
27950 6
77562 40569 73443 16583 11198 28069
14838 5
62879 21190 31275 26272 28763
27289 3
77208 24437 37428
17770 5
68205 68206 61403 48218 8580
29955 7
78577 30896 70037 65796 75544 18893 72441
2737 1
17238
8905 4
46068 46074 19459 35235
28311 3
77748 33820 48638
20847 4
72166 26812 69571 67022
2981 4
18619 17179 18624 18626
2043 4
13139 5737 11791 13146
20876 7
72201 66035 13624 64416 30866 14802 56576
9063 2
46640 46649
11357 2
54170 54172
7577 7
40886 40888 5996 11509 26969 186 40890
16193 2
65589 4043
1162 5
7696 7697 7698 7699 7701
17874 4
24896 45908 66663 39676
341 6
2302 2308 2309 2311 2312 2314
5498 4
31679 31680 31681 31683
5662 6
32462 32463 32464 32465 32468 22318
14226 5
61493 45734 51097 43696 61494
19994 6
71184 60987 24456 15300 31361 46891
29667 6
53228 61666 22361 18347 3216 41657
6163 8
34782 23774 34787 34788 34789 34790 34791 1359
29143 3
51031 7708 69696
4088 3
24646 17713 24649
23501 2
74707 56007
205 6
1391 1400 1401 1402 1403 1404
2738 8
17250 11576 17252 17253 17254 2783 17255 17256
14449 3
62002 62005 62006
16273 6
65754 34026 65756 65272 28688 61325
3232 6
20034 20035 14034 14083 14914 3808
20994 6
15066 68727 33473 51230 61682 65428
3496 4
21487 8026 21489 18075
7275 4
39645 39649 39650 39653
13221 6
59133 59137 41142 47747 59138 59139
11349 5
54144 54149 19269 54151 47971
26920 3
40717 40879 45053
1376 6
9062 9063 9066 9068 9069 9070
20344 6
59304 29838 26467 56143 43963 66541
25452 6
76111 51222 60740 59445 34913 51505
8518 4
44626 30784 44628 44629
1428 3
9396 9398 9400
13976 3
60948 57497 41003
22986 6
74300 59667 45432 40738 68093 57577
3152 3
19587 19588 16961
28805 3
78001 59332 48969
24243 5
75271 47202 71946 70408 52528
3992 5
24133 24136 24137 15459 24139
13269 4
59256 42919 36185 17108
4085 4
24625 24633 24635 13078
25386 4
66700 30796 49977 46523
26680 7
76858 70557 18122 38830 32528 12308 65772
24856 2
65782 33361
20842 7
72162 68048 47981 66862 46065 34174 41928
21066 1
72407
4 6
28 29 30 31 34 35
12573 6
57527 17197 10991 24990 22221 52810
12807 7
26631 32156 8212 58103 58104 58105 58106
17494 5
67754 9094 22956 64477 66283
9874 4
36879 393 23180 49438
10393 2
51142 36548
10356 6
51022 51023 14751 51025 51026 16918
18111 6
68710 3650 68711 68712 68713 34960
25932 4
76417 41095 65907 70851
3268 2
20229 20231
16030 7
65266 34130 54518 2334 65267 62336 55339
7323 3
39845 39852 28487
27115 2
20432 36898
25877 6
68060 7513 68493 54775 50046 62992
636 5
4267 4269 4270 4271 4274
26012 5
76467 33472 74135 16159 71000
5680 4
32554 32556 32557 32560
7585 4
40914 18418 34518 40919
16512 3
1328 22280 2469
10069 4
40581 50085 19757 24380
15852 6
25409 58850 55302 27438 33177 64943
8906 5
46075 21026 46076 46077 46078
8792 4
45661 45664 45665 45666
27539 8
77344 23814 70948 14762 68943 19902 32595 51418
5236 5
30415 20279 157 30418 30419
15261 2
63754 63759
10827 7
10624 20337 28654 52544 47482 26544 20998
20581 6
71854 71856 71512 56138 68777 46376
10385 4
51112 15652 51117 51118
16466 4
66108 66110 15067 66111
1553 7
10168 10175 10176 10177 10178 10179 10180
16633 3
66409 6950 35234
21589 4
72973 3207 44540 11572
7085 6
27817 4599 38882 38883 7113 38884
16615 4
66373 5173 18555 22656
6768 3
37462 30029 36377
21064 5
72406 48963 12612 16982 48838
25033 5
67688 51454 70901 65600 43130
385 4
2607 2608 2611 2612
18447 5
69192 26939 34860 43362 60292
17304 1
35453
1321 9
8712 8715 8716 8717 8718 8720 6436 8721 8723
18352 3
62277 47962 48087
17370 7
67586 42619 20954 67587 40449 15743 6559
6038 1
34227
15152 4
11821 39272 4415 243
6254 4
35178 30514 35182 35183
8265 7
43633 38734 16724 43636 31155 26980 43451
29007 4
78102 60699 50231 40469
21071 2
5512 32199
9626 3
48607 4317 13963
19716 5
70860 68812 41061 14591 67346
11713 2
55191 35040
12329 4
56875 56882 47921 56883
15179 4
63587 34057 15604 63590
25800 3
70964 52825 20535
3002 7
18744 18745 14542 18746 18748 18749 18750
13106 4
17117 13897 7752 58860
12527 3
57413 8401 29803
27897 6
77534 28637 56137 25228 77186 48519
9141 8
46919 37319 45726 31665 46922 46923 18823 17352
11587 4
54831 25458 54834 44311
729 3
4875 4883 4884
26136 5
63556 74938 40280 66354 34327
21007 4
72335 72336 43973 10887
7731 3
41499 28643 41501
18711 4
69559 4484 28920 52269
14386 4
61860 29361 2468 43026
26229 5
76598 34661 23050 66732 67364
15102 9
63430 63431 24297 56369 35528 42060 63432 55371 63434
11762 5
55330 55331 22113 54195 14609
16682 7
66498 57804 35883 66499 66500 55896 27572
28620 4
77906 25646 6431 31778
16878 6
12318 55639 2811 10405 44590 40746
6684 3
37080 37082 37083
20539 6
71808 409 23245 71809 36301 30789
2152 3
13781 13782 13783
24067 3
34106 3839 10790
23875 3
75000 20076 6717
5987 3
33993 14309 33998
1727 8
11227 3252 10747 1449 11231 11233 11234 11235
29620 3
44436 47455 67052
22522 4
73873 27490 31608 53684
15986 3
65182 27871 27860
7617 4
41044 15677 26880 41049
24148 4
75204 28893 73056 25484
13405 4
59601 59606 59608 48915
28919 4
78058 50176 11252 4977
27595 2
7008 68413
250 5
1700 1701 1702 1706 1707
26638 5
76833 4255 34186 19810 29363
28013 5
77593 302 71457 67429 57535
28896 2
71916 18023
1175 3
7775 7787 7788
22409 6
73776 66682 27991 72879 41080 28887
16499 6
66167 30440 25955 4077 10423 64568
19831 5
70996 60945 27266 19949 39710
14957 2
63132 55368
2132 3
13663 13664 13665
937 3
6238 6248 6249
17217 2
54208 67359
22023 5
73414 54331 36953 73415 68454
19163 6
70177 34027 48938 70180 2744 40504
16401 5
65980 28772 53082 10226 65981
26190 3
62097 59536 3622
25792 4
76330 33783 72208 33216
28324 4
77755 34912 52863 25957
12670 1
55165
5605 7
32182 32187 32188 1014 27937 32190 32191
2265 4
14457 14465 14466 14468
8554 7
44754 44755 28486 44756 44757 34073 21726
24866 4
75707 18356 27812 72544
2788 5
17534 10660 17535 17536 17539
16008 7
20706 23022 61196 65221 31872 41186 1214
11216 5
53749 14324 32959 53752 1120
25337 6
76032 25151 35782 11387 32644 73924
26273 4
54672 72773 14920 16124
5803 4
33120 33125 6932 5984
11293 4
39802 53980 53981 19897
13188 1
817
24257 4
3829 66740 73540 36371
28000 4
77587 12955 15481 33326
13 5
92 93 94 95 96
15183 5
63594 55130 63596 63598 63112
13588 5
60049 50485 60050 60051 60052
2062 7
13260 8157 13261 13262 13263 13264 13265
28671 2
22630 64259
18056 7
68637 15012 56392 1550 3396 68586 52529
2404 3
15297 15302 15304
6436 3
35980 35981 35982
12998 5
58575 44570 58577 25732 58578
12491 4
57327 50396 28695 57330
23961 5
75068 41852 46970 37626 47900
27507 5
77326 6564 59168 77327 244
10973 5
52999 53004 10656 53005 53006
20177 6
47622 60383 20895 64326 64101 49982
2900 4
18160 12429 18164 18165
13937 2
60849 22882
15305 6
63844 27264 423 63847 26308 12421
26991 4
77044 11293 67253 44099
28077 4
77626 68897 11294 9151
17442 1
67678
14125 6
61281 61286 61287 44753 14717 3731
19574 5
70675 31901 64980 49693 33270
20309 4
71558 51278 71559 64718
1322 4
8724 8725 8727 8729
29404 6
78302 39948 57209 71294 35826 73769
24870 4
75711 18820 63495 68821
19723 6
70864 29836 47734 34405 61411 70865
11391 6
54278 54281 24548 43742 8461 20955
19509 5
70593 36899 16514 48450 32141
8587 2
44876 17265
8174 4
43282 43284 43287 43288
28641 3
77917 37897 69336
20498 8
71766 24235 22461 68890 43446 58310 29768 64091
17505 4
67771 20423 67773 46006
6793 3
37573 37579 37580
5219 5
30330 30336 30338 30340 30341
26580 3
76801 53150 7580
25984 6
36086 47419 74734 39493 65648 35224
26429 6
76714 76715 63836 56289 28349 62876
26047 3
76487 4930 30653
21173 3
72521 60891 70480
11874 6
55632 33425 48686 55634 25752 55635
22914 5
74234 2187 74235 70911 74236
7338 4
39911 39912 39913 39914
4281 4
25633 25634 25636 25637
18542 6
69321 47825 11170 65461 53378 69324
9165 2
47002 47006
28491 5
77841 9186 18554 13257 7245
6081 5
34416 33314 5545 17099 34421
19750 4
70899 70900 26941 47928
19904 4
71088 15548 58212 16353
14446 3
61998 54660 61999
6697 4
37142 1938 33376 26683
12268 3
56717 14662 56720
18537 4
69314 28381 45967 21455
29541 5
78370 57304 51861 36003 48787
3350 5
20673 20677 20678 14515 20679
22628 4
73980 58844 14767 14065
24979 6
75782 35589 17845 68185 3156 39384
25027 6
75820 30274 47558 44518 45363 17191
15011 4
63239 8542 63242 25947
24 5
166 168 170 171 172
5152 6
30018 30019 30020 21576 30021 15785
2202 3
14078 13085 14082
1495 4
9809 6646 9815 9818
27845 3
77506 72752 51621
19857 4
71026 39722 71028 60719
22029 6
44635 44729 13175 46687 2428 65705
8448 4
44351 44352 17051 23051
16468 5
66112 66113 66114 49743 7108
18305 6
68995 68996 32484 50576 68044 36587
13286 3
19714 56867 59300
11512 4
54637 54638 54639 54640
12408 5
57094 18290 39166 57097 57098
6022 6
34158 34159 34160 8288 9824 34161
13530 7
59913 54306 54157 24563 39083 33208 40102
22631 4
73982 67473 18837 17013
6512 8
36320 10596 36321 36323 22861 25847 36324 15707
21147 5
72490 49473 72492 2962 55109
8046 4
42774 42775 42776 31511
19918 3
39155 57539 56711
4331 3
25874 25883 25884
23772 5
74925 7894 67438 42780 58207
10427 3
51272 36573 11401
13457 5
59731 59734 35897 23039 59735
16124 6
65457 23716 36002 18337 54314 30455
24589 6
75518 34750 39958 17886 70478 49203
2919 4
18258 18264 18267 18268
25664 1
47769
1838 3
11904 11906 11907
28538 5
77865 1464 75692 49817 3583
15879 4
64991 64993 48816 64052
358 5
2423 2424 2425 2426 2427
18717 5
69566 29436 38114 15115 61444
25051 2
75835 63965
10257 2
16728 50699
12460 6
57234 57235 57236 57237 30973 50951
18779 3
69646 1926 51613
7027 1
38628
10806 2
41617 52474
22817 6
74149 36664 70533 7713 36968 20861
26279 7
76629 11286 58165 10760 75488 49505 73945
10494 7
51499 1910 24980 5612 35047 49796 40908
26457 2
59995 58195
23788 4
54784 8628 61915 57726
18283 4
68965 68966 62324 36214
1409 3
9267 9277 9279
19755 5
70905 3672 10878 198 70906
479 3
3226 3234 3238
21551 5
72929 72931 69124 72933 57483
14353 7
57488 61779 5814 61780 29690 45763 57781
22176 3
50417 5683 52119
18360 4
69073 5637 69074 44487
22463 6
34849 58218 1483 63906 12150 59205
773 6
5160 5161 5162 5164 5166 4868
9492 6
48149 13326 48150 11150 10340 48151
20121 4
71335 52001 47150 59619
23984 5
75083 73354 75084 36331 18242
3761 3
19598 22928 22929
18100 5
68693 30139 16071 55009 68694
10208 4
50546 50547 20288 12586
9580 7
48453 16886 11331 48454 33832 21844 33585
2669 4
16836 16842 16845 16847
24563 5
75495 71315 7642 58148 68879
20212 6
71445 42734 62772 69264 67851 34199
24634 5
75546 73028 46306 9170 8775
18571 6
69355 51210 37127 68425 2243 69358
19751 2
39189 70902
313 4
2119 2130 2131 2132
22266 5
73658 73659 73616 70647 4862
18943 4
69858 69859 69860 43777
6201 4
32881 26838 28293 34951
19997 4
60295 67120 6385 52590
9890 9
49484 49485 49486 38330 49487 35316 49489 25936 49490
4165 3
25040 14097 25047
26504 4
76761 31908 33031 58291
28444 3
18248 59630 60876
28790 6
27762 50115 41493 32114 67508 49544
4931 5
28904 28905 28906 28907 11581
17976 6
68520 21701 68521 34751 68522 68523
12934 5
58415 58416 55768 30822 58417
15812 4
64870 58380 35219 59785
10604 4
51858 38026 51859 51860
22815 4
74148 73300 20820 48847
7867 6
42056 14714 10542 42063 42064 31713
14121 4
61276 55320 36628 30276
1459 7
9581 9586 9587 9588 9589 9590 1719
21814 4
73202 43054 73204 73206
22760 4
74106 65089 45464 53300
13845 2
3129 48545
9800 3
32525 13953 43331
12968 4
58499 58501 58502 40795
9510 5
19874 3173 44196 48204 48205
3195 2
19824 18061
28085 3
77631 53157 53960
11590 5
54844 54845 54847 7439 54848
11695 3
55138 32137 23338
12487 3
57309 57312 30229
5509 5
26593 7750 19160 31736 11817
8021 1
42669
27094 6
77100 67884 27327 48578 49402 7824
3641 4
22259 22268 22269 22270
12016 4
56028 56029 5657 14037
27062 5
77083 61717 28368 35189 5270
141 4
958 968 970 971
26825 6
76943 58722 62754 48624 31913 65875
26676 10
76856 64841 24087 27398 72042 58644 19038 25667 71437 54279
6808 2
37648 37649
27394 4
77262 62225 22974 49718
4615 7
27341 23804 27347 6637 27348 27349 21780
555 2
3723 3735
23008 3
15817 19559 49425
1958 4
12639 10301 11635 12640
8859 4
33282 45891 45892 45894
9477 4
48098 48104 22195 22614
12233 6
56626 17598 21192 39364 48931 901
984 5
6553 6554 6555 6557 6558
428 3
2891 2892 2893
15529 4
36780 64321 41094 24963
6922 4
38157 38158 22510 38159
19279 3
59408 21685 33046
4206 4
25251 23636 5889 25252
29028 2
78113 5040
22870 4
49101 45306 62497 6951
29775 3
15963 46771 34730
1807 3
11718 11719 11720
5369 5
31065 13289 31071 31072 5849
27043 5
77073 7605 25541 45056 19582
13342 3
59442 1347 59446
8368 3
44052 44053 44054
22649 4
29763 38217 9456 34676
17059 5
67102 4736 59370 11422 23973
8701 4
45315 45316 6384 43668
18978 3
69905 12704 69906
18263 5
68931 20015 14310 17094 65591
27544 3
77347 62066 4404
28 5
194 195 196 197 199
3445 7
21197 21205 21206 21207 21208 21209 12266
28745 4
77971 70537 62616 68134
922 3
6148 6149 6151
18572 1
69359
15805 8
64854 64857 4400 64858 15114 55483 28288 64859
15221 5
63666 41740 63667 5553 23198
19086 5
70062 11682 43572 48095 19584
11335 6
54100 54105 6892 52867 53734 54106
26020 7
76471 905 5014 58313 75776 62931 35941
29526 4
78363 18022 58628 13635
14437 6
41091 20803 41691 46699 56752 44439
28716 5
77956 58753 65610 19085 11327
21874 3
73265 67170 60598
20292 4
71535 10745 40413 46918
15218 4
63664 63665 13086 20523
23083 5
74383 43699 3847 47545 67845
24075 3
4473 24986 45592
17954 2
68492 37821
13470 4
59770 59771 58245 46482
14413 2
61922 33748
28911 4
78054 68977 45388 72872
5667 5
32482 32490 32491 11452 32493
658 4
4413 4416 4417 4418
1549 2
10143 10153
20351 5
71605 67026 71606 13084 57851
15490 2
64243 64245
24190 4
75238 55215 31507 53053
1340 2
8839 8842
15844 2
64924 34204
22764 3
74108 52452 41784
24843 3
49087 35643 63712
11996 3
55974 30116 54822
29018 4
78108 69863 66271 43900
22913 3
74233 38511 70326
26269 5
4236 56936 73238 36693 2264
4868 2
28590 28594
23390 7
26057 18752 8417 5113 69456 62848 53478
23640 6
74815 37209 21001 48791 56093 6876
29530 5
78365 74162 74143 68542 17761
6042 5
34242 34244 34246 20422 34247
6372 4
35691 10799 35692 35694
20895 4
72215 21791 72217 72197
4373 4
26115 26116 26118 26119
12507 5
57367 57373 32239 57374 17306
29215 5
78206 75434 76099 5821 17367
7579 3
40895 40896 40898
12996 1
3139
17630 5
54992 32514 67152 29610 19987
4933 4
28909 28914 28916 28917
13596 4
60074 44668 18809 12538
16824 4
33100 51362 66726 41420
20313 4
65937 35965 9405 31663
23243 4
74510 10746 61008 74010
11170 3
53610 53611 53612
3513 4
21574 21577 21578 18790
15820 6
64885 53721 58708 64887 1976 52740
11710 2
43836 46042
9004 2
46439 46440
26018 4
76470 66203 62193 38698
24598 6
75524 71655 4229 45938 7746 23610
6992 2
38474 17165
19275 6
70314 56727 11202 43974 23806 41584
2548 4
16162 16164 5405 16165
6070 3
34367 22199 34368
22005 6
73393 71288 29993 70895 50482 32416
25825 4
66252 24828 18185 72871
12738 4
57926 57927 51783 53786
16536 3
60686 15581 16273
16184 3
65575 65576 26646
4947 3
28983 28990 28992
2181 4
13947 13954 13955 13956
28772 8
77985 64114 47165 50585 30249 33156 20465 53078
1146 5
7598 3490 7603 788 7604
15834 2
59456 14518
10457 6
51365 20891 22383 51368 21342 47581
29165 5
78181 49611 73650 61700 46154
3687 2
22523 22525
15819 4
64882 56301 24168 58907
11520 4
54656 49049 54657 10244
23691 3
45900 60392 62491
1467 3
9629 465 9637
18259 5
68926 68571 27436 16635 26672
26545 5
76783 10618 64081 18089 71077
13339 6
59433 36134 14415 30683 59435 21501
11530 4
31717 43092 24665 45309
22132 5
73523 29284 50360 34224 18233
22711 3
74052 40408 32564
4804 3
28277 28278 28280
20327 7
71579 59539 54856 71580 71581 68005 71583
7307 3
39779 39788 39789
23632 5
74805 49400 25734 56033 52608
5066 2
29580 29585
6552 4
18085 36506 36507 36508
25771 3
41431 323 74074
1341 4
8844 8845 6330 8848
6443 6
36009 25202 36014 36015 27419 26431
17194 5
67319 67320 12261 65451 13305
13603 6
60088 6263 19522 60091 60092 21366
6255 1
35186
16527 6
66221 66225 20840 61701 20595 33004
19300 2
70345 43949
15466 4
64193 44847 38457 64195
23532 2
74733 73231
1361 4
8963 4096 8971 3381
6961 3
38328 38335 7100
29124 5
78161 27038 77531 36607 10370
8089 5
42936 42942 42943 42944 24631
26987 5
77040 10854 74246 46188 68006
26276 3
76628 56373 71585
20015 2
71207 17803
20432 2
71687 71688
22938 3
74256 56995 61496
16531 5
66230 54788 33918 13183 66233
26627 5
76827 34250 13777 12542 74129
6569 3
36584 36585 19213
16619 4
66382 23045 5614 52727
10708 5
15155 5563 17473 26002 10653
27614 3
44725 9356 10013
10757 7
52325 47362 52327 24868 41073 52328 52329
4495 6
26752 26753 4444 3613 26755 26756
19668 5
57911 36437 49508 62463 50634
14566 4
62278 62279 12366 52537
26792 2
76925 29776
19197 4
20733 44160 48101 68304
5722 7
32753 32754 20478 32755 5059 27741 32757
3507 6
21541 21545 21546 2864 5004 21548
10049 3
50012 50018 8773
16557 4
66276 64228 51263 36217
19915 5
71101 10021 5834 29915 71103
14708 6
62598 38232 57460 52526 62599 48053
26589 4
76805 50269 56361 51115
11339 7
54114 16022 54118 54119 54120 24472 54121
11627 5
54940 54944 38871 54945 54246
7638 5
41126 41127 8232 41128 41129
16948 4
61720 51872 40527 66526
21521 7
72896 63153 16944 72898 59389 2499 23589
18115 2
68715 68718
29020 8
78109 12847 59603 53344 75935 16295 29730 72145
16571 2
66302 56570
28310 5
3576 8983 28440 8078 52574
9715 2
48906 48913
17443 8
65012 16321 22411 67679 67680 37498 2940 67681
27423 4
77278 17778 11244 70305
398 3
2693 2694 2696
15765 3
33899 53451 12679
5299 5
30727 30731 26883 30734 3876
16409 3
65993 41324 1488
14964 3
63145 63146 63147
20874 2
72199 51547
17560 2
67867 50782
21386 6
72747 51663 61929 72748 46147 20637
26687 7
76862 11284 21818 53002 70465 63441 66046
25790 3
76329 70014 54465
20644 4
71931 22261 6874 31842
4552 4
27025 27026 27028 27029
10773 2
52379 38909
20046 2
58840 71250
18266 4
68938 32422 68940 20412
18726 4
69577 69579 66716 48334
3012 5
18795 12298 18796 18797 18799
10752 6
52311 52312 52313 14538 52314 52315
14465 3
62047 41548 1457
15778 3
64806 25842 11208
26984 6
77039 18884 11652 69642 62517 34573
484 5
3265 3266 3269 3155 3270
18420 2
69159 16077
1401 7
9219 9220 9221 9223 9224 9225 9227
16627 4
41582 66402 46681 31186
14948 5
63110 17937 63111 37616 57698
18088 5
68680 68681 23341 7990 46148
28101 3
77639 58304 42219
17977 1
12703
26300 6
76642 59776 43154 66474 48102 58710
4912 5
28811 27107 28813 28814 14463
22199 3
73588 73590 56177
20459 4
54948 46704 34889 69252
12296 4
56792 25499 56793 56794
21487 6
72850 19226 58615 39477 18175 870
12767 3
58000 39663 58004
12525 2
57410 13713
28596 5
77894 13869 56045 69459 51329
28493 5
77842 58521 19931 49148 8600
11156 4
4430 53564 53565 4994
8203 3
43391 43397 43398
8355 4
44004 44009 23871 44011
14039 6
61103 25574 51007 11057 61105 61106
20349 2
71602 3612
14269 4
61109 61595 45244 61596
1724 5
11214 11215 11216 11217 11218
1284 6
8478 8479 8480 1097 8482 8485
15641 5
64544 12988 45186 41629 64545
22268 8
73660 63006 73661 11012 63065 50477 57512 31947
13980 6
60955 60956 31922 60957 44941 51011
7848 5
41974 41975 41976 24953 41979
20562 3
71835 57862 40825
24145 3
75202 67558 57906
9672 5
48757 48758 48759 48760 48761
4690 3
27742 27743 26345
20898 5
72220 41981 11148 61217 8168
21947 4
73330 73333 60100 54915
7235 2
39487 35192
24749 6
75622 18194 24672 70270 39418 75623
20902 4
68964 30534 7677 13913
25476 5
76127 20266 24307 26022 42179
25830 6
76354 47745 55017 29417 43897 38894
19297 2
40861 45744
7760 5
41621 41622 41624 41625 29671
3971 4
24021 24026 24028 15269
28669 1
4898
9864 4
49404 49405 49407 20818
1551 3
10165 10166 10167
28212 8
77696 49067 42403 32267 67355 75846 67384 48281
10992 4
37254 51701 53063 53064
11879 3
55642 47295 55647
17158 3
67268 41387 53594
10436 4
51301 48806 19267 15017
8625 5
45014 45021 45022 43043 45025
12272 4
56730 16197 29481 49202
15264 2
30970 63758
5111 3
29804 22803 19635
15825 4
64898 40137 63518 3916
15448 3
64159 64160 44437
4630 4
27420 27421 27423 27425
841 4
5602 5611 5613 5615
14104 7
61238 26548 51930 50290 16425 53384 61239
25846 5
76363 64422 26553 53577 71699
27736 2
5386 62748
12028 5
5477 48228 56063 26835 56065
9466 3
43028 48063 48064
27792 5
77479 37496 65363 13662 15864
10848 3
52617 41970 52618
5852 6
33363 33364 11618 33365 33366 18575
19862 2
33530 61888
12081 5
56212 48231 39623 56214 9610
10779 6
52398 52401 46935 26102 21979 52405
29313 3
78255 26234 77708
19787 2
70947 61652
2828 3
17757 17759 17760
7350 5
27213 38898 39962 39963 39965
18029 5
68599 63035 68600 37057 20021
7003 3
38510 4716 38518
26552 3
72018 7827 46616
13414 1
59627
353 7
2382 2386 2387 2390 2391 2393 2395
12192 5
23243 51051 26065 18202 51665
23608 6
74785 58413 69349 10858 53672 6675
23734 5
74897 6370 39959 33200 39711
22659 3
61038 4511 17795
7145 2
39122 39127
7779 2
27003 21970
19853 9
71022 61805 59805 29749 33811 2124 47106 44061 28558
16787 5
66670 66671 25736 60986 66672
24030 3
75118 41866 28890
1800 3
11675 11676 11678
1084 2
7205 7207
28495 3
77843 69708 1504
15802 2
62459 15008
2990 6
18676 18677 18678 18679 18681 18683
10043 2
49994 41853
11938 8
55824 8472 24386 1343 55825 5891 55826 41762
3569 4
21865 21873 21874 21875
7756 7
41605 41606 17442 34705 41607 41608 41609
26936 4
4537 48134 31571 48473
11338 2
54115 54116
25381 5
76063 67240 12341 58596 23098
10882 5
52724 4563 50648 37842 38545
8821 3
45759 3974 11631
2685 4
16931 16938 16940 16941
5679 3
32543 32551 32552
17274 2
49916 2523
8430 3
44112 44288 29790
24401 4
75379 3724 69439 9006
26824 3
59897 21689 55209
27447 4
77293 64932 37751 17936
941 2
6262 6274
11374 5
54227 54228 54229 11071 54206
16797 3
66688 4600 64445
2983 2
18638 18639
17427 3
67654 64266 11325
3812 5
23196 9323 18373 23197 23199
26997 3
77047 10795 38493
9481 3
48112 28383 36886
8559 5
44772 44774 39315 33406 24744
7116 7
39011 38865 22597 22878 34688 39012 39013
24353 5
75349 3442 35903 73536 70838
2120 3
13599 13600 13601
485 2
3272 3274
29767 4
2919 65037 63652 53354
25253 3
75975 66760 36445
29942 4
38899 77743 64249 43170
15935 6
65095 17342 65097 9285 47500 53747
25108 3
40100 32873 35325
17074 1
44767
5268 5
30575 6335 17712 30577 30579
20433 4
46425 4808 50571 34880
12397 4
57066 20534 25396 57070
24847 2
47567 73596
25881 3
14800 14508 58806
20727 3
72028 33961 48107
3486 5
21431 21432 2204 514 21434
10955 4
52946 24523 29197 52951
13411 4
59618 59620 51185 59622
25226 4
75955 11694 64202 61541
16440 4
66054 47303 44770 66055
8030 5
42711 42712 42713 34080 42715
27352 4
77240 76634 4934 2820
13013 4
58599 19727 58603 35323
5595 4
32135 10782 23370 32142
9061 4
46635 46638 10871 34035
24317 1
48786
16158 4
65525 65526 56160 54184
252 4
1715 1717 1720 1721
12423 5
57133 22287 52421 44385 8948
9529 4
48276 21113 41111 8068
882 5
5880 5882 5883 5884 5885
4065 3
24516 24524 24527
19514 6
70599 64290 67195 5789 70600 39617
17745 4
68165 60026 32831 58958
9751 5
49033 16771 27468 49036 1376
5387 3
13385 8023 18595
7891 4
42147 1676 42155 4630
22701 5
74045 71055 34995 20305 37248
12912 2
8518 58366
430 4
2902 2904 2906 2907
16628 3
60865 51055 7811
21519 3
72892 72895 67581
6442 5
36010 36011 36012 36013 17601
8457 7
44387 44389 44390 44391 34726 29235 44393
23248 5
74514 12317 22990 38730 4990
29625 3
78412 62352 53624
21404 3
41028 12305 72769
19026 3
68959 69984 68974
24486 6
75443 74542 46971 43892 52917 2542
16604 4
66360 56750 32051 36126
18899 5
69795 51220 34154 36165 69797
1027 2
6824 6830
720 2
4826 4828
17669 4
17968 31257 10748 58618
22599 2
73946 50448
2001 4
12891 12897 12899 12900
15393 3
64044 27225 64048
26996 5
75071 57991 30469 61704 33925
7632 3
41105 41109 41089
471 4
3171 3180 3181 3183
27190 4
77152 30865 75472 27540
29674 3
78437 30214 50011
26051 4
76490 11942 21730 47741
20839 2
72157 25139
7500 5
40576 40577 30113 19661 33236
15332 6
63910 46867 2094 63911 3855 23574
20791 5
72107 39933 39782 17749 69035
4181 1
25111
8380 2
44107 44108
1745 4
11329 11335 11337 11338
25169 3
75919 60257 45821
22498 4
73852 59426 19963 68099
27290 4
77209 23670 36501 42539
3286 3
20333 20335 20336
13379 2
59538 57502
1592 4
10409 10410 10412 10414
18751 6
69613 20379 53437 47271 28477 51498
7452 4
40375 30925 40376 40377
22342 2
73725 60803
2945 4
18415 18421 4729 18425
4505 2
26793 26799
18286 5
68971 57842 41275 5686 18663
17278 2
19468 67450
26505 1
67583
8669 4
45179 45185 6857 45188
16016 6
65237 65238 7588 55143 32813 65239
29461 4
78330 72352 39655 24448
24565 2
4960 10294
13335 6
59423 21458 59427 44211 2346 59428
3579 4
21919 21923 21926 21929
3076 6
10511 19165 19166 19168 19169 19170
3803 6
23149 4094 23154 23073 22804 19427
22776 1
40507
21725 2
73111 28560
21415 5
72778 40382 63746 5411 72780
29934 6
78567 65049 61003 40066 57669 32988
6760 2
37427 23599
1972 3
12723 12725 831
12113 5
56288 38426 56292 53996 51377
90 5
617 619 621 622 623
7616 5
41045 40017 41046 41048 35737
9381 4
47764 20845 23971 32721
9146 5
11544 30528 29868 5858 25648
21322 4
72679 42158 40368 4758
1000 4
6659 6661 6663 6664
20631 5
71919 66210 23545 3971 49949
10674 5
52075 51750 52076 52077 30326
15280 4
63790 63791 26154 56118
21532 3
72908 60491 66118
7552 6
40789 40790 26178 6894 40791 40792
15431 6
64117 64119 64120 394 64122 5753
20859 7
72180 11758 56888 29825 44574 15901 71956
14482 3
62085 58595 62086
2771 3
17435 17437 4881
10345 4
50983 5669 50987 50989
28531 4
77861 64224 74972 60704
9946 5
49679 49680 36973 49681 49683
10574 4
36246 51751 51752 14814
28076 2
51531 46700
15862 4
64956 58472 64957 62633
24950 6
75764 2093 69992 6279 56482 64973
26592 4
76807 6918 67210 55513
23755 2
13739 49204
7455 4
40381 6469 21118 40385
11037 2
41931 37384
8891 6
46010 46011 46012 38449 15876 36042
5856 1
33378
14575 6
62301 2203 62302 62303 62304 60618
6541 6
36446 36452 36453 36454 36455 36457
24816 3
31880 58922 75672
134 3
917 918 919
23506 8
74711 32178 48833 7927 27305 6031 4861 60797
20397 7
71652 64347 50361 51232 51294 36904 47361
28733 3
77965 68269 75165
18065 8
16028 68650 8544 14165 41524 68651 55862 4718
2692 5
16980 16981 16983 16984 16985
5262 5
30548 29519 13072 8810 30549
8464 5
44415 44416 44417 44419 44422
20277 2
71518 42580
21461 4
42608 41257 52413 45794
29279 5
78238 55927 70603 71275 52357
20885 2
72207 70828
4927 2
28886 17272
18137 7
68750 43570 51224 65156 487 11109 46779
10413 6
51219 5910 51223 22069 27206 51226
19156 4
70168 66349 70169 43829
2997 4
18711 18718 18720 18032
23193 6
74468 14810 27960 74469 50445 42497
29870 4
16913 61051 63324 317
10620 4
51911 51913 6400 51914
10781 6
52406 30361 16043 7597 52408 52409
4023 7
24291 24296 24298 24299 24301 24302 15435
23512 5
74716 74717 34356 34907 66213
9033 5
46537 19469 3713 46541 46543
18464 2
69215 30743
13184 4
59049 59050 25855 675
898 5
5987 5992 5993 5994 2942
8365 5
44040 41209 28619 44044 43752
12972 5
58511 58512 51144 58514 1181
131 4
888 897 898 899
29099 2
78148 44113
11396 5
54294 8037 27644 16067 50814
20120 2
66251 47517
29405 2
2835 28844
1012 7
6737 6738 6740 6741 6742 6744 6746
14975 3
51706 44188 63174
23715 4
74879 21199 74881 22162
10881 5
52719 50118 38932 36036 52723
13918 1
60815
16346 4
65883 65249 38201 24164
27004 1
77051
17753 1
3081
25352 4
49775 28998 49492 7823
12650 4
57707 22576 16320 51956
6975 4
38392 38396 38397 38401
22060 5
73450 38823 23874 57850 73150
25031 6
75822 57568 11385 52131 67516 25580
11227 4
53777 53785 53787 53789
27808 3
60033 41801 36022
18013 5
34926 34440 63762 10350 62017
375 3
2529 2537 2539
20002 2
29944 71191
29479 1
5579
20621 5
71910 6912 52423 67572 7774
10387 6
14285 51124 51125 38135 45036 51126
9749 7
49025 49029 25863 31805 49031 49032 15160
6033 4
34200 265 34207 34208
26239 6
76603 22177 56770 30385 72262 30930
26531 5
47213 70849 21538 50266 72292
16101 8
65416 64105 57202 65418 46350 12436 65419 12650
13279 2
59281 20807
3771 5
22976 22980 22981 3257 22984
6864 3
37895 28789 37896
813 3
5415 5427 5428
10062 4
50066 42436 44434 22793
17070 2
67116 66906
2286 6
14588 14589 14139 2946 14592 14593
25482 4
76130 26146 10049 63789
283 4
1924 1925 1927 1929
15149 2
63524 45514
14218 6
6627 46588 60034 39380 61482 8203
27171 6
77139 68198 16855 32067 50146 42268
1634 3
10654 10658 5481
8166 3
43250 43251 9899
6649 3
36931 36933 24940
27643 3
77401 45648 31652
11136 1
53508
24839 4
54955 72196 68076 43498
13216 1
59123
28459 3
53940 25329 15176
690 4
4624 4625 4627 4628
15091 7
63413 52623 28782 9914 49300 40715 26477
19777 3
70935 70937 39683
9233 4
47248 47253 26382 3233
13742 4
60422 47273 60425 15171
2393 4
15230 15232 14890 15233
13777 3
60489 58712 60492
4635 1
14085
15707 5
64672 13875 45044 64677 60837
6 7
44 45 46 47 48 49 52
29040 2
71223 32046
14365 4
61811 56935 61815 24798
10450 3
24549 20403 51349
24805 4
75664 35520 75322 19984
21309 4
72665 3385 8578 62181
3813 5
23200 23201 23202 23205 23206
6494 3
36236 36237 36239
23049 2
74351 27619
22329 3
73713 58904 22773
19629 6
70756 62285 70384 60653 13721 5216
4603 2
27281 8955
7583 2
35928 11388
26044 2
76485 27193
21898 3
73291 60066 5491
29857 5
78528 72477 66568 55506 73614
23589 5
74769 36806 4068 47435 54202
18775 5
69641 38834 53212 28683 43190
14220 2
61486 61487
3253 7
20143 1937 20146 20148 20150 10262 20151
25894 2
76397 67507
5429 3
31353 31359 31362
5267 6
30564 30569 30570 23278 30574 6019
12370 4
5591 35247 56991 50249
502 8
3382 3383 3384 3387 3388 3389 3391 3392
9696 4
48849 48850 48851 48852
19239 7
70281 70087 21149 18926 21293 2592 12444
19740 6
70886 64741 35794 37512 36438 5904
16675 3
66481 66487 28693
11465 4
54481 54484 54485 54486
20470 1
49310
16343 6
39841 41722 28412 22548 59754 8173
11556 6
54752 29326 13504 54753 54754 30974
6471 2
29628 36138
8394 5
44158 44159 17298 44162 44163
7514 8
40635 40636 22347 13965 31012 40637 40638 11856
14119 2
61268 61273
16991 5
45815 63955 66987 60562 46785
14696 5
62574 59344 39277 41143 62575
12868 8
58243 46786 23177 54244 44855 58244 15146 58032
20465 2
71729 71731
1335 1
8813
28621 7
55301 77907 14167 64714 25020 49361 55809
3393 6
20911 20915 20918 16489 15681 20920
20296 4
12950 59859 49642 47159
11525 5
54668 54671 49632 54673 34677
19543 4
70634 40340 61802 23216
8800 5
45689 45690 45693 6106 44427
21407 6
72771 53774 51669 23536 41341 7860
26188 4
76574 559 49216 11207
22809 3
74145 42928 37120
20184 6
71410 63381 17181 71412 20108 62945
24328 5
55643 1763 10519 75333 25789
14335 3
12050 61743 61744
27791 6
77478 53101 62309 43134 56767 48801
13641 3
60184 24466 37412
4144 2
24937 18059
9232 2
47250 47251
4454 4
26547 26550 26552 26554
17660 5
68036 35290 60406 65442 41577
9438 3
13234 42590 42213
16796 4
39846 37808 20823 1411
8277 1
43673
7250 5
29675 18695 39544 39545 26332
12683 5
57792 25124 57793 57794 57795
5410 2
18621 31266
15932 4
65088 39007 65090 35409
22141 4
73530 29491 57449 65778
15412 4
48395 40437 64085 4806
22287 5
25318 69002 73679 21673 71271
17434 7
67665 52281 63604 13285 67666 8309 44116
2473 3
15722 15723 15724
5791 4
33062 33069 33070 3368
11416 3
54348 48909 54351
23020 8
11769 32726 72888 25846 43536 20309 22805 25305
12531 4
57422 57426 57427 57428
8806 8
45708 45709 45710 25203 45711 30501 2126 42916
19283 5
70322 21173 66976 2555 54729
17455 5
67694 67695 46187 59486 67697
10029 4
49947 490 49074 7834
22355 5
73733 13240 70452 63167 46184
10748 4
52302 31569 46920 52303
17949 5
56041 68483 68484 1585 50744
19733 5
70877 14298 40748 65588 44969
11160 6
41965 33516 53580 9533 2178 50350
8437 2
44305 24762
16882 3
66811 3619 18084
27222 2
77170 70223
23036 5
74338 43393 66923 55600 50567
20930 4
64301 45243 24223 66341
3538 6
21709 21710 21711 21712 21715 21716
14604 1
62365
29267 1
72736
10652 4
52018 20686 41877 2497
18727 1
61232
4619 4
27361 27367 27369 27370
22894 4
23260 18849 32436 34058
22861 5
74192 47580 37614 33336 59644
25406 6
64851 64333 70349 76081 22202 47245
29579 1
78389
447 5
3016 3019 3020 3021 3023
17594 2
67925 30818
7553 3
40793 40794 38965
15775 5
64797 47805 54194 64798 34693
3879 7
23539 23542 23543 22463 17649 23546 23547
27009 5
77053 71486 50069 74846 24679
17397 2
67618 3675
14303 4
9750 61672 17447 16208
6564 5
19193 24169 36565 36566 12060
19748 4
70898 34888 4290 29561
21590 6
72974 72851 72009 65264 64734 10976
25066 4
75845 40005 44875 10949
18472 4
69222 1408 69224 51137
19320 4
70368 67010 70369 4551
16864 9
66790 66791 6083 62610 28967 66792 33877 26169 3098
1474 4
9679 9681 9685 9686
27373 2
77250 75880
23449 5
74668 64392 13605 5097 69687
22235 4
73625 55378 73626 50984
24488 5
75444 65882 51840 44790 30010
136 4
930 933 934 935
9212 3
47173 46855 47175
21721 4
73107 57601 62734 8606
21349 3
72707 70448 63586
5116 4
29835 29837 18897 29840
13897 6
60764 29113 44799 56325 60766 34581
27484 2
77315 2173
27168 4
77138 1454 70304 57651
9480 2
48113 44568
17685 6
68074 45227 65132 30745 15333 67544
12324 2
56863 56864
4608 4
27312 27315 27318 27319
14113 3
61255 61256 52334
8665 5
45162 4207 40274 45167 45169
2810 3
17651 17653 17654
25952 4
76429 10029 4548 74336
9976 3
49784 33284 49785
5861 4
33393 33399 15237 33400
11464 4
3185 54482 54483 36210
7161 6
39184 39187 39188 39190 39191 39193
15806 4
64860 60001 50039 56768
28987 6
78092 6034 59673 72537 4914 56534
16003 8
65209 44132 16663 65212 61680 26917 8991 52965
23965 6
75070 63584 17006 61365 21337 67827
28040 1
35271
19132 2
70133 66378
11021 4
53149 12710 16833 53154
16689 3
66509 66513 13186
13317 2
46508 59377
7515 2
4024 32273
15238 4
52480 41485 63711 3355
15105 5
63435 48010 63437 41563 54937
27721 7
77443 44928 11450 72939 68631 27259 52734
20360 4
71615 71616 48990 3532
29118 5
78158 33167 63194 64250 19010
29030 5
31630 61939 38494 13683 37963
22968 6
74281 61145 74282 74283 56716 31848
4320 2
25828 2711
28220 4
19409 64328 51470 51165
16159 5
2527 54474 46083 65527 37891
13770 2
60472 38341
29922 3
78561 58828 19421
29589 4
48123 68368 72191 49840
9892 2
33349 45560
389 7
2625 2631 2633 2634 2635 2636 2638
352 2
2383 2385
12790 5
58061 34463 39986 58062 58063
2963 4
18516 18522 18523 18527
23558 4
1490 25946 51334 72681
18163 5
68785 67121 60576 22028 46027
22226 4
73618 15745 20714 12026
27673 4
77417 4848 60979 13301
8992 6
46396 46397 46398 46399 15600 46401
5777 1
14700
11533 1
18480
27413 1
5171
10471 4
51412 51419 51421 28204
26581 5
6021 69108 22312 64850 11441
11878 2
10093 55646
2574 5
16302 16303 16304 16305 16308
14837 5
62873 62877 62878 18053 60408
20735 5
72038 43152 64916 32403 64022
1842 5
11926 4831 11927 11929 11931
26290 5
76636 20194 59656 26164 62340
8070 4
42863 22488 42864 42865
24712 1
24387
29382 2
78291 7357
3322 4
20524 20525 20527 20528
13237 4
59174 52561 23344 8438
23551 5
74745 55488 32281 53299 67444
19602 4
70717 34536 43436 23665
4856 8
28532 28533 5576 1495 28536 28538 28539 28540
22838 3
74172 47046 50783
7342 7
39929 39930 35022 21718 39931 39932 36525
7294 6
39727 19447 2674 39728 39729 13568
6082 5
34422 34424 34425 23082 34426
20617 4
12687 38751 52146 7362
21161 8
72509 70750 72510 48402 72091 59985 69417 14101
6837 2
37772 37779
7964 7
42435 12885 26276 42437 21537 33247 42439
14581 3
62313 62318 62319
15613 6
64482 12001 64484 35459 8925 64485
14641 4
62452 23887 62455 38340
4676 5
27675 27676 27677 27679 27681
18596 4
69390 41527 43174 69391
17120 4
67204 4075 42959 63198
4726 3
27907 27908 27910
16439 5
66051 66053 22916 61192 60743
14425 3
61951 35884 61952
3810 5
23186 21405 5471 23189 23191
22219 4
1434 46259 73611 73612
17207 6
67340 18320 32895 63134 67342 12625
26201 5
24420 19981 73454 486 56771
28172 3
77675 72837 27921
24383 4
75368 64613 45114 55547
5315 3
30808 30809 30811
5917 1
33665
20781 2
72096 329
17198 4
67330 4284 62065 8186
10746 6
21883 50819 37016 4316 12754 52299
9400 5
47834 47835 47836 2445 47839
21032 4
72362 70011 72364 6682
22564 3
73914 71774 73915
11463 4
54477 24740 53957 44662
5302 2
30746 28295
25585 6
76191 59968 7286 73220 35741 30004
16370 4
65924 65925 35939 16627
21896 4
73289 39096 72405 26720
23225 4
74497 63932 16812 74324
14613 3
26758 41066 62391
28971 4
24701 945 65985 311
9263 4
47349 47353 47354 47357
4522 5
26881 15523 7856 20589 26884
9775 1
45809
3162 7
19643 19644 15580 19646 5514 19647 19648
3935 5
353 11288 23844 23846 23847
23978 4
75079 974 49787 54257
3571 2
21884 21886
19262 6
70303 30024 70306 69285 60709 12426
26750 6
76899 70280 35625 72272 30546 25905
6730 3
37295 21766 33873
22212 4
73604 29437 54609 3493
7492 3
40538 40540 40541
3476 3
21376 21379 21380
17860 4
68346 67617 41972 68348
29389 5
78294 13221 30188 70618 61884
15557 1
60331
12154 4
56407 56408 14279 28718
27520 4
77335 52563 21516 71851
16299 2
65801 31174
28705 3
77950 26482 63610
1026 2
6825 6829
29437 3
78318 3159 59472
23923 6
75041 51453 1433 1467 66322 38842
2108 7
13535 13471 12844 13536 8822 13537 13538
17923 5
68440 68441 10458 68442 10777
573 5
3838 3844 3846 3848 3850
18233 6
68880 59757 68882 66071 68883 63141
25185 4
75928 39613 62814 13796
20245 4
71479 3726 41910 64843
4237 4
25407 25408 25410 13608
5798 5
33099 33101 33103 7489 33105
27895 4
77533 11814 21391 68808
14290 2
61643 61644
15326 3
63899 38487 45230
25356 1
76050
25180 6
75926 49275 36296 27470 73585 12981
26451 4
76729 54449 72453 31747
10367 8
51050 51053 51054 26137 51056 46722 51057 2089
6005 6
34071 17980 34072 17772 32400 27725
14638 4
62448 48324 26098 62450
22487 4
30450 301 52390 18928
28288 8
77736 74002 21866 28210 61798 48025 70093 18984
29548 2
78374 71272
3319 3
20505 20511 20512
28615 8
77903 27111 72795 58526 59996 53110 61812 21658
3085 3
19209 19211 19212
22174 3
73564 68070 49539
26762 3
76905 73091 65784
16054 7
65315 54498 5261 10194 34500 65316 8421
7894 4
42166 3725 12313 33905
18833 5
69716 50377 69717 44153 69718
1104 4
7329 7330 7331 7334
24832 2
75683 22694
29520 4
78360 72394 74654 67135
5396 6
31201 31203 14824 28259 31206 31207
46 4
319 320 321 322
18511 5
69276 46976 62926 33410 18869
12053 4
56136 26359 21586 41006
28732 2
47176 69807
16869 4
66795 5045 66796 22179
1909 3
12342 12343 12344
17244 3
67399 20501 40718
20139 4
71354 61737 65945 28283
12599 1
57583
5935 3
33760 33762 33763
574 2
3852 3857
18175 6
68803 21824 68154 37612 12414 37617
8650 2
45116 45118
6969 2
38361 25958
9476 4
48099 48100 41062 32096
16498 3
27130 60056 41495
16354 8
65897 38996 43196 65898 26001 61176 65899 43061
17621 3
67973 64011 40206
23379 4
55016 16288 68820 55473
4445 4
8506 26499 26500 26502
13209 7
6240 40580 59103 23642 59104 28958 11300
21838 4
73229 62354 51820 44667
19393 4
70446 203 47789 38938
15571 3
64403 40058 51742
21482 2
30373 15784
5196 3
30227 1731 30228
17237 4
32572 54285 1320 26512
24780 4
75645 38213 40457 38203
2389 3
15209 15210 15211
8937 4
46186 41381 46189 46190
18166 4
64543 20497 14010 50504
15155 5
60325 21597 52229 49819 56119
138 4
944 946 948 950
2595 7
16417 16422 6398 16423 16424 16426 16427
6472 2
36140 36142
25966 2
19639 25909
1636 4
10666 10669 10672 10673
7786 4
41720 41721 41723 15015
18760 5
69625 13290 26427 5830 11391
745 2
4983 4993
18582 6
69374 69375 15039 53984 13750 5912
27012 3
3742 75115 37469
7111 3
38985 38989 38990
17306 5
67486 62379 16431 11355 41874
10837 4
52575 52579 52580 5078
3408 5
20994 20995 20996 5526 20999
9607 3
48541 23270 38304
9203 3
29967 17965 21454
16297 6
65799 65800 60451 16595 50198 34157
21907 4
73297 66311 56319 60421
26983 4
77038 42116 69078 46989
21577 2
72957 37415
1566 4
10251 10255 10256 10257
6668 5
37012 20123 37014 11100 37015
13084 3
58803 43279 26067
21827 6
40048 73218 18766 47569 67202 3264
15532 3
64327 63499 27405
18703 4
69546 69548 69549 4489
4877 2
28633 28634
22719 2
67860 44218
10053 4
50024 50031 50032 46863
7654 4
41187 41188 41189 41190
4329 5
25866 25870 25871 25872 8508
19293 1
27723
10364 8
51045 13927 26006 41513 9354 2659 20141 33630
27305 4
77216 31175 60883 15246
13813 5
60571 37974 60575 21032 43603
7807 3
41798 41807 13981
21392 2
72754 24998
12737 3
57924 16196 57925
4945 6
28971 5831 28978 28979 24642 28982
19253 1
70293
26999 5
77048 12418 72314 20576 359
24995 4
58736 40661 44325 50881
27336 3
77232 76044 74421
18387 3
69107 32341 14488
17001 3
38722 27568 49179
17710 4
68116 13589 42727 48194
22754 5
74099 15795 14048 74101 5079
1788 6
11600 11601 11602 11604 11605 2104
18211 6
68850 68852 61249 14475 61580 59978
513 3
3453 3454 3455
26168 4
74066 56861 54069 58361
5484 4
31616 31617 23970 19056
21755 4
73141 68228 16528 37482
20975 3
72297 72299 72301
26464 4
51922 54218 21723 35561
19362 2
16550 46533
8527 4
44656 13298 44660 23378
13373 4
59521 43906 1050 15552
16859 3
66779 44768 63978
11090 4
53361 37682 42265 53364
22399 3
73768 64220 12187
4662 4
27595 27597 27599 27600
7282 1
39680
21052 4
72395 72396 41594 72397
18404 3
69134 69135 26693
7825 5
41870 39821 41871 41872 31327
791 4
5272 5280 5281 3429
12958 2
58475 49901
24761 3
35711 1416 16160
28882 6
78040 9558 21826 15057 36638 65211
19794 2
70955 65378
29706 3
78453 52603 40874
10922 6
52850 44151 41966 52851 52853 52854
24642 3
67552 63655 59185
12349 4
56928 56932 13893 56933
8589 2
44888 28680
25149 4
72328 52962 49690 68091
23338 5
74587 307 45750 47067 74588
12394 3
12103 57060 16512
28091 4
77634 74556 39455 52880
27901 2
42596 24742
13554 4
59971 59973 30148 28347
19255 3
58292 55170 52289
29846 5
45672 41504 63838 22715 71895
2110 6
13544 13545 13547 12713 13548 13549
28201 3
77690 18008 20760
17318 2
7087 32020
6260 5
35201 35202 15386 35204 35205
23395 2
74626 51586
13744 4
60427 53229 60429 16576
19622 5
70744 16343 32300 70746 61806
10153 3
50359 31974 50362
20363 7
71617 68942 58319 70619 41170 16644 71618
13390 2
59568 21683
17023 7
67039 22753 67040 57890 42055 67041 56027
6121 3
34599 5786 34605
3254 4
20152 20153 20154 17680
24862 4
75704 52572 44000 15274
19651 3
70783 37870 25878
5261 5
30537 30542 30543 30544 298
21414 2
71528 3346
10691 6
52126 52127 21089 52128 52129 5051
12400 7
57074 9605 51789 57075 47603 29646 57076
18424 3
69161 38747 33807
19958 4
71145 71146 5998 45345
20288 2
71531 71532
15192 5
63614 55581 63615 26060 29784
19420 4
70483 24713 54320 12432
7129 2
39061 39064
25506 4
76146 65046 48544 59922
4127 3
24850 13920 24851
15497 5
64256 27200 8183 239 5841
18884 6
69772 7742 65231 33659 69773 40775
12319 4
56850 56418 38165 56854
22652 1
23321
18527 4
69300 61384 65030 53027
9753 5
29105 37662 49044 49045 49046
15337 4
63917 63919 57256 20310
12751 4
57959 37467 20707 38514
15263 2
63760 63761
25009 5
7468 10544 7140 39808 64686
4330 4
25876 25877 18367 25879
19473 4
70549 50839 22174 64535
27850 4
77509 30378 30984 30218
22805 5
35430 74142 25984 45634 69761
2477 3
15737 6983 15748
4844 3
28474 3154 5528
5796 6
33091 33092 33093 33096 7914 33097
12376 3
57008 57009 48489
6688 5
37101 37102 25465 10351 14060
7602 5
40998 12594 17083 7816 18783
23698 1
28946
234 6
1593 1594 1595 1596 1599 1600
29414 4
78307 48762 66482 25355
15984 3
65179 16240 65181
19749 3
67406 34803 12136
26284 7
76632 27302 24464 13127 59806 56726 22628
25851 6
76366 46163 48370 48929 25791 25207
1282 6
8463 8464 8465 8466 8467 8469
5198 3
24474 30236 30238
27660 5
77410 12608 74599 26567 61011
26861 4
76963 39303 3153 29556
7443 3
15448 11197 40338
20586 2
14277 71869
18834 4
27145 132 8698 36041
13468 4
59766 27724 25911 30449
5235 3
30405 30411 17505
23796 4
74941 36599 8627 12966
17183 4
49898 34647 6486 28922
1197 3
7920 7926 7930
18014 3
68578 37373 25324
1396 4
9190 9192 9193 9195
21871 4
73259 33250 73263 19724
22789 3
1193 22430 4536
25071 5
75848 50347 52323 23031 17592
15086 2
63404 63405
23997 5
75092 7427 67577 8961 23153
9569 3
48412 48416 15461
20353 2
71609 62291
4067 2
24528 24536
541 6
3629 3636 3637 3638 3639 3642
3112 5
19360 19361 19362 19363 19366
6311 6
35427 23099 11670 35431 35432 35434
13097 3
17085 49600 55503
29299 5
78248 73271 22225 71666 26123
8654 1
45127
17899 5
68410 5840 47861 41732 68414
20848 7
72168 21404 14992 72049 10848 4975 47431
9054 2
46615 46617
6728 4
37285 2910 37287 37288
14018 4
61047 9188 3321 61048
24176 4
75226 25184 9627 49260
13028 5
23815 58646 58647 58648 50459
27838 6
77503 6239 62100 66971 71122 71659
3936 4
23850 23851 19444 23854
7247 5
39523 39530 8596 25794 39532
16598 2
55948 51852
15831 6
64902 64904 50692 5176 57712 35429
4480 1
26679
24701 4
73940 24871 58287 59471
2854 5
17902 17904 17905 17906 6565
15145 3
63517 42986 41824
154 2
1053 1054
21779 1
73168
25668 6
74484 68332 37378 13872 62226 46933
9453 2
43969 48021
12125 5
56324 34236 6003 56326 56327
7181 5
14173 9711 5046 39273 39274
26642 2
76835 9776
14148 9
61336 18326 60185 58203 42824 10272 27789 36063 39703
14245 5
61536 61537 46555 58550 11059
7695 3
41351 41359 41362
25327 7
76025 53373 60919 27654 23773 69781 14012
27947 8
77560 63470 49925 45585 62581 65307 58797 52133
7900 3
42186 23302 42188
6474 3
36148 6498 33020
10140 2
28064 50315
7570 2
11340 13527
15354 1
63956
28276 9
77730 11110 12607 31715 63756 56303 49638 35026 55085
1670 5
10882 10883 10885 10888 10889
5504 4
31709 4215 25284 31712
7512 7
40628 40629 40630 32050 40631 40632 20186
10524 5
51584 50565 51585 51587 51588
2555 5
16193 16198 16200 16201 8617
19441 5
70507 70509 57878 46962 49207
11099 5
40220 53389 35895 12202 39957
22221 2
39137 41968
8486 4
44503 44504 44505 44506
20836 6
72152 72154 3092 72155 29169 43868
10707 8
52177 52181 52182 37820 52183 52184 18042 52185
11976 4
55918 6187 55919 55920
28582 5
77887 2304 46716 55688 41167
17130 5
67221 23792 61498 39842 36897
24326 5
75330 44219 46407 24339 53512
20208 6
71440 22146 61210 45150 56981 857
10251 5
50672 10042 18904 50675 40080
24871 4
50977 7415 37699 25181
1218 7
8058 8062 1273 8063 867 8064 8065
11353 3
54156 54159 41332
6134 3
34669 34670 19718
13935 6
60846 14999 60133 48499 23178 50225
22840 5
74173 46750 53038 11466 74174
8444 5
44341 23580 44342 19711 35916
11196 8
53189 53690 29914 10247 15792 53691 17822 39238
15969 4
65148 42921 39982 41880
18861 3
69751 62115 68983
4851 2
28503 28507
29863 2
78531 70662
11279 4
53937 53942 53943 53944
23122 3
22869 67725 66901
4636 5
27459 15739 27461 27463 27465
10133 2
50287 50291
1585 5
10360 10367 10369 6805 10371
20127 4
13760 71342 13725 11490
3388 2
15898 9451
25172 6
75921 60795 40160 30952 63127 11334
16686 5
39602 66505 66506 66507 66508
11944 4
55838 24671 48602 35311
24796 6
75656 57477 54058 54715 9790 74777
10477 5
51436 34896 21526 51443 31517
17730 2
68150 31218
9498 3
48167 48170 33879
5995 5
34021 34028 34029 34030 34031
851 2
5667 5680
6216 3
35008 35010 35011
24111 4
71401 12287 17678 64258
12350 5
22601 23086 54207 46932 39205
21546 2
46825 40705
2510 5
15939 15942 15944 15946 15948
24332 1
75335
29789 3
78494 19036 73757
9841 4
49318 49322 40223 47801
16360 3
65906 8898 7848
16205 5
65615 54241 35273 16122 275
10045 5
49995 33927 50001 50002 50003
21674 4
44152 1802 58235 41482
17111 3
67183 44075 59176
12656 6
57724 39746 57725 50228 32122 12595
13808 2
60561 35492
19932 5
71119 48752 61578 7444 62430
28639 6
77916 5792 48042 50103 68592 42551
23177 7
74455 67299 66169 3192 19818 56270 21967
15394 3
43369 64051 46088
28337 3
43565 23577 11373
21900 6
46777 42767 25097 32823 73293 35785
21964 4
73351 14074 49296 53963
4269 3
25567 25573 6331
9621 3
37088 47223 14268
25651 3
76236 74478 22060
21531 1
72906
2027 2
13044 13055
15077 2
63386 63387
15057 9
63340 63343 43413 26465 39624 63345 55112 48626 61712
19760 2
64765 55500
14349 2
31374 13089
14209 2
43895 61464
8199 2
43379 34374
14071 4
61177 58251 61181 49366
19982 3
71170 43735 71171
7349 3
39952 39960 26541
16697 6
66525 66527 66528 36432 66529 22352
810 2
5402 5404
24207 7
75249 21301 43205 18847 52502 37768 69196
22464 3
50558 66585 57493
26180 4
76568 44721 15922 23217
3766 5
22954 22955 22957 22958 22959
3157 5
19607 19613 19614 19615 19617
23820 5
74958 35530 61684 33946 52919
21311 5
72667 57081 24003 43952 45800
14630 4
62432 40183 16299 9513
26943 3
71514 34103 64211
14929 4
63069 7654 58226 32891
8983 5
46358 45729 348 18182 46362
6184 4
18040 34877 2816 15835
7634 2
41115 39228
21840 3
73230 43622 34646
2485 3
15782 15788 15790
15476 5
64207 49026 61402 64210 46183
11081 5
53336 53339 53340 19622 16083
9837 7
49306 28223 46928 21140 14777 29136 49311
11057 7
53257 53259 37174 53260 53262 13469 35048
26517 5
76767 23607 42220 57810 46480
28023 3
77598 49603 75485
28219 5
77699 16907 44800 73989 71909
4468 5
26625 2298 26627 19258 26628
17169 3
67277 63182 60348
23255 4
74518 71381 42500 57448
8523 3
44639 44643 12890
5167 3
30085 30092 30093
27257 6
75873 34063 52139 2582 29713 65193
16818 5
66715 15425 66717 18344 957
1626 2
10605 10608
26577 6
76799 44931 11412 59237 70012 53494
15750 5
64763 54905 32794 64764 47263
14587 1
62328
12375 6
56999 8036 57004 54084 55049 57006
27824 4
77496 12323 1979 77423
18307 3
68997 68999 29664
16721 5
66566 15312 43098 43396 47381
6719 2
37240 37247
8595 5
44906 10767 44909 36415 44910
2489 2
15806 15812
15401 4
64060 1317 45898 19007
20574 4
71849 25183 68617 71242
19660 5
70797 67492 35797 55640 70798
13089 6
58811 29005 32623 34285 36837 58816
6383 3
35738 20583 22669
20098 1
32734
2571 2
16279 15667
28038 3
77606 10225 11101
29140 3
78169 74285 74817
27903 4
77537 52207 38108 1477
18466 3
69217 53975 10087
20490 2
71760 71761
20426 2
53376 50583
3052 4
19024 19026 19028 19029
28654 4
77924 41063 27981 15068
29253 4
78225 76522 395 26023
9098 4
46768 46769 46770 17976
13456 3
59732 47722 36695
13145 4
58947 58952 13688 36694
3129 3
19458 3890 19463
4305 3
25750 24675 25756
1565 4
10239 10245 10246 10248
25796 4
76332 26342 48141 62140
7705 5
41398 10169 7780 3883 38664
18986 3
69923 69925 69927
12175 1
33958
23210 5
74483 73080 64881 49195 45688
16108 4
65433 50502 43594 36250
13054 3
55923 9236 23550
17844 2
68319 41248
871 4
5799 5808 5809 5810
5693 5
32616 32622 28676 32625 23147
15151 4
63527 8266 24834 63531
11405 6
54319 24584 41851 51163 41954 25572
23644 2
74819 2649
4124 7
24837 24838 24839 4508 24840 24841 3574
23409 2
74636 74434
25842 7
76361 72575 56218 24438 26184 17172 14283
8064 6
42843 42845 42846 38580 42847 42848
26567 6
76794 9378 49011 60196 64483 55248
12624 2
57645 44761
6711 4
37200 17192 37205 37207
1512 3
9918 9920 9922
25405 6
76079 75075 26604 72911 24218 55366
13816 4
60579 60580 29711 26407
3218 6
19956 19957 2300 19958 19959 8895
8558 3
43940 44773 23368
10496 6
51502 51503 23861 12744 51504 46038
13334 3
58473 59424 59425
18961 2
69885 35748
22945 4
74259 74261 18788 23581
7036 1
38666
16083 2
47664 13882
24791 3
38033 42470 53783
18843 4
69733 32780 48936 53360
27574 2
77363 58303
2034 2
13092 13098
18484 2
69240 54869
24835 3
75685 71467 29199
6253 4
35175 35176 8312 2843
20251 4
39889 46982 48880 41620
8276 4
34194 43674 43675 43677
15198 6
1575 31752 63625 7380 63626 23295
29609 3
73074 65511 44090
24269 5
29156 37773 45334 49007 36359
9044 3
46574 46575 37060
5455 4
31478 4506 31485 11628
2174 2
13914 11992
16238 3
62125 50603 65661
6129 5
34639 9906 34648 34649 34650
5975 5
33941 29461 33950 33951 16278
27107 3
77106 3067 41602
29374 4
78287 44096 73951 13238
5660 4
32454 26974 32456 22392
24455 2
63717 59135
1548 5
10145 10147 10148 10149 10150
11298 6
53995 8852 40421 41308 28863 12182
2464 5
15663 15664 15666 15668 15670
4135 5
24884 24888 24889 24891 2845
23944 4
75057 63030 62983 6589
18236 2
24288 39301
17125 1
53197
14525 5
62176 10825 3512 62180 62182
20951 2
55406 72275
23954 5
75062 39502 71345 63786 58091
23233 6
74503 32428 46449 67898 12859 37588
23093 3
74391 7913 72047
19234 4
70276 23466 70277 37605
643 1
4315
18243 6
68903 42036 18287 50636 53393 37132
16946 6
66916 66917 54614 7031 3375 54670
14394 4
61877 25997 7106 31055
27593 6
77372 34917 65842 8792 32353 3627
20709 2
72011 34508
4510 5
26821 26823 26445 26824 26825
2671 5
16850 12605 16854 16856 15027
5956 4
33857 18770 33858 8407
24744 5
75619 74012 71266 74371 50946
13251 4
59209 59212 59213 59214
738 2
4943 4949
27994 8
77584 24919 62816 69477 30386 17464 69810 67532
4247 5
25453 15056 25460 25461 25463
12777 5
58024 58027 17485 58028 13581
4167 2
25052 25054
3807 3
23163 23170 23171
14416 5
61930 60995 52219 37201 50615
14748 3
62683 39237 10091
17654 6
47540 26594 34017 68027 53124 15649
13048 4
58704 58705 5154 58706
264 6
1796 1797 1798 1799 1800 1803
14135 4
61305 30660 50281 61308
16313 2
65824 12397
11985 8
55939 41329 1536 32593 53861 55944 33862 38644
26594 1
76809
25844 5
76362 55629 62811 20992 54267
23521 4
74725 70418 36989 18316
3663 4
22375 2936 22385 22386
17714 4
68120 68121 32693 26408
23659 6
74831 13332 32747 11967 45229 38345
24937 4
59584 59294 45375 75755
25013 1
61937
21377 2
72738 50194
29540 3
47003 21729 38452
3458 4
21273 1777 21276 21278
5481 5
31598 31602 31605 31606 6379
9900 5
49516 49517 45289 35514 49518
13250 2
41292 48571
21496 2
72863 23183
1424 7
9369 9371 9372 9374 9375 9376 9377
7772 4
41671 31416 31366 41672
13598 3
60079 43649 16090
10825 5
52535 52536 15587 13526 52538
14058 2
61152 54353
155 3
1061 1063 1065
28382 2
77784 15388
24202 2
75246 39622
23287 3
74547 51395 74548
16999 3
6001 23648 67000
12241 5
56642 56645 19187 11041 45192
7797 5
41759 41761 8551 33089 41763
12841 5
52392 52226 29378 34675 23915
14622 3
62408 17032 60935
16997 2
66998 46984
3983 2
24081 17512
6857 1
37865
20596 4
71881 42966 69956 71882
21670 2
52802 65242
62 6
429 431 432 434 435 436
25268 3
75984 61989 1758
9836 1
49307
427 2
2875 2885
9020 6
46498 23318 33825 6962 26890 46500
2048 1
13174
14105 4
20005 40213 61240 26478
861 5
5735 5493 5743 5744 5745
21061 3
72403 55788 67670
16395 6
65969 22781 65970 65971 65972 34457
25681 3
76258 21308 16600
5390 2
18581 31176
22255 3
73649 57469 44703
123 3
840 844 847
18998 7
69947 61665 26935 59837 51762 28337 32511
5002 1
29260
24159 3
75212 56614 38016
1825 4
11813 11823 11824 11825
15075 6
63377 8430 63383 49574 55675 46968
8636 6
45064 45065 542 45066 12692 44921
25403 4
76078 60266 51514 38124
19041 4
70004 5941 34703 21268
20524 4
11069 46778 1785 69365
20990 3
38723 68596 38220
13100 4
58842 54478 58843 10529
18860 4
25741 28373 47572 23675
14967 5
42405 44364 45928 63154 57496
26443 8
10868 28270 17153 36902 76215 56543 49149 61938
16416 4
66010 66011 25801 34553
18278 5
68960 49851 58002 45042 18563
7268 2
39621 5590
18746 6
58390 25706 20532 60776 58866 36356
22423 1
10763
5013 4
29315 29317 29318 28820
24718 3
75601 15336 16740
14938 2
31696 63086
9908 5
49545 49546 49547 28897 43076
14906 6
63021 63022 21091 63023 26940 63024
120 4
820 823 825 826
16298 2
65802 6118
1303 2
8594 8604
566 4
3799 3800 3801 3804
27892 6
77532 16681 14721 49166 11634 27001
6846 6
37815 31574 37816 37817 37818 35705
28771 3
77984 3229 21496
10390 1
51134
28264 2
7724 48352
748 3
5008 5009 5011
2022 6
13020 13021 3569 13023 13024 13026
24065 6
75138 58997 30062 31494 20320 57992
4684 3
27715 6752 27718
22256 6
73651 70262 52902 22292 72463 31578
9600 2
48521 45007
20853 6
72175 42157 60774 72176 20480 52678
25446 4
76107 7613 33161 2443
27203 5
55859 76174 39771 56872 46864
19367 5
70415 55771 1502 40096 24745
25354 3
76049 45080 47538
19485 2
70566 32018
27442 3
22189 72825 76719
16560 4
66281 66282 59591 63361
23594 3
74773 20835 6965
16264 7
65741 2221 17360 38934 10786 58179 14462
28976 3
48977 60317 70994
16423 5
66022 50937 62506 6037 56015
26569 6
76795 65976 37073 70497 23626 30782
330 3
1453 2242 2244
6852 6
37845 37846 30944 24402 37847 37848
8124 3
43079 43080 43081
6627 4
36822 36828 5605 36830
20658 4
71945 8323 7029 31543
5514 1
11661
23503 4
74708 1342 29789 48339
23033 1
34665
18425 2
68839 15598
359 1
2430
9770 3
49093 29115 48131
8576 7
44840 29787 44843 44844 4403 44845 38125
5545 3
31906 31912 31914
17933 3
68456 32348 60203
11143 6
53526 53530 47025 52497 53531 53532
25951 7
76428 10698 570 74669 53167 18471 38278
3532 8
21674 21675 21676 21677 21678 21679 21680 21681
24562 2
44538 63620
1030 1
6850
8485 3
44498 44501 4116
11290 4
53973 39179 3651 29464
22655 2
74008 65662
10205 2
50531 50535
15908 5
65045 27520 12172 24800 48639
15373 3
63997 64000 64001
16217 4
39520 65642 65644 42261
17653 4
40081 17939 28686 21397
4649 7
27524 27528 27529 27530 27531 27533 27535
8627 5
45026 31639 22491 38265 24460
22565 2
22766 7531
8195 6
43361 43363 43364 43365 43366 36005
16263 4
60029 49793 16482 10684
596 1
4001
8428 4
44284 39084 43440 227
9144 2
46934 38750
15360 4
63969 59668 53820 63971
2659 2
16788 16789
24489 2
42283 9330
9295 2
47474 39759
6781 4
37517 37523 37524 37525
18419 2
69156 69158
19603 2
16085 57127
2478 4
15749 15751 15752 15754
27074 4
77089 33313 2137 60724
28231 4
77706 42053 52732 58949
19229 3
70266 70267 70268
5320 6
30833 30835 30836 30838 9232 30839
24986 6
75789 55265 19008 44852 5555 17929
27026 2
77062 9831
22851 7
74182 74184 38438 1110 46799 10974 50985
23731 5
74894 52524 28282 48142 69679
10162 5
24061 7179 50402 43607 15860
14991 5
63203 32094 16572 50173 59312
26293 7
76637 64576 60674 37981 20694 71728 1894
24855 2
75697 70667
5108 5
29791 29793 29794 29795 29796
18554 2
69339 69340
26156 4
76552 12039 23067 61130
19167 2
38215 39213
4457 4
26565 14376 26566 7012
13573 7
60015 60017 20318 60018 48517 15931 60019
14090 3
61215 47532 8032
3729 6
22742 9453 22748 22750 22751 9432
23044 1
74348
14802 3
62794 62795 12811
15269 6
59502 36939 5917 38088 63776 52613
23775 4
74926 67201 3478 23795
23074 5
74377 72524 13087 67751 51428
15228 2
39040 51289
8045 4
42764 18241 42772 34626
12128 4
56334 56336 56337 44279
7953 7
8555 14454 42388 42389 4 42390 42391
29427 3
78313 9071 20142
27210 3
21903 19641 56175
23162 4
74442 68079 74443 41042
13751 4
60440 21157 14333 27739
22618 4
73967 72331 51130 36401
16133 3
29167 55962 65477
10579 3
21835 51770 39337
10241 3
50647 50649 27288
14700 1
30121
9927 3
49610 49616 49618
13078 5
58785 15102 58787 2446 58788
2861 5
17933 17941 5952 17942 15903
26683 5
66075 17708 56048 67264 61017
21119 4
72465 30955 62845 72468
24245 5
75272 69246 18278 13702 55763
14042 3
61111 30122 14006
532 4
3578 3579 1075 3580
21723 3
73109 23757 14794
906 7
6041 6042 6044 6045 6047 6049 6050
3855 6
23411 11915 23414 532 23415 23418
15562 3
64386 60442 54446
5610 3
32210 830 32212
6584 6
36643 36645 36646 36649 36651 36652
12596 2
57576 4642
2405 1
15308
23368 8
74610 17392 4487 743 55890 67732 35368 44296
916 4
6108 6111 6113 6114
18804 4
69681 15804 29545 47267
13931 3
60842 31153 60843
26691 4
76864 36734 73268 46206
24187 5
75233 58671 70862 4051 62603
12863 3
58227 19108 58231
5336 5
30906 7863 27214 30907 30909
9463 8
48048 48050 34223 48051 48052 5892 38242 48054
15575 5
64407 64409 64411 48279 64413
21473 2
72836 29033
13307 3
59355 22291 50346
5296 4
30717 8286 16500 30719
4617 5
27350 27353 27355 27356 27357
16600 2
66351 66356
22232 5
11435 52984 73624 31452 22784
5565 7
31998 31816 32003 32004 2997 16416 32005
9610 4
48556 28144 40158 31070
1824 4
11815 11816 11819 11820
4474 4
26650 26652 26653 20519
6609 2
28286 36757
13793 5
60529 60532 13010 43207 19518
16424 3
26504 14072 62898
27400 5
75641 44022 38647 56615 71232
26242 4
76606 16119 6058 26442
22425 3
71653 73790 56656
27584 4
77368 9544 77280 22285
19598 6
70712 70713 34691 43926 50255 17750
21842 6
73233 4485 11168 17699 60934 26471
9391 2
47800 20784
29184 3
78191 60775 56097
27502 3
77324 29096 57866
19800 2
70965 38968
1818 4
11776 11777 11779 11781
11823 4
55498 41921 40006 55502
18092 2
29429 25072
2934 2
18354 8253
14881 2
12029 16573
28247 6
77715 51815 22301 20669 13761 32159
8117 4
43047 43049 43051 43052
17233 4
67382 7844 49186 67383
3231 6
20022 20028 10968 20031 20032 20033
5687 3
32587 32594 32597
1069 2
7097 7104
6978 4
6252 38414 38416 38418
12170 6
56445 18577 6996 54040 32271 56446
27927 3
48747 23311 62770
20746 5
11834 37695 59559 58411 71310
9062 6
46641 46642 46644 7250 46646 46648
1615 4
10536 10541 10543 3902
14982 4
63188 7561 40646 40272
1222 4
8083 8084 8085 8087
26652 5
76842 56207 47363 57109 43491
16138 7
58324 65490 65491 20328 16712 61918 17839
7906 5
42211 30592 16890 42212 36101
15786 4
64820 58071 64338 41692
28364 3
36253 76372 9048
28282 2
77733 26107
3719 5
22685 22692 22693 22696 22697
4531 6
26921 26928 26929 26930 26931 7546
24192 2
75047 23666
16288 6
65785 65786 33860 61117 7500 57799
23595 5
36109 74774 59833 9442 35861
13616 3
60125 60126 60127
7264 5
25469 23567 39605 39606 36121
27218 3
6946 52918 25844
18455 4
69201 62015 69202 9735
19720 6
7958 11137 35553 56840 34215 2401
26806 5
76934 73444 51299 38877 2143
19000 4
69948 69949 19183 32510
6995 3
31806 2405 36400
10187 4
50479 23288 35640 50486
5969 1
6192
26749 2
76898 25153
5178 4
30138 30141 30142 13292
11612 2
54898 10785
14517 4
62158 59366 2987 62162
20300 6
71546 66310 70503 71548 55045 16554
140 5
959 960 962 964 966
18605 5
69401 69403 10872 28361 9552
27846 4
77507 63506 43016 8437
2698 2
17014 17017
26818 4
76940 2229 52598 40951
24482 6
75439 74804 50893 70826 75440 57364
18963 4
69886 51062 7986 40097
23232 3
18166 4031 47308
4287 3
25658 25665 25668
25236 2
39214 20325
22326 5
73712 58525 40233 19905 10898
18519 3
69283 69238 16342
16441 6
47262 66056 65299 21461 66057 54619
16489 7
66149 66152 66153 36266 40173 54885 41890
6406 3
35841 35844 35845
28244 5
77714 37008 59390 71257 4211
14607 6
21389 62372 16205 57675 12374 45035
10104 3
50197 7771 19823
13066 3
58752 52080 58754
24235 3
30754 72367 14659
12785 4
58044 58048 34183 45850
11063 2
53280 9135
13045 6
58696 38916 58699 58700 58701 58702
883 2
5888 5893
26126 6
76536 40900 61529 12219 62501 71358
13513 3
59873 59878 59879
3239 4
20063 20069 20070 20071
14099 6
61228 36767 54706 61230 21847 52860
15548 4
64357 18293 26296 62063
26625 6
76826 72684 58434 74343 21660 22511
10950 5
21165 38753 20424 52936 5693
26171 2
51113 11035
11443 5
54425 46893 52861 40084 54429
11104 3
53401 53402 53404
23988 3
75086 65423 3437
21008 2
72337 68675
20161 4
53025 26778 46738 58065
23114 1
7359
3897 4
23635 23640 23643 23644
4515 5
20610 26847 26848 26849 26850
17263 3
56868 27068 6244
14531 2
62194 13387
28837 5
78017 61978 75281 73641 26766
25466 5
60087 66068 13824 37673 56509
16228 7
65671 25282 53307 4565 12442 50324 10955
1302 3
8595 8599 6806
26481 4
32017 31516 15950 3893
1386 6
9129 9130 9133 9136 9137 9138
6562 3
36552 36553 36555
14359 2
61792 17503
17590 6
46881 67919 34861 53838 47807 67920
16024 4
65252 65253 32100 270
3853 4
23402 20188 23408 909
17565 4
67873 37173 39404 64205
4962 7
29057 29058 29059 29060 29061 29062 29063
15939 5
65101 65105 52271 41574 65106
572 2
3840 415
16823 5
66723 10024 66724 62736 37752
8578 4
44848 44850 24817 34326
19463 4
70536 70539 33644 42556
13583 3
60035 30124 60039
47 1
332
25082 3
75856 48764 75857
8191 7
43345 30682 8622 43348 43350 15159 18054
5284 3
30658 30659 30663
21588 3
16877 46773 13337
26297 4
76639 7098 28512 43651
19127 1
64330
9638 5
48649 48650 30518 48652 12469
9883 2
49467 9579
4797 5
28241 28246 28248 7872 3683
25921 4
76410 70221 27442 65522
24342 3
32171 58387 12696
29457 3
78328 38971 41929
17064 5
67110 38540 49050 45845 58124
29680 3
78440 39304 60070
23022 3
20785 16229 21075
29968 3
69151 54165 72036
27459 2
77301 18831
9355 4
47682 24777 43741 47686
11519 1
54652
10470 5
29045 51414 49732 51416 51417
15734 5
64731 2256 24513 64732 46534
11725 3
55214 51545 42152
3824 3
23259 23261 23262
24339 8
64039 27484 71747 42975 36524 41796 47995 72922
2629 4
16613 16621 11076 16622
18886 3
69775 45245 14009
26394 3
76694 25271 55570
27118 5
77112 3870 76279 74862 6209
8731 2
45427 21387
24341 2
40079 49721
9986 3
49807 49808 12019
29202 6
78200 55717 23983 64135 46595 21122
18518 1
49969
7828 3
41882 31821 37441
11966 3
55897 55898 53773
6527 2
36393 36395
19161 3
70174 70176 53176
12374 1
57001
14339 3
39476 28450 447
9773 5
49098 49102 49104 27469 32704
29416 3
78308 46529 59414
8958 2
4805 25953
6566 4
36570 19004 36571 36572
9586 4
48469 48470 44750 48474
3192 3
19812 19813 19814
18921 5
69825 46679 63209 69828 51313
3985 3
24090 24097 24099
27433 4
77284 24602 50353 9007
1680 3
10941 10942 10943
15558 4
64380 64381 62020 41056
2580 2
16337 9828
27954 4
20052 68412 6442 48330
11327 4
54075 23420 54079 54080
10859 4
52654 18780 3361 45953
5292 7
30695 30696 30697 30698 30699 30701 19924
9224 5
47216 807 47217 30561 47220
28881 3
78039 58900 18411
13780 2
60496 60498
7269 3
39627 36532 39628
15424 5
64109 54212 27915 58793 61285
23479 2
35593 59974
2128 5
13643 13644 13645 9792 13647
10130 3
50280 50282 31911
16199 4
65606 62866 56549 63337
6143 3
30086 24983 34713
1418 4
9337 9338 9340 9341
18276 4
68958 24194 24050 55866
1025 8
6811 6816 4857 6817 6818 6819 6820 6823
1567 1
10260
18177 3
68805 48233 33631
9916 2
49573 11620
25657 3
76241 32303 73953
18743 3
69602 37114 55391
23296 7
74555 12644 35557 47053 54914 24403 12624
18872 4
69762 10975 58120 9107
3722 4
22710 22711 22713 22717
6380 5
35728 35729 35730 35731 35733
11631 3
54953 36275 44702
13959 4
60903 21459 40470 29769
12989 5
58551 58553 58282 58554 46603
12666 5
57750 57751 57752 22639 42812
2291 3
14615 14616 14617
23107 3
41419 72601 34998
3922 4
23769 23770 23771 23772
1207 7
7981 7985 7987 7988 7989 7991 7993
15891 3
65010 60214 7319
18335 5
69037 69040 56113 69041 62021
4057 3
24467 24473 24479
2203 4
14084 14087 14088 4336
18560 1
62287
14123 4
61279 55942 38430 54499
16275 2
65758 41299
12327 4
56871 40015 56590 9833
18114 5
68655 68716 50286 68717 17510
16490 6
66154 20275 66155 10995 31670 2926
8790 1
10207
26869 5
76968 1324 10171 43635 72636
28358 5
35107 29471 60157 74056 412
11847 3
33536 23025 24565
15296 6
14094 39329 35893 63823 48604 26869
22318 3
73706 33034 4562
12866 3
58239 314 41132
12191 5
56510 56514 56515 56516 56517
20190 3
71421 14487 35825
15195 2
63617 10299
11240 4
53828 5152 52067 34259
22416 1
73782
8296 4
37255 26622 43756 36072
15428 5
52195 57719 58898 32884 35102
21135 3
72481 51818 30005
11462 1
43585
6424 3
28746 8558 35929
11616 3
54909 54910 54911
7146 4
39130 3567 39131 39132
15624 4
64505 64506 62915 44785
27173 3
46552 50968 5766
1926 2
12437 12441
28662 3
12517 16037 43480
903 4
6013 6020 6023 6024
29561 4
78380 35160 13703 15992
11244 6
53840 39195 15586 22313 53842 53843
29938 5
78569 55864 60233 21770 33397
11123 4
53467 16319 53470 11771
240 1
1634
23050 7
74352 23703 35485 50178 59756 74353 1870
10172 2
50434 50437
5709 7
32690 13905 9441 32695 32696 24865 3398
3217 2
19943 1301
19250 2
22499 68214
16332 3
65855 33944 64005
7381 3
40078 5409 39224
10733 4
52259 52262 52264 6120
8819 4
45749 45755 45756 45757
5617 3
32232 17880 32241
24483 4
43878 759 69171 6218
4087 3
24637 24643 24645
1226 3
8107 8113 8114
10344 1
50986
13624 4
60146 49215 41673 44608
7367 5
40030 40031 40032 27518 40036
7853 3
23493 41998 33040
10787 3
52418 4843 1775
967 6
6434 6437 6440 6441 6446 6447
8026 4
33154 42694 42696 42697
19069 4
70036 51631 45333 33887
14246 5
61538 61539 42192 1794 48447
18402 4
69131 69132 53185 34825
17802 3
59643 52717 19445
11727 6
55220 55222 55224 55225 53965 27752
4723 2
4564 27896
3942 6
23880 23881 14288 23882 23883 23885
19902 6
71086 47968 21722 63934 18244 69749
16584 6
66323 56321 12620 20434 51389 17679
3823 3
23250 23257 18095
600 2
4030 4032
7373 1
27487
25035 5
75825 35239 70868 8821 10497
22169 4
73558 19355 72413 59651
28258 2
77721 21116
7348 2
39954 39956
8303 6
43780 22842 5787 43784 43785 43786
25707 3
76277 68557 15165
17557 2
67859 1512
27417 3
38729 72278 35966
16344 4
65879 29788 65881 3197
18974 4
69901 37781 69902 19523
16612 3
66371 16087 66372
29039 4
78118 47236 75025 74637
27404 6
77268 18346 35798 53174 37652 11301
22888 4
74212 36419 30851 37443
14868 2
8042 31259
19865 4
295 3991 50758 64752
11313 7
54030 54031 42974 47922 54032 45764 54034
3053 3
5589 19032 18203
23343 6
74591 46599 42720 60500 27287 17611
6457 1
7619
4744 3
27995 27996 27997
27072 2
77088 58054
4074 5
24571 6298 24572 24574 18693
10459 4
51369 27984 51375 51376
4671 4
27641 16895 27648 27651
4193 2
25176 25182
10905 7
30187 3758 13350 52797 30960 52799 25508
1022 2
6801 6804
23386 4
74621 50929 59153 16997
29341 4
78269 45429 63395 44685
7835 3
41908 41915 33362
11026 5
53170 53171 50252 26818 31834
13872 2
3172 19909
9178 3
47049 5983 47052
3339 3
18136 20617 20619
11228 4
53790 53793 53794 40840
3136 4
15654 19498 19500 19501
1444 5
9490 9491 9493 9494 9495
4586 3
27199 27203 27204
3260 4
20181 20182 252 20187
16739 3
46598 10876 5021
9776 2
31447 2757
2000 2
12892 787
10110 5
50215 40367 17415 47238 20273
3706 3
22624 22626 22629
21614 6
72998 51962 51871 26147 57939 72507
24453 3
63640 2981 1335
15435 3
43003 64129 64130
27444 2
77292 46047
3351 2
20680 20684
3074 8
19152 19153 18397 19154 19156 19157 19158 3561
9118 5
46839 46840 46841 46842 46843
16691 5
66514 29178 29977 61012 65300
3374 6
20812 20813 14685 16757 20814 20816
25023 3
55863 5757 52520
13526 4
59906 57014 59907 57749
28320 4
77753 68864 16182 39025
17015 3
67025 67027 50803
28148 5
77663 70431 57378 70042 23514
7496 2
40558 40561
23815 4
74953 8307 74954 35099
14186 4
61418 53193 50718 39755
9327 3
47579 47585 35406
12452 5
28559 8184 57214 57215 5770
28725 5
77960 18393 57282 61892 19586
1294 1
8541
2531 3
16060 6366 12033
20835 6
72150 65953 32382 55087 7695 70565
25361 4
43072 64812 41532 17983
8483 2
44489 41902
16447 2
66067 53147
2620 2
16568 16574
2744 3
6307 12681 17290
1642 3
10703 10706 10708
27034 2
63662 56109
20105 3
65380 58126 9391
26348 5
76669 70953 46252 54345 14168
21166 6
72514 41544 3186 8067 6679 53223
18241 4
68899 36156 1494 46246
10424 3
51261 51262 40645
20382 4
71639 51211 56116 45641
14420 4
61943 60059 61945 61946
21899 4
44398 27836 53671 7532
24537 3
75476 75477 50007
9504 1
48186
4512 6
26830 26832 26834 3338 26836 26837
18411 4
69144 23681 44250 52684
2749 3
17307 7624 17316
13291 6
59308 24517 24157 59309 13786 16156
2083 3
13380 13388 13390
9894 3
49497 18252 34473
14775 5
62733 60680 33146 45238 48482
15437 3
64133 33159 57814
17072 5
67119 17090 45920 42305 47348
7991 4
42534 42537 42538 42541
16858 2
66780 51304
8121 7
43062 8620 43066 43067 1091 43069 23684
11783 4
55384 55389 55390 55392
9275 1
47402
5395 1
31193
7781 2
41700 26535
4309 6
6886 231 25773 25774 25775 25776
22460 3
73821 44484 19820
7969 5
42457 41550 14474 28413 14367
29447 8
78323 41578 59363 14604 48647 63930 76390 77177
29607 5
78403 68204 50620 70701 66240
10410 2
51208 51212
9560 2
48388 15040
26777 3
76913 10358 23014
15565 3
64391 29608 21303
18101 4
58277 62261 59142 14883
8391 5
44139 44145 44146 11658 44148
9568 3
35165 19660 16531
21979 2
73365 58504
17089 4
67147 22245 52058 10875
26815 4
76938 3476 51308 69461
2412 7
15346 15347 15348 15349 15350 15353 15354
13967 2
60921 60925
5758 2
32916 11438
29009 3
78103 2198 19372
5306 1
30759
13974 4
60942 35772 18591 60943
15208 3
63645 56985 24885
3032 6
18910 11463 18912 18913 18915 18917
6784 2
37536 31498
13195 2
28806 4688
15112 4
63448 34475 59271 63450
5737 5
32810 32817 19387 32820 29955
5865 3
6322 33419 20353
6468 5
36116 36117 36118 36120 26267
22210 2
69850 31943
21057 3
14105 66042 43930
10774 3
52387 4066 5482
15736 2
64736 55870
21222 3
72573 59590 72123
24607 3
45131 28556 62749
26685 3
76861 16564 42006
15646 6
64552 64553 60176 28738 28545 55132
603 3
4041 4050 4052
13795 5
60533 4349 40152 60536 43702
18457 3
69203 54608 20415
28840 4
78019 24093 11014 50067
19424 1
8556
10063 5
9667 35241 32987 13013 5007
23782 4
40822 68583 37059 14840
25516 4
76152 31772 18674 46957
19620 6
70742 31386 40515 12389 9329 70743
23357 3
74601 15830 74603
4108 4
24750 24751 24753 24755
20227 5
48646 67782 40404 60953 5401
8369 6
44055 44057 44058 44060 35478 40292
7075 8
38833 38837 24547 38838 38839 38840 38841 36825
26660 3
11626 8766 52670
29335 3
78266 73388 65075
19816 4
58930 26517 70479 4358
17639 4
43500 61501 3380 68001
19092 4
21117 56978 55625 45115
27274 2
77201 6485
28303 7
77744 29195 71231 71517 2196 45248 47725
20958 4
72281 50051 45885 2400
21687 4
73072 15682 2712 65987
4616 3
27351 2518 10111
17963 3
24167 68501 6550
24394 2
75375 55418
28437 4
77812 41076 68531 26943
14714 2
62609 62612
19410 2
40725 32676
3245 1
20097
27286 3
77207 35747 43631
16792 2
66681 11887
24737 3
75613 74253 57937
1630 2
10633 10635
4539 4
26957 19748 26961 26963
3955 3
23937 23945 1711
10654 4
52026 46419 43041 18361
1271 5
8389 8396 8397 8398 8400
13524 4
59903 44092 10121 7138
17811 3
68276 22868 20672
21704 2
73089 24141
23945 2
74550 31725
12097 5
56254 50394 42337 51898 56256
26616 1
2496
25146 4
75905 63287 69572 49239
20809 7
72122 50586 44804 51876 51897 65992 11404
17881 4
45288 22911 46803 13658
29250 6
78224 74545 70699 68307 21338 66248
4778 3
28150 28153 28154
23940 3
75053 75054 35277
28992 2
78095 2549
7108 4
38976 38977 13351 38979
19621 2
58798 61572
18492 4
69250 13926 38156 69229
8833 5
45799 13037 33371 45801 45802
8103 3
42993 38432 9661
2812 3
17662 6725 17663
21142 3
72487 45583 69116
19565 2
70660 18076
29328 4
78263 49329 60247 77146
12774 4
58021 57211 3743 56159
29456 1
1535
25928 3
76414 40694 51707
9486 4
48127 10071 41165 10057
26542 4
76782 43750 36744 40294
24331 6
75334 57994 6970 65062 46475 42215
5787 4
33042 33048 33049 33050
25673 2
76251 64219
2868 6
17973 3371 17975 17977 17978 17979
22388 4
73758 21309 64803 58394
24035 5
75121 54262 27109 22282 22919
22644 5
74001 61505 25780 16530 36346
7256 5
39567 39568 39569 39570 39571
11812 3
55474 14163 34696
3439 4
21164 21171 21174 21176
28163 7
77670 56006 10326 41611 71011 65174 59483
13214 2
42409 59120
10143 5
50321 42263 50326 7314 50327
12025 6
56051 56054 17910 40503 18330 19573
12839 5
58181 46389 13870 1908 129
9360 2
47699 47700
18170 2
68796 68797
29483 6
78341 24220 42009 43394 42163 31802
24168 3
75219 46001 75220
18529 4
69302 65374 53094 20080
6368 7
35672 35675 7606 21507 35676 35678 35679
7170 1
39230
23588 2
258 44073
57 3
388 400 401
15275 5
63783 4963 49571 39620 40881
9060 4
16829 40216 28892 46636
17532 4
67813 33114 31592 60481
1781 7
11552 11556 11558 1164 11560 11561 11563
17544 4
67838 47154 53851 29302
12814 1
58119
5439 5
31403 31406 31407 31410 31411
21791 4
31290 155 58234 72436
10760 1
52338
15509 3
18243 52059 14949
6981 3
38422 10902 12758
26372 4
76682 58605 9379 74551
6630 3
36841 36842 36843
5580 5
32070 29001 32072 32073 10963
29626 3
21014 53475 21245
12922 4
58383 58384 58386 53964
5512 3
31744 13105 31745
3693 6
22551 12872 22553 22556 22557 16596
17754 4
68180 36922 15319 46559
8591 4
44897 14363 2345 44898
7169 3
39220 39227 35347
25322 5
76023 58808 51455 64231 18409
12946 6
58437 32344 58438 24609 58439 7756
12511 4
57377 10525 57381 48312
12526 4
18690 57415 52930 9202
27884 1
63482
16920 4
66879 42093 10895 54245
29751 4
78475 73795 59373 17782
9145 1
36909
25546 3
76168 22689 51300
11085 2
51191 53353
16766 5
66644 66645 10336 66646 28452
21686 3
66560 53080 62594
9176 2
47045 41765
17315 4
40658 55387 36967 47779
19370 3
70419 70421 63350
21987 5
73376 17571 28796 25744 65079
14659 3
62494 32571 39899
11311 3
54022 54027 13980
4583 3
27185 27186 27189
1714 3
11160 11161 11162
576 4
3865 3867 3868 3869
3315 7
20483 20488 20489 10857 20491 20492 20493
16730 2
31473 39474
16305 2
65810 65812
942 5
6276 6280 6281 6282 6283
28206 4
77693 73466 10689 71141
14085 4
61203 22438 50438 61206
17734 4
68153 42611 2010 34188
2640 6
16674 16675 16677 8703 16679 16680
9493 2
48152 41771
18254 3
68921 42181 38146
5631 5
32306 18494 32312 32313 32315
5974 3
33942 33945 33947
8606 3
44947 42103 44948
29443 1
46878
7209 2
39378 39382
29878 3
78539 65845 75938
9855 3
49375 47870 20791
5141 2
29964 29965
27664 2
77412 32869
23762 5
73944 33620 74689 70890 8736
15432 4
64123 16377 64124 57263
22090 11
73481 59836 62622 73483 20593 7948 54397 18803 47283 55046 24611
22047 7
73437 51310 39334 7293 3827 11798 71815
22056 4
32946 20467 22906 26840
11549 4
54733 44539 39201 6527
4731 2
5847 10572
24404 2
75381 35815
7958 4
42413 42416 36171 27399
2095 4
13453 13460 13462 13464
11210 3
32078 44781 53735
19765 3
70919 27740 14537
3328 4
20560 6777 20561 20562
27341 4
77234 70604 74479 46565
6750 4
37377 22743 23625 37383
24512 3
75458 52831 60327
9091 2
28128 20358
308 3
2091 2092 2095
15547 2
16756 9755
14888 6
62985 34680 62987 10200 62989 39501
18145 4
68760 6082 54087 17125
2308 1
14723
24050 4
75131 10843 75093 69964
29927 4
78563 76021 33066 8181
1496 4
9820 9821 9822 9823
11371 5
54215 9699 54219 33871 49643
16841 6
66749 17746 7855 12175 45050 66751
18365 3
69077 54459 46547
2625 4
16591 11507 16597 16601
1605 3
10480 10488 9284
7838 3
41927 14388 41930
15294 5
63821 21134 18281 18098 46604
10047 4
50005 50010 42633 44710
27880 4
77525 73592 51108 55850
23059 1
66288
10290 5
50806 50807 31817 50809 14926
15766 2
14598 29000
9950 4
49691 49692 49694 49695
6162 3
34784 34785 34786
15990 4
65188 54253 30976 45154
2414 1
15360
19256 5
70297 45428 46041 60961 20103
16942 3
66909 5416 32865
3048 4
19003 19005 3528 8923
19822 4
35633 70983 70984 39674
2696 3
17005 17007 603
14287 3
31506 61635 61636
12398 7
26355 40092 33426 57072 57073 35465 41157
23251 2
58852 70466
13223 5
59140 58929 59143 41654 59144
1099 4
7290 7300 7301 7302
21281 3
72640 47294 66753
17155 3
67260 31619 38578
1430 6
9408 7168 9410 7668 9411 9412
7625 3
41074 41078 41079
5813 6
33166 33168 33169 33171 11614 8180
23952 2
44260 36159
7199 2
39342 22053
2036 4
13104 13106 13107 13108
21459 4
72828 27913 63882 69542
28681 3
77938 31857 52504
14292 3
61646 60502 55379
6106 2
34534 34537
15972 4
65152 29323 8959 65154
24697 2
13934 16452
6329 3
34340 35508 24999
22836 5
74171 54890 56496 53587 39741
6061 2
34323 34325
26409 3
76703 68009 21203
27925 5
72609 67197 69670 28388 57928
11283 4
53949 13359 53953 45870
7826 6
41875 28685 41675 41878 5277 41879
13619 5
60131 651 34741 60135 60136
28573 2
77882 54396
3266 5
20218 20219 20220 20221 20222
17468 4
67715 64526 67716 58719
11931 4
55799 30055 55800 55802
2739 2
17258 17260
26374 4
5513 18705 57722 71525
20056 2
71263 3590
7803 2
41782 15907
5204 4
30261 30263 3374 30266
20430 2
71686 5515
27317 3
77222 73366 68197
4520 3
26871 14893 25583
3116 2
12014 19385
4266 4
25559 25560 25561 7437
8282 2
43694 28621
17918 1
29066
17492 3
67749 67750 13657
25339 5
76033 10182 42875 25361 8185
19326 3
70372 70373 70375
25574 4
76185 37554 70682 4427
19342 4
70392 60199 9763 22681
1999 4
12879 10849 12888 12889
6378 7
35719 32539 35721 35722 35723 9550 35725
8176 3
43291 43293 32392
24785 5
75647 12196 56604 68336 6210
26981 2
77037 45051
19610 6
53131 55341 70731 66768 3340 42536
14293 1
61648
5970 3
33921 33923 7582
16955 3
66927 16729 50908
27577 4
77364 31354 68957 6189
25061 3
1413 75338 21829
7757 2
41032 11525
27774 7
77470 7059 43489 61828 64619 6958 68909
15257 5
51190 50797 63747 53857 63748
27057 2
77080 64561
16357 3
65902 31413 32961
19257 1
5200
29242 7
78220 70661 19900 13267 64310 57311 45913
8112 3
18433 43032 43034
28866 7
78032 66708 51570 70810 73600 17794 53338
8181 3
26018 40308 43315
16252 5
51632 14536 65722 26446 61791
8823 1
1786
25775 3
76316 61076 10568
14887 4
62982 10513 50766 53258
11385 6
54260 48968 28783 35359 23942 25704
12358 5
56957 14705 14061 22592 52014
23077 1
6143
4652 6
27549 27550 27551 19426 19907 27552
15993 3
65191 65195 44986
4103 5
24723 24729 6765 15451 24731
2448 6
15565 15566 15568 15569 15571 15572
17379 2
67599 32129
25919 4
63189 11680 1692 21159
23561 1
32996
16813 1
66710
17222 1
67366
10755 3
52320 9078 42691
18078 5
11064 57199 41640 60464 67281
770 5
5143 5144 5147 5149 5150
4743 5
27982 27990 27992 8836 27993
20935 1
72259
26573 4
76797 64067 30647 70995
1479 6
9703 9708 9709 9710 9713 9715
24681 7
75576 35377 37350 11139 65849 67535 73063
11733 1
39330
1990 3
12831 12832 12834
25570 1
29007
26832 2
3341 19706
19289 6
70331 60573 70332 48966 70333 27280
19259 4
59725 1297 35197 20390
3540 5
21720 21721 4148 21724 21725
12523 3
57409 49212 35093
23633 4
74806 55672 66769 65542
16680 4
66496 47826 66497 24504
13563 4
59989 47845 59993 59523
26033 5
55848 13617 38456 52011 13068
3712 2
22653 22655
19900 2
71083 40513
10111 3
50218 12676 50219
11912 6
55740 19670 55741 55742 55743 55744
15008 4
63236 63237 54564 43595
9414 2
47888 47889
12229 3
56620 54450 18922
3093 6
19250 19254 19255 19139 19259 19260
17480 6
67735 8016 66331 51687 14411 67737
4654 1
27558
24105 3
44101 12040 31058
11500 2
54599 54600
327 4
2222 2223 2224 2226
1062 6
7058 7060 7062 7063 7064 7065
25284 3
75997 75382 28407
29925 2
78562 44476
21111 4
72456 42404 29822 48876
7462 4
40411 21012 40412 23434
29421 4
11971 43920 31167 42826
27216 2
7139 41923
21401 4
72761 72763 52694 31458
19368 4
59580 61795 23040 15912
4556 5
15729 27047 11860 27048 20611
3056 5
19046 671 19047 19049 19051
9802 4
49200 3913 4906 49201
14807 6
62802 22103 62803 14665 50774 33153
28275 2
77729 50894
2881 3
18049 18050 18052
12918 2
58375 54006
22941 5
74257 25128 17349 42967 61948
24079 4
75150 32692 19227 47415
3780 1
23029
10680 3
52097 15396 177
5421 4
31308 31315 31317 20102
10033 5
49960 49963 49964 10270 47784
5563 3
31992 31996 31997
6802 3
37619 37620 37622
8628 2
45030 43459
8244 3
43564 43566 43567
11415 2
54343 54346
7486 3
40514 24376 30200
13533 3
59916 23763 42365
23904 2
75026 10347
21167 2
54068 8187
25804 3
75773 18314 42089
17503 4
67767 23395 33701 53722
15063 1
4388
4375 5
26120 23912 26124 26126 26128
11247 5
53846 53850 44187 39898 34720
29712 3
78456 45516 10905
15197 4
63621 53435 49076 61363
4408 2
26302 26303
26386 4
76689 64021 63623 3335
24538 4
70242 7406 65679 31298
2648 7
16721 16722 1628 16723 16725 16726 4154
29161 4
78179 22843 28130 36186
869 3
5785 5796 5798
22664 3
63832 21247 74019
25289 4
76000 32418 10877 75101
20435 5
71689 12645 22281 63988 10916
16086 4
8945 27033 19891 65393
8218 5
43453 43455 34747 43456 37930
21294 2
72654 16213
18446 3
19734 526 14492
18206 6
68844 55899 65513 38388 68845 27198
21247 1
41349
25350 3
76045 24958 53125
25281 5
75994 11508 12957 44098 8625
2741 3
17261 17268 17270
17908 3
68424 32647 36860
29841 2
78520 65230
11288 3
53967 45575 28690
26776 4
56852 36078 65706 14451
22898 3
74221 24908 13789
2219 4
14181 14182 14186 14187
25965 4
76436 64856 37811 48734
20347 1
64933
22675 6
74025 20603 43058 32980 30430 74026
9554 2
48363 24471
3467 3
21319 21326 21330
16312 4
65825 11611 57741 10286
16668 4
66470 49802 66471 49024
19312 5
70360 40587 45436 59980 10688
15672 3
64597 17659 46476
10484 4
51466 51468 51469 28899
7244 2
39517 38998
12587 4
57555 57556 30133 10065
13850 4
1452 60664 38239 48812
11424 2
54378 54380
28939 2
78068 73126
15516 2
63191 60479
3794 2
23105 23106
22688 3
74037 23820 58171
17098 4
67163 67164 54526 48269
26807 4
72709 50013 61375 1170
21844 3
73234 73235 43215
28071 3
77622 60829 77623
14453 3
62012 26619 62018
8951 2
13345 38042
24432 5
75402 9693 16362 43150 2296
28283 2
25031 31095
23319 4
74573 28581 6794 70083
14602 3
62357 55326 62359
8936 2
19870 13164
12846 3
58191 58193 41026
29514 3
78357 71529 4217
16497 3
47012 34794 66166
795 3
5308 2519 5310
22948 1
64034
19407 2
49175 11360
22260 2
73653 49414
17440 3
67675 12664 67676
6898 2
38050 35563
12010 1
56014
10971 4
52993 52998 36064 37078
10693 2
52130 52135
19171 3
63029 70191 70192
20796 6
72112 67184 7338 40740 72113 52638
27634 1
77396
3969 1
24019
4853 4
28509 28517 28518 14169
28942 3
15690 51394 77381
7000 6
38502 16318 8982 38503 38504 38505
17277 3
67447 22643 37477
2122 4
13613 13614 7961 13615
39 4
264 272 274 276
344 3
2330 2333 2337
25432 4
76098 74354 60072 67062
9204 8
47144 31728 47145 36491 47146 47147 47148 45063
23883 3
41355 43096 63119
5147 2
29992 29996
9880 5
27253 21789 49459 49460 28117
15206 4
54973 9308 63641 63642
23573 4
74759 62185 22602 22070
14777 4
62737 49551 62743 18060
1854 2
12000 8630
9868 7
49415 31332 49416 21082 49417 32259 49418
14715 4
44257 57946 25457 54088
12060 5
56155 56156 56157 56158 53321
27708 3
77437 58302 71356
25670 4
76250 37176 28491 68039
3633 2
22216 22226
17711 4
68117 68118 40643 14703
5880 2
33492 33495
3674 3
22447 12089 22449
26414 4
53343 74430 13823 61404
7318 3
39831 39833 7657
9440 7
47976 43698 47977 30785 4925 23573 23557
16115 6
65441 53445 65443 54626 53115 55196
29719 3
78459 59792 26307
9745 2
33745 2121
6110 5
34550 8357 32179 34552 31050
5109 5
29799 29800 29801 23473 29802
27029 4
77063 53282 38309 72766
3543 3
21741 9904 21742
1744 3
11330 11332 11333
18994 6
69938 15969 36442 39733 69939 69941
23035 3
54193 59811 34848
24540 2
75479 57067
8802 5
27126 12585 45697 45698 43406
10593 4
51814 6201 51821 33721
15060 2
63349 1982
15992 2
49837 9694
29562 5
78381 66849 69536 54138 56635
8200 2
43381 43383
4343 1
1776
3154 4
19596 13140 19597 19600
24325 3
67796 15492 43486
16805 6
66696 61950 58633 3210 6614 56144
543 5
3643 3648 3649 3652 3656
3757 2
22904 7809
3151 2
19576 19583
28707 3
11964 56208 28798
14133 3
61304 44302 47278
3505 4
21533 21534 21536 21540
28606 3
75393 71823 50837
29275 5
78236 32724 56766 69935 38018
11795 3
54830 55428 26435
1698 4
11054 11058 11060 11061
27124 2
64166 65632
2380 2
15153 15158
26061 4
26914 27216 34346 29172
16670 5
66475 56181 12070 36736 66476
9221 3
47205 47207 47208
7060 3
38774 4389 38778
12552 5
57479 57480 57481 53293 57482
17112 6
67187 58246 56823 67189 32674 56803
18028 1
59000
13037 4
58670 42707 19563 58675
20213 1
45640
24175 3
75225 35415 16230
4315 3
25795 25802 7596
25221 2
75952 60824
24321 4
75326 49868 75327 11390
20468 2
71736 9546
22722 7
74064 64588 48628 14676 52494 36298 11146
18714 6
69564 30402 67288 11259 30597 65887
4899 4
28742 28745 28749 28750
25222 3
75953 32309 39460
3334 2
20591 20594
13017 4
58613 28511 58619 749
7162 3
39194 39196 39198
121 2
827 832
23392 1
74624
7104 2
38960 25606
20619 3
71908 64102 47013
361 3
2436 2447 2448
12493 2
57335 57337
4672 3
27652 24735 27658
5023 2
29360 29364
26894 3
76987 55386 51168
11848 3
55568 55569 55571
29218 4
78208 5682 75868 70741
1257 2
8297 8308
10714 5
52206 52208 52209 51005 35439
28245 2
67797 52025
21081 4
72421 13434 66419 49472
7176 2
39250 39252
3453 5
21244 21248 17578 21250 17411
7267 2
39610 6404
6859 5
37868 37872 37873 37874 37876
10990 3
14036 53057 53059
14350 3
24149 61774 61775
23556 2
74748 49704
9218 3
47196 47197 47201
14011 1
61021
17439 7
49556 67673 39146 58968 67674 11248 53599
6462 2
36090 36093
9393 1
35166
23116 2
74408 61046
25059 5
75840 23336 64517 75841 59385
23318 4
65198 65647 17003 41945
21966 5
73352 35559 58664 48008 1552
4387 4
26181 26188 10303 26190
12232 3
14985 43568 56627
2809 2
8833 17650
809 4
5389 5399 5400 1261
19700 4
70601 70653 21585 70842
26400 5
76699 33283 50885 11498 56870
704 3
4719 4722 4724
4276 3
25604 25607 25609
5233 1
30404
11838 5
55538 23576 11323 34107 55539
8542 6
37559 36215 44716 18789 15338 24428
6063 2
34328 34337
3444 3
21198 21200 21202
15683 1
64618
27836 5
77502 61525 68291 19124 42925
21051 3
72391 267 22813
15937 2
65098 65100
22975 3
74290 54726 68003
25867 3
17395 15135 38915
21435 1
72803
1308 3
8633 8635 8636
4037 4
24362 24363 24364 10050
21257 2
16956 7080
5945 4
33803 33809 33810 33813
27661 2
43573 42627
8975 4
46333 38058 33979 28679
6352 2
35605 33108
29327 5
78262 25925 48518 3573 17823
8869 3
45925 10466 45933
12672 3
57765 35043 57766
26645 4
76836 73876 71189 45061
23835 5
74971 74228 50258 11567 6681
16890 3
66826 44167 21497
14922 4
63060 38770 55833 21036
9483 3
31081 34684 15145
10786 3
2979 52419 12071
3750 5
22862 22863 22864 22866 22867
28941 5
78069 74506 23066 56032 21588
2622 4
16580 16581 16584 1029
24206 2
72622 45239
26158 3
43831 28111 19831
10597 6
51830 2154 51835 51836 17817 51837
18200 1
68834
2325 2
14825 14827
22398 2
49912 32860
11959 4
55874 30375 55878 31277
25521 3
76154 48201 53575
11453 4
54448 24084 33605 13409
5790 1
31222
17481 4
19186 21849 61427 15633
16988 3
58713 38275 44823
29648 2
49501 17177
23748 4
74908 74909 28375 21916
8074 2
42882 13422
7141 6
23381 39108 39109 39110 39111 39112
18051 3
68630 31999 47137
28368 5
77777 25201 68130 70001 55494
18296 4
38715 28490 24360 14996
28070 3
36374 51606 22812
18920 2
34372 33520
9664 4
48731 35649 25116 40779
6170 3
34817 31102 309
19313 4
70361 4056 45237 58765
25464 2
27980 40498
9219 3
21363 47204 13246
7768 3
41653 15886 41655
17343 4
67538 99 64660 271
18707 4
69553 38479 59463 33453
17282 3
67453 19286 53452
8336 3
43924 43925 43931
14834 3
62868 9435 62870
19412 2
70474 63131
21799 3
73188 52073 64936
22433 2
73797 40310
4006 4
24208 19982 6332 24211
5876 2
20960 21860
25740 4
76296 31701 20381 55544
24716 4
75599 52441 64519 58079
4893 7
28715 28719 28720 28721 28722 19669 28723
23341 4
74589 240 21259 61070
28014 2
77594 53799
21134 3
67858 69568 7394
20936 5
50781 47772 49051 45165 65228
5224 3
30360 20331 21610
15408 3
64078 63842 58474
26397 1
76696
15538 6
64337 40452 52051 44542 52231 13612
8249 1
43581
18269 5
68941 16865 68945 48461 68946
17178 4
67292 67294 58812 14106
20055 2
71262 37065
11175 2
53622 3407
26280 3
76630 72450 31011
16231 1
29447
24231 2
39123 7833
22559 3
42161 65355 70671
23439 5
74660 53105 74513 21481 28173
15682 4
1610 55512 54872 58280
6909 5
38094 38098 38101 5565 38103
20622 4
71912 65623 55160 5053
29637 1
78418
22361 5
73737 63830 1236 34804 62979
858 3
5724 5725 5728
5797 2
31675 4539
22547 1
40495
16589 4
66329 66334 3363 51740
11144 3
53534 53535 29969
21128 4
72476 36332 29220 71871
13005 5
58585 7594 47689 49232 55343
24668 2
75567 51659
6618 3
36789 36790 36792
21063 3
72404 69266 69395
9441 3
47978 19436 41593
4674 2
23032 27665
14180 3
54808 47113 58178
5838 3
33299 33301 33303
17512 2
3050 60901
6035 5
34209 18082 34089 15622 34216
27366 4
45804 71824 69871 68920
3924 3
23779 23781 23782
364 3
2462 2463 2464
10262 5
50714 50715 38356 17744 23181
13963 2
60911 60915
26038 5
76481 11565 10125 43387 75703
11317 6
54044 54046 49399 3983 13910 54048
10016 2
49910 49915
27633 4
77395 73559 67117 61300
17816 5
68282 24799 19901 54277 53808
6743 5
37338 37343 37345 37347 12377
12955 5
58463 58468 58469 58470 38134
5559 1
18419
23163 4
74445 29157 71890 70908
5915 2
33653 33658
19215 4
5379 49597 40059 54315
22116 3
73505 30813 33892
717 4
4801 4809 4810 4812
21749 4
66533 18903 65517 46990
258 2
1754 1757
27942 2
62276 33449
6044 3
25693 34257 32662
3079 3
19175 7564 19184
14300 4
61664 61667 61668 55273
8550 5
44741 31007 44743 44744 28338
17605 6
67610 45517 47710 67943 67944 32405
1219 1
8066
22362 5
73738 72528 68669 16275 65187
9831 3
49287 26785 49292
372 5
2515 2520 2521 2522 2524
4606 4
27301 10108 27304 27307
25998 4
76458 21583 55724 37784
8712 6
36353 45357 45358 18538 6783 717
7218 5
39414 12114 11533 5652 10376
28957 3
78077 28211 47970
28579 2
57727 68861
7242 2
1432 39511
1794 3
11637 11639 11641
28962 3
78080 60587 5030
9073 2
36240 46688
21683 2
73067 31235
9394 2
47808 47810
15653 5
64563 45110 45844 30799 64564
19449 3
70518 57883 62531
29904 3
78552 21193 62706
9070 4
37483 46680 46682 41097
2463 4
15651 4219 15659 15661
13745 2
60430 47927
7596 3
40964 6906 27821
25193 3
75933 28073 16352
23657 3
74828 8043 41166
16623 4
66388 66391 33543 40105
23760 6
74919 45603 36103 62784 12077 46308
15674 1
12269
15161 2
63546 31195
12739 5
45396 9660 35894 57929 31843
2520 2
16000 15594
14882 7
62975 18641 62976 55929 62977 52869 48491
21746 4
73134 56442 3739 12449
6615 7
36777 36778 36779 15880 18593 36781 36782
14515 2
62155 40374
834 4
5560 5562 5566 5568
12932 2
58412 45151
24827 1
26492
22110 3
12536 24378 51493
21062 4
67541 42472 11830 866
18022 2
52901 58717
9897 3
49503 49506 49509
19746 2
70894 43600
16402 4
65982 65277 62805 18477
19859 1
51487
4540 4
26965 26966 26968 26970
2724 3
17173 6129 17176
5445 2
19868 28765
4590 5
14684 27226 27227 27228 27229
10181 5
49570 50464 50465 47015 32336
14655 4
62485 52326 2257 61405
4952 1
23664
19664 3
70800 21499 47494
26895 1
49386
15485 4
64230 64234 64236 8303
16913 5
66865 62486 53267 14540 65943
13853 2
2402 39324
644 4
4319 4320 4325 4327
24060 4
7467 37969 5083 5633
17777 4
68215 45149 36665 20908
2081 4
13368 13376 13377 13378
9116 1
46833
14124 1
25916
22474 3
73832 30350 33209
23413 3
6575 45823 47117
25068 6
75847 61351 39917 53556 53144 44543
28781 6
77989 60285 56089 3564 12823 51192
20533 5
71803 52512 63394 57384 16560
17377 2
42793 35030
12200 5
56538 13448 26582 56540 53941
27659 7
77409 6685 63148 38468 23364 76597 14887
5266 2
30566 18644
13459 4
59736 59738 35739 25145
12389 3
27131 45069 57047
3887 3
23578 23586 23587
13528 3
59909 59910 29292
23863 3
74991 53652 20306
18444 3
55247 9270 15852
1547 1
10141
16870 2
12259 66799
3182 4
19752 19754 19755 7772
25045 2
75831 55652
17705 8
68105 58488 40491 39222 61167 68107 66180 68108
5927 2
33370 14803
5985 3
33985 33990 33992
1880 3
12159 12160 12161
22741 5
74086 30177 48093 49219 61905
22277 5
73668 37709 62347 73160 42141
17840 3
68313 42134 40972
12905 3
32538 25516 318
19198 5
70230 28659 4293 70231 26185
20787 5
72103 1257 59336 12005 57210
10830 2
36559 52553
13093 2
47373 26389
27816 4
77491 62030 66486 72027
15915 2
65059 22791
20217 6
71448 50953 29133 71450 1186 71330
19886 4
71063 14190 39135 60096
27529 3
77339 15647 17717
970 2
6461 6464
21251 3
72599 72600 69216
26858 3
76962 73947 13610
13248 4
56877 59207 18646 12292
14145 2
61328 6931
5943 3
33792 33798 33800
18857 3
69747 37795 58086
1441 4
9466 9472 9473 9474
21409 3
72772 21851 46973
16511 3
66190 5580 50787
17942 2
24995 701
23414 2
74641 53093
12743 3
57934 57938 57940
6574 4
36602 36603 28322 16485
4159 3
25018 25019 25021
26271 3
76624 64097 70932
18836 3
69723 22738 69255
25215 7
75948 32397 34436 26620 53323 20805 6204
23717 4
74882 42085 72844 53305
28511 4
40428 58197 41509 14680
11735 3
49273 18171 55249
22059 2
48253 37454
28749 2
77973 45103
13327 6
59399 59401 59402 59404 59405 56862
14904 1
63018
29239 3
78218 76544 51494
7339 3
38614 39915 26874
246 3
1674 1678 1679
8957 5
46258 14998 39818 30861 45172
27180 3
77147 13005 42615
9089 2
46744 46745
25196 2
75936 14906
2566 3
16259 16261 16262
3655 4
22335 7776 22343 22344
24356 6
75351 72702 27284 49251 17709 73908
6256 3
35187 12518 35188
782 2
5224 268
29835 3
78517 67190 3195
8801 2
7522 45695
18885 1
58250
23580 6
74763 57026 48817 42897 38726 68176
6334 3
35529 31059 21232
10277 4
50762 28708 45088 49652
5784 4
33033 6253 33035 33036
13783 6
60501 60503 60504 60505 48846 60506
17736 1
68156
7866 4
42057 42058 17591 42062
13707 4
60347 4573 51402 39495
7031 2
38637 38643
19973 4
71160 71162 19929 70356
16241 4
37363 65702 32389 26056
28922 5
78060 72914 62206 68455 22745
17358 5
67565 38095 36413 67567 50785
25555 3
76172 29604 70198
1213 4
8020 8025 8029 8031
3174 4
19707 19708 4225 19713
14267 3
46994 59488 18574
10169 6
50422 50423 37216 4176 39639 50425
602 2
4045 4047
10729 1
19786
15423 3
64104 52674 7897
1998 3
12881 12883 12884
6924 3
15395 38169 38170
12015 1
56025
22054 2
73445 33287
13052 4
58715 32298 58716 58718
16224 3
65659 56385 15966
18589 4
69382 64018 18999 11120
28990 2
19633 30947
13924 4
52858 53635 31344 48834
24374 3
75363 36889 23398
16898 1
66841
4650 4
27536 27537 27541 27542
18371 6
69086 69087 24627 27976 19009 6063
24892 2
75725 23904
29149 5
8429 41265 18819 17599 58378
2855 1
4067
4063 4
24506 24512 24514 24515
28933 4
19911 72992 68723 34511
10630 2
51938 20485
4839 3
9002 28451 28453
6136 2
34679 34681
1403 4
9228 9233 9235 9238
11572 3
54797 41900 54798
5105 3
29770 29777 29779
274 6
1861 1863 1865 1867 1868 1869
11672 6
55078 55079 54276 55080 18496 50629
19061 5
70028 27544 30938 49424 5091
13127 3
58905 57540 23698
3140 3
19521 13899 19524
5388 2
21889 24763
17575 3
67889 59844 67891
14257 2
61562 52921
2725 3
17178 17180 17183
18590 5
69383 38606 49065 35244 48943
12489 5
57320 15927 57321 41184 55077
7134 3
39079 39080 39081
12441 3
57180 57185 57187
13362 3
59490 59491 49012
22984 3
74298 60859 24115
22053 3
73442 55998 51101
1705 2
11099 11104
2939 3
18377 18389 18390
20285 2
71527 50939
4560 6
27060 27061 27062 27063 27064 27066
29187 3
78192 27089 77303
27053 2
77078 26600
7459 2
40396 29598
29214 1
11206
23418 5
74644 44327 69070 74170 59073
20335 2
71589 66206
16972 6
66957 66958 11204 22967 65650 41027
21485 4
43392 48658 53222 63497
28741 5
77969 5689 72642 61611 31328
8357 2
44012 44019
13628 1
60155
506 2
3408 3409
25141 4
38205 69168 62288 36248
19038 3
69999 70000 44258
14955 4
63125 63128 63129 59392
7232 5
39472 39473 6414 33768 39475
5015 6
29319 29325 6984 29327 29328 29329
29780 4
68203 44492 43138 65795
20785 3
51103 54254 45020
10207 6
50537 50541 50542 50543 50544 35789
15845 4
64926 12766 64927 63548
20463 5
71725 56268 34180 63317 60008
17037 5
38031 568 17887 67066 37914
29768 4
78484 69004 70716 4991
26849 2
60057 45371
7712 3
41429 41430 28043
17647 9
68012 34113 28561 68013 37602 65463 23184 56245 3282
14264 4
61581 57682 28652 61582
482 4
3251 3255 3256 3259
25802 4
74294 56092 67799 51929
7915 4
42237 42242 34555 42244
6920 3
38147 38148 38150
6161 3
34772 34779 14064
22300 2
73692 73693
23876 3
75002 62535 63931
1774 3
11517 11518 11521
5916 3
15400 33668 6036
17295 2
67469 37149
4978 3
29137 29138 28121
8711 1
45354
13693 3
60308 8271 21365
6805 4
37628 37636 37637 37639
24889 4
49865 37170 64917 25985
22197 5
73586 73587 51343 25114 20003
6970 3
38373 38375 23374
18294 1
68984
503 1
232
13387 1
59407
27478 3
18958 24295 59795
6230 2
35070 35073
12135 4
56349 56353 34526 46391
17687 3
68077 50045 14758
15827 6
64899 64900 30328 60510 23498 642
64 3
444 445 446
13762 1
60461
7558 4
40815 40816 40817 40820
22583 2
57696 63323
27938 3
77555 40905 72745
6887 8
173 38004 20158 38005 22240 4491 38006 38007
19032 1
69990
11980 3
55926 55928 55930
1885 4
12183 12189 12191 12192
22101 3
73492 67624 30465
5059 2
29535 29540
20733 3
72037 44141 16228
23630 5
74803 31401 15996 6065 7101
724 2
4851 4855
6960 4
38331 669 15883 38333
18222 2
68862 55764
13618 3
17124 9469 60132
23642 5
74816 51816 71953 30606 16441
5574 4
32041 20078 32042 32044
28999 2
78098 73030
28151 1
4249
1417 2
9322 9333
1020 5
6788 6790 6791 5645 6792
14299 3
61663 59371 9081
25029 5
75821 4174 49339 20689 74125
3947 3
23898 21659 23907
27647 3
56889 16294 6132
8197 5
43368 5948 20002 36714 29012
27625 4
65210 77031 75292 70869
10398 1
33622
29618 2
78409 66041
28060 4
77617 1088 59383 71220
4086 4
24638 2439 24640 16102
1337 3
8823 8824 8825
22033 2
73424 61925
14670 5
62521 47427 62522 13822 56197
22041 5
73432 31274 46857 71865 61526
28721 3
8331 70416 62232
14709 4
62600 23157 46558 47138
13150 3
58966 9143 58967
8728 4
45418 45419 31029 45421
6633 4
36847 36850 36851 36854
232 4
1580 1582 1583 1584
10794 2
52443 26077
9433 1
47953
21607 6
72988 68452 29820 41005 64972 19446
21617 2
72999 29976
1951 3
12590 12597 12602
5191 2
30199 30202
2240 1
14313
14675 3
62530 31301 36184
26151 2
76549 60578
1172 3
7762 7763 7765
9625 2
48599 20452
6661 2
36981 36983
11663 4
55047 12346 1995 4534
25499 2
53238 34286
7450 2
40366 40369
11701 5
55154 55157 3501 55158 35068
14747 2
26200 36158
15071 3
63367 63369 4149
11336 1
15432
2490 1
15821
19186 4
70212 70213 69843 68158
20481 4
71750 69796 60153 41443
22490 4
73846 48621 62353 8267
5616 3
32233 9417 32237
19692 3
69953 6355 35027
9889 3
49478 38699 49482
23303 2
74560 39938
26181 4
17421 63588 573 28133
20981 4
72307 72308 61042 42860
27666 3
77413 72388 49810
27923 3
77547 68033 60152
3698 4
22583 22585 22588 10197
16229 1
44901
13104 4
58853 34467 58854 33794
25300 2
76010 55151
2454 6
15601 15602 15603 15605 15606 15608
26063 2
71988 65458
11975 3
42518 15136 48299
27630 2
77394 73853
12341 5
56909 52481 56912 45307 40217
22671 3
74022 59036 67625
15010 2
56370 63241
17616 5
67963 16958 34965 3571 67965
5507 2
31719 31730
14075 2
13819 54810
995 1
6621
8799 3
37715 25994 1497
12297 4
7555 24564 56796 14498
21537 2
72912 21256
29919 2
78559 14489
21944 1
42193
25200 7
75939 46851 55818 69275 54617 69585 2991
22123 4
73510 26479 73512 68114
10218 2
9964 50580
9767 2
49084 41238
7693 4
41343 31721 41348 30129
27065 3
77084 59241 18133
17414 3
48509 13885 67640
13776 3
60490 32783 30948
18928 6
69840 41562 48789 6612 22719 16326
29926 3
26218 75900 32254
10529 7
51597 41159 51601 37093 51602 51603 51604
13236 2
59175 8791
14490 3
62099 4936 57798
14593 3
62338 15579 20026
10655 2
36358 27975
7278 1
39665
21815 3
22366 72366 73207
29797 3
56649 54587 20456
4028 1
24327
1913 4
12359 12364 12368 12369
11853 1
55579
22146 3
73535 30914 58433
4524 1
26888
1966 6
12686 12688 12690 12691 2408 12694
5142 2
29966 29968
28188 2
77684 70171
10642 4
51981 34731 51983 42520
1434 1
9431
15281 3
33389 25006 38772
20170 4
71392 71303 24425 13742
13350 3
59462 47375 59464
22267 3
35422 8616 55790
20585 5
71862 64673 27277 65357 30770
9833 4
49294 49297 23241 14282
19223 4
70261 55381 33689 29937
221 4
1499 1506 1509 1511
12533 1
8237
3945 2
23889 813
13151 2
58969 27363
7055 3
38749 16351 38755
9378 3
14869 14374 47757
17281 2
67451 54381
1886 3
12195 12197 12199
29351 4
22471 30420 29222 43415
9705 3
48871 48877 48878
14640 3
41555 14919 62454
6374 2
35700 35702
6867 4
37910 37911 37912 37913
15222 1
63669
21676 2
73059 58520
27368 3
77248 22011 46338
10425 3
51266 51267 50076
6616 3
36783 119 24580
13205 2
59090 20113
27056 3
41834 16593 63915
15770 4
64790 55395 64792 44174
2303 3
14682 11114 14692
12069 3
56185 51247 56188
12603 3
57595 57596 57599
2980 3
15011 5446 18620
5136 2
29939 29940
10942 5
52915 24002 52916 31476 48448
261 3
1768 1778 1780
14253 1
61553
16191 2
65583 14007
3421 3
21063 21073 21074
16833 2
66736 42330
13180 2
59039 29011
28715 3
77955 57135 72750
10286 4
50792 50794 34469 50795
2406 4
15309 15310 15311 15315
19192 5
70220 17063 5557 9791 52196
9321 1
47566
21083 5
72424 5262 52784 46461 19114
15728 2
64713 30016
22746 4
74090 36610 65487 50704
4884 5
28672 28673 28675 28677 28678
15407 2
64072 26250
5857 3
33383 32260 32170
1245 1
8227
10867 2
52680 50164
2021 5
13008 13014 13015 13017 13019
10706 1
47657
8098 5
42978 35369 42980 31377 42981
3011 5
18784 18791 18793 9105 11270
4793 1
28226
28920 3
78059 18952 39988
23057 2
74359 35809
4451 5
26526 11245 26531 26533 26536
10649 5
52000 52006 52007 33787 30304
19961 4
71147 24530 25350 53871
12038 2
49872 27345
3894 2
23623 23624
22943 3
74258 39178 10450
9102 4
46780 46781 43086 46784
28075 4
77625 21581 65616 53763
20115 5
71328 24193 71329 19560 13811
3039 2
18945 7389
25566 3
76181 73349 10726
21765 6
73151 67512 1771 27589 55668 66449
19658 1
8159
25438 4
43638 65942 57484 28839
17742 2
21771 59711
11776 3
55370 15325 26144
19631 4
70759 47077 57884 33219
2909 4
18199 18204 18210 18211
1770 2
11495 11496
21244 5
72592 65765 72593 40749 61670
1359 4
8956 8957 8958 8960
12664 2
57744 57747
1728 4
11236 11237 11240 11241
5281 4
12075 10055 30648 26387
3829 5
23280 23283 23284 23285 23286
5309 1
30780
26041 4
76482 76483 14123 46200
11223 5
53766 28596 19557 10800 53770
20135 4
55745 66394 59431 36291
19762 4
70915 70916 1286 27617
23417 2
58559 33529
2407 1
15321
8136 4
43131 43132 21491 32174
14383 3
61852 39023 61856
20739 4
72046 72048 65234 43330
28246 2
42231 67811
21245 2
33623 27516
12153 2
56403 56406
17099 2
35308 38864
26035 4
76479 25060 25456 52888
22331 3
61252 71730 38575
750 2
5020 5022
1734 4
11271 11272 11273 11276
9765 2
49078 40709
4131 4
24866 24870 1279 24874
27545 3
36873 67699 30912
6607 3
36742 229 3480
13101 3
16436 58845 1167
3819 3
23228 14770 23237
13262 3
59239 31649 59240
29338 1
78268
54 3
377 379 381
10766 1
52361
8291 2
43729 23266
17684 2
6731 51384
13514 4
59880 59881 58641 29953
11397 3
54296 10962 31278
6109 3
34546 1648 34548
26379 4
76685 63658 54624 59977
5607 4
32192 32197 13570 30535
14051 2
61128 60083
21293 3
69545 63874 13714
17812 4
68277 18699 62891 62235
22251 2
69402 3621
27934 3
77553 55552 65060
2363 3
15048 15055 15059
2660 5
16791 16792 16794 16796 16797
2470 5
15700 15701 15702 15703 15705
88 2
605 606
25254 2
75976 25935
6107 4
34538 7983 34539 7814
2935 5
7441 18359 18360 1212 18363
24720 2
71179 1669
11329 4
54081 57 54086 20159
29939 4
36521 50711 25716 74628
23099 5
74395 72860 43629 34659 13936
28521 4
77856 70059 3300 32404
13734 1
60404
29769 2
66591 14408
11466 4
54488 33405 7593 54490
27045 4
77074 54997 9806 12514
10862 6
52667 52668 1837 18434 52669 35267
16361 2
19425 65910
7833 5
41898 7637 41905 41906 1565
3387 3
20885 20887 20888
1510 2
9905 9908
8676 2
45211 45212
1529 2
10019 10030
10803 4
52463 10208 52467 51790
14697 1
1783
27784 2
77475 51306
28674 3
77935 72584 5437
18945 3
24314 57844 69864
14265 5
9557 61584 28725 61586 33580
16953 3
66925 34330 13431
22874 5
74204 32308 46721 31141 49334
24724 5
75604 37424 43029 16853 23563
3004 4
18756 14980 12828 18760
20254 4
71489 71490 45138 28441
21265 6
72624 72626 30215 52604 13901 59024
8738 4
45459 45460 12376 45463
14987 3
63195 39440 63197
13714 7
60361 29626 50998 24286 60362 39395 37939
25762 5
76308 7818 40533 73176 48701
9996 2
49841 49842
13947 3
60873 60875 48792
23881 3
75006 65872 59066
28173 5
46236 76868 46164 76138 19892
17659 2
68032 38695
10639 4
51968 45777 30996 51974
22207 1
16475
26744 2
72818 44929
27075 2
31941 6936
4581 4
27170 27174 27175 9351
18289 5
68975 6311 44621 63571 17806
11890 1
48694
8730 3
45431 20924 33061
5493 4
31648 31655 31656 31657
9412 2
47879 8702
22274 1
73667
28856 6
78027 55211 43893 41603 4968 9457
17672 6
68052 15164 28876 64744 5945 6916
19064 3
47920 38891 34315
6828 6
37736 37737 37738 14925 37739 11957
779 5
5195 5204 5206 5207 5208
3895 5
23629 23630 23631 23632 14221
3899 4
23645 23651 10202 23653
3995 5
24144 24151 24152 24153 24154
23826 3
40833 32449 67708
28753 6
77975 38206 63166 41204 77360 53458
9505 1
19903
15415 4
64087 666 64089 28162
3944 3
20688 23892 23893
15472 3
64203 52449 14644
3180 2
19739 19742
11118 3
44170 53456 53457
28389 3
11065 68696 35742
12372 2
56994 56996
24397 4
12778 45132 5690 49270
2714 5
17114 17115 17116 17120 17121
24592 3
75520 55404 28158
3900 3
23655 23656 23659
8562 5
44786 42718 44788 13711 44789
8352 5
43996 530 7909 43997 23734
14308 3
61681 51482 10788
4066 5
11482 24531 1090 17458 24534
28215 5
77697 62815 13898 35572 41825
6299 5
35365 35371 35373 32415 35375
18710 4
53179 40969 22723 69560
28477 4
77833 37625 6292 73905
5800 1
33109
16394 3
52173 36986 4579
19194 3
70225 1981 21643
4355 2
26004 26014
16525 6
66218 66219 53493 66220 19558 41546
26694 4
76866 504 8072 44316
21341 4
72699 3819 36848 49220
21716 6
73103 43592 53016 18413 12851 73104
9869 1
49420
24824 2
75678 38495
15640 1
57248
20887 4
72209 37693 35578 59763
17569 5
67880 63422 16345 10727 37167
10515 4
30828 25964 51563 14712
2759 5
17358 17364 17365 5685 17368
2947 2
18436 18437
6451 3
29699 36046 29810
4187 2
25144 22016
28842 5
78020 47504 18223 7483 36202
22850 3
54390 13762 36424
5255 5
30507 30511 16281 30512 30515
10585 3
51786 51731 32828
10340 4
50969 22664 41528 50970
24264 3
75287 28919 72743
28120 5
77649 24044 47925 64518 54185
11209 5
53729 40425 43670 33780 574
8247 3
43569 43576 43577
2451 2
15578 15585
15186 1
33038
12260 4
56695 6140 35261 56697
13517 2
4166 32115
21278 4
72639 52321 39181 55820
21500 4
72867 57525 20926 39757
16486 4
66148 22910 16038 7691
20685 3
17896 71980 26624
5996 5
34032 34033 34034 17355 3718
24503 3
75452 23264 46208
28484 3
47177 69890 56096
29431 3
78315 72392 8548
24916 5
75741 25083 30013 3778 59534
26878 5
76976 12570 76346 76977 73720
10834 6
52566 45741 45676 52568 30448 52570
15099 7
63423 9458 53629 26048 63425 47116 63426
20416 3
71672 27978 26810
1046 5
6952 6953 6954 6955 6959
21984 3
73372 52677 25898
10632 4
51946 51948 21396 51950
27555 5
77352 76393 6855 12312 58261
12733 6
57914 44614 57917 3831 11153 28207
20334 4
68238 70818 27548 2234
26001 1
76459
4419 3
26354 26358 26360
26823 5
76942 40508 12579 59838 69380
21549 2
72926 26900
14756 4
55548 55971 62697 62698
28374 4
77780 42583 75858 24824
2497 2
15854 4554
22076 8
73468 43538 29829 69934 43650 73469 44983 36969
23837 3
66292 40202 16323
26398 2
66490 41148
6556 2
8287 36523
4070 4
24553 22368 24554 24555
16897 3
66835 13687 30617
23027 3
74331 38570 48368
5638 6
32343 15560 32345 32346 32347 32349
12117 3
56299 56302 56304
10742 5
52290 42502 3149 18256 52292
13582 1
32155
17551 2
67847 58678
21243 3
72591 65243 46676
14111 2
61251 46150
10547 2
51660 41643
3275 1
20265
25896 4
76398 38826 56423 56380
2220 4
14188 14192 14193 14194
19792 4
70954 62009 70010 55958
8566 4
40150 44803 33151 44222
3743 3
13348 22367 22829
6281 5
35289 35295 35297 35298 35300
29836 3
71859 65427 52804
5008 3
29289 20521 29293
28762 2
77980 71371
1270 1
8390
4699 3
27779 27042 27790
7427 3
40266 40267 10951
29069 4
78133 58336 32082 44202
16126 3
65459 51865 2053
15549 2
31397 61832
29698 2
78449 54704
2289 5
14599 14603 14606 14607 14608
23229 2
64599 49184
21104 3
72449 18312 28988
5568 3
32012 32013 9325
7117 3
39014 39016 39017
29288 4
78243 40626 25582 43587
21151 3
72495 9670 72497
9886 3
49474 32184 23185
17035 3
67059 55696 35517
9434 2
47956 47957
26081 5
76507 63755 59818 68927 49833
14998 2
63218 21069
19133 3
70134 61430 70135
6523 2
36367 36376
1477 4
9691 9698 9594 9702
14296 4
55932 14110 61654 61655
21488 2
34341 32950
12632 4
57667 17263 31396 7030
4092 2
24666 22377
21829 5
73219 43493 50098 50242 59263
10126 4
50262 35491 50263 50265
21733 5
73118 25700 23382 49513 55346
11430 4
54394 30827 54395 31668
528 4
3548 3550 3551 3552
5216 2
30320 30322
11366 5
54203 45414 54204 54205 29099
25003 4
30275 38236 75803 38317
22623 5
73970 73973 15871 18662 13827
22781 3
74120 39435 29251
21825 1
73215
9418 3
47897 47898 40122
22511 4
73860 33527 30860 55388
11739 3
55257 3047 5748
15906 3
37555 23151 60988
21360 2
72721 67140
16734 3
66593 43411 21665
28894 4
78046 72324 71818 39391
1821 2
11787 5155
27990 4
77582 28816 14837 41356
9972 2
49772 49773
16517 3
66199 65129 31581
12447 4
57198 23911 57201 40288
15874 2
64984 59524
15031 5
63282 41247 52759 8500 63285
13239 5
59181 59184 53474 106 39335
19806 5
70969 66658 43088 52657 7821
22892 5
74216 74217 44277 34752 4212
14108 4
61246 61247 49685 22193
24648 3
18787 3541 9516
6938 3
38230 38233 38234
16182 6
65571 9001 56699 38154 32172 65574
10144 2
50331 50333
8 3
58 60 61
5527 3
31814 8624 31824
755 3
5043 5050 5052
13012 5
58600 50456 46739 32944 58602
27005 3
67460 73553 29767
27431 3
77283 14973 73754
5195 4
30213 30220 30222 30224
19477 2
70552 34853
22298 4
73691 59953 41083 12290
22397 5
63528 73766 73767 33501 24505
1870 2
12098 12100
19044 6
70007 60938 41790 70008 9079 53646
20038 3
71240 70683 11253
7664 4
41231 41232 41235 37148
26785 1
29253
29334 2
64167 49089
20268 4
71510 70931 42408 46618
8638 5
45072 45073 45074 9636 24411
12835 4
58166 13333 28385 42935
6429 3
35942 28115 35949
22593 3
73939 73332 49343
9427 1
47923
17864 4
51462 44674 68354 68355
23811 3
35832 33839 50526
26977 2
59295 37100
28718 4
77957 66222 67874 25554
19793 2
28366 4025
23830 3
74968 67198 53506
22035 3
73426 3919 55018
18453 2
69199 24128
517 4
3470 3474 3479 3481
11124 2
53472 53473
7533 4
40702 40708 3299 38326
631 3
4227 4235 4238
27797 3
77481 31614 10461
5872 3
33450 23568 33455
13004 1
42614
22842 3
74175 33651 32149
10569 3
51733 51736 47918
26890 4
76985 68490 16551 18673
26639 3
18368 13079 73290
10164 4
50406 50407 46596 44907
15123 3
63469 1169 63473
15934 3
47112 20587 45718
16464 5
66104 28781 23663 66105 51457
25442 3
76105 43561 10048
10687 2
13584 42965
15864 3
5256 64962 64964
12393 2
57052 6623
19439 3
70504 6329 18328
4982 2
29155 29158
14312 7
32830 14377 61692 8571 38914 61693 28060
17404 4
67630 67631 53914 51782
5338 3
30913 30916 29648
5583 2
32077 32084
3115 5
19373 19380 19381 19382 19383
7226 5
39447 39448 39449 39450 39452
6433 4
35960 24236 35967 18802
27438 3
77288 61838 35270
25569 1
64631
6447 2
36024 36032
1616 6
10546 10548 10550 10551 10553 10554
17322 1
67506
2145 2
7408 13745
6528 3
16546 36397 36402
27702 3
68343 38955 59997
11655 6
55022 5486 28403 2197 1439 55023
16846 7
66756 37641 16292 45047 55218 49653 65514
25689 2
4644 11893
20987 6
72316 68919 31882 63778 62742 15637
22877 5
74205 66260 61310 60271 10437
24021 3
75112 65413 1672
22321 5
55414 31248 73709 53746 4063
5427 4
31340 31349 31351 31352
8659 2
45144 45145
23274 2
7021 67812
17383 4
67603 52496 21158 67605
13704 1
39424
10753 2
52316 43197
4700 6
27791 27792 6090 27793 15078 479
1497 2
9829 9830
8767 3
28356 45570 45571
12952 3
58457 12781 58459
10684 5
36530 10339 9171 7962 13922
2012 4
12960 12961 12962 12963
13198 3
59074 11179 59075
5279 2
30638 30639
3649 1
9618
26447 3
76727 4802 28031
998 5
6645 6648 6649 6650 6651
17928 4
68449 3489 26455 46911
17686 2
67831 59422
28860 3
78029 12400 34490
3287 3
20339 20340 20341
19675 6
70809 65920 53698 52760 70812 46395
25132 4
75896 7486 70206 38599
16702 4
41390 43844 50064 2983
27245 2
77183 2166
18044 4
68622 17551 47743 7951
4024 4
24303 24304 24306 24308
7643 3
41145 41149 41152
17273 5
67442 38312 54162 45446 67445
4099 5
24700 24707 24708 24709 24710
24333 5
34900 67707 48527 7592 59820
8452 2
44372 21628
22867 3
74196 55303 64424
21852 6
73243 9873 33815 14801 44766 42506
290 5
1971 1972 1973 1974 1975
6296 4
35357 10240 35360 20647
24508 3
75455 5872 46237
23455 3
74672 44210 33581
15938 3
31559 65104 22593
28506 3
62282 15408 38279
13126 5
48310 36242 4383 15089 15734
5437 5
31395 23468 31402 6972 9174
21223 3
67437 48836 52948
16885 3
66819 44320 746
13071 4
58762 36935 22163 38735
1694 4
11028 11030 11031 11034
23530 1
28856
2673 1
16860
10956 3
52955 50560 52956
6540 2
36449 36451
15347 3
63935 14104 38136
1905 1
12309
17258 3
67419 24764 26817
11764 3
55334 55335 55336
18467 4
1709 56352 69038 56266
24044 2
75127 59232
17677 2
68057 65797
13042 5
58688 58689 3884 58691 58692
3590 4
21987 21988 21989 21990
8955 2
46250 46256
4059 2
24488 24489
12083 3
56215 56219 7438
5792 1
33074
4885 3
6489 28681 28682
9722 4
48937 48939 48940 43162
27169 2
51281 61475
8579 2
44853 44854
22787 1
74124
18958 4
69879 51495 5738 7317
5323 2
30843 9350
22715 6
74058 18836 45761 55064 54056 5546
6007 4
34079 34081 34083 34084
26795 3
76926 1118 26134
2827 3
17741 17747 17752
316 4
2146 2148 2149 2152
27025 3
77061 45247 75297
27028 1
41937
22548 4
73897 36622 29645 39006
21608 3
72990 72991 61619
10734 4
52267 22116 34001 52268
14693 4
62564 14118 10518 17971
11101 4
53390 53396 53397 50621
4965 3
29069 29074 29075
28632 2
75181 59661
24164 2
75216 12850
19454 2
64267 25086
17119 1
67200
243 3
1646 1656 1657
18328 5
69031 56176 31154 43433 49877
28107 5
77642 20260 22609 64874 23819
13047 5
58703 10692 27974 11656 13200
25912 4
76406 50136 57123 19780
5822 6
33211 33214 33215 28740 33217 33218
749 2
5016 5019
8149 2
43187 43188
9830 4
36088 49288 49289 49290
17283 2
55345 60089
22100 1
49869
3183 3
19760 19762 19763
2858 3
17922 17923 17928
10978 4
53021 53022 34983 47862
668 4
4479 4481 4482 4483
11992 6
55963 18536 24261 37857 53162 55965
8903 4
41627 46067 45389 22632
13954 4
11037 60192 18572 40380
3307 4
20438 20446 20447 20448
19548 4
45205 34456 42099 38349
15205 3
63635 63637 13433
4497 3
26757 26764 25243
6309 6
35417 35419 35421 35423 35425 35426
21908 1
73298
10247 4
50657 50661 50662 18584
21953 1
24957
16744 5
66617 26716 22378 48036 51215
26618 2
76823 63740
19025 2
69980 7227
29569 6
78384 60064 68837 73427 54255 48737
26550 4
20781 57776 44413 7726
16119 3
65447 30927 65448
15946 2
65117 36380
11125 2
49304 13143
20329 3
55489 55364 36020
24584 2
75514 40732
7076 3
38844 12326 38846
9652 3
48698 30043 8538
17641 4
10386 31183 6453 67345
18778 2
69647 55497
18990 4
69932 36441 69933 46131
31 1
221
20749 1
24440
7488 2
40520 40521
1892 4
12234 12237 12238 12239
18538 6
69316 24562 55665 15051 25480 57519
4345 2
25948 25956
10813 3
52499 36739 52503
4928 2
28888 8661
28204 4
77692 47671 13770 76325
27532 4
77341 3717 75419 29448
23089 2
16178 70531
1429 5
9401 9403 9404 6344 9407
24052 1
75132
27639 2
77399 73792
9058 3
46628 41505 46630
27967 3
48476 68763 53020
2853 3
17889 17895 17898
26320 3
76653 58941 19474
2179 3
13933 13942 13946
9839 4
49312 15366 3069 49316
2917 3
18246 18251 18253
28864 4
78031 68195 956 76096
26733 2
68366 43661
29066 2
62031 32218
424 5
2861 2862 2863 2865 2866
17167 5
67275 14370 67276 43962 24603
6293 2
35340 35346
840 1
5607
8120 3
43063 25132 43064
2719 1
17149
25793 1
69809
25416 4
60304 26955 14442 54470
28004 4
77589 19215 62381 23076
26760 4
76904 30125 75705 13964
6449 1
36033
4256 4
25509 25510 18971 10969
15430 1
64118
26186 4
76573 71008 575 69606
28830 2
44536 3187
20093 5
71305 31039 66616 32368 34871
20943 4
72266 50847 8492 36065
26763 2
37995 3875
29838 5
78519 23041 25972 71402 25834
29312 1
2947
1451 7
9532 9538 9539 101 3809 9541 9542
3809 1
23175
10166 4
50412 50413 50414 50416
3785 2
23048 23057
14376 3
61837 13632 38028
9030 3
46531 46532 35212
9252 3
33897 2299 36197
13675 3
60261 29631 17194
13627 1
60149
3365 2
20758 20764
19985 3
71173 20253 54967
27085 3
77095 52927 28712
28985 2
67396 73520
21504 3
6868 72875 64596
9717 3
48921 48923 48924
17357 7
67561 17167 16638 54759 67564 39585 36882
16712 1
57907
1986 3
12808 12809 12813
3620 4
22157 8258 22159 10389
1210 2
8007 8009
7823 3
41862 41867 41869
11757 6
55311 7185 55316 55317 41855 35243
26336 4
76662 24741 13506 44131
10624 5
51920 26122 51921 8163 39313
25522 2
74403 42794
17003 2
57499 48124
14149 2
33606 27326
18359 3
69069 15630 69072
16368 4
65919 25542 49068 62746
8611 1
44968
23639 7
74812 50904 48998 58134 46182 74813 74814
28197 3
77688 38467 35156
3303 2
20417 20427
27429 3
77282 40754 34169
26830 2
17457 76423
6771 2
37470 37475
10541 3
51641 45119 51647
14740 3
62667 41071 62668
3994 1
24146
24661 2
75563 46737
25613 2
76207 37202
181 1
1239
13754 4
60445 20232 33735 5740
5520 4
31781 31784 31786 31787
13757 3
30994 60450 15656
13322 2
59387 16207
21602 2
72985 35665
18570 2
41269 29874
5432 2
31376 31378
9039 2
46556 46560
529 4
3553 3554 3555 3556
16120 2
65449 32976
22338 3
73722 26643 52442
660 2
4425 4428
13687 5
60293 60296 33158 51356 60297
28634 1
35623
29368 3
78284 11944 12450
22034 4
591 48024 4382 69689
19494 3
70577 49208 3111
24405 2
40296 36351
10017 2
49917 49918
17410 3
67635 54405 41357
1965 3
12675 12682 12683
5451 3
31459 31465 31466
17385 5
67606 60387 46303 63752 24899
12748 4
57950 17462 57951 57954
15821 2
64888 10574
14106 5
61241 61243 12677 61244 52148
8839 5
45818 45822 22688 45824 45825
23081 3
74381 71108 60014
19332 3
70382 7584 64004
16048 3
65298 32706 5480
29935 4
54941 18274 29440 48219
8941 4
46205 46207 46209 20198
13022 3
58634 24864 58636
25170 3
75920 24033 73648
20112 4
71325 71326 50349 34429
14309 5
47178 53708 54907 40623 59760
2452 4
15590 15498 15591 15593
698 7
4678 4679 4681 4682 4683 4684 4685
69 4
477 478 480 481
6024 3
34166 6382 34168
27893 2
31841 36612
17597 3
67928 22634 45839
25977 2
76443 54475
11017 4
53138 47195 36423 53141
2221 2
14197 2567
9484 1
48122
18585 4
69377 55034 69379 57131
20225 5
71458 71459 70238 44486 5397
19929 2
71116 36908
5539 3
31874 31884 31885
22808 2
70455 54293
18869 6
69759 53265 57701 19819 56956 45635
29375 5
74960 30523 48679 63299 17070
10252 4
50677 50679 50680 28810
9005 3
46442 46443 2358
24500 5
75451 38410 64548 74878 11850
2908 2
10481 18201
14203 6
61446 52994 61449 61450 41274 51809
13527 3
38251 6458 59908
9653 3
48702 48703 4172
18431 1
69169
20333 3
71587 71588 13271
15427 5
64112 42743 36343 9381 64115
10662 5
52042 52043 45215 12413 52044
8953 3
46242 8762 46249
8872 3
45941 45942 39928
7471 3
40448 28146 40071
15694 2
64646 64647
822 2
5483 5484
16773 2
66652 53627
25653 4
76239 51176 69143 67481
1366 4
9000 9003 9005 9008
26116 3
76530 63905 66553
149 5
1012 1019 1022 1023 1025
24633 3
75545 63005 11407
19909 1
71094
22768 6
74112 70282 73237 36241 62692 5291
12483 1
57302
9163 4
46995 24652 47000 47001
23464 5
74678 28911 27875 74679 13580
18338 4
15025 60276 69046 33312
25734 5
76292 40797 73580 19773 29999
16508 4
66187 46176 42304 35086
11813 5
55476 55477 55478 55479 23211
18380 2
69098 43191
15999 2
65202 29600
14995 5
63210 63213 63214 25125 43354
14710 3
62602 45039 55715
4889 1
7638
22573 4
73922 19659 72351 73463
19844 7
71012 59547 30982 52969 59710 19673 28213
24393 4
47865 59254 51788 68508
18102 3
41591 66635 61264
21807 1
73194
9953 3
49700 43254 2020
7106 6
27296 38967 38969 38970 17403 38972
11 4
70 79 80 81
16930 5
66891 11876 21411 34727 62673
10269 8
50733 15424 50737 46110 41557 46854 50738 50739
5356 1
31003
14423 4
61947 5658 18959 40735
9961 5
49730 49733 27142 49735 49736
7536 6
40719 7442 40722 40723 40724 40726
14322 4
61713 61715 61716 55365
29510 1
74496
7535 2
40710 17373
9867 2
49413 48794
7138 3
39094 4615 39099
12176 2
56463 33330
867 1
5772
18239 3
68893 13960 68898
19808 1
32520
7329 2
39871 36892
3974 3
24043 24051 24052
3323 2
20533 20536
24436 4
75406 23299 5081 36006
4796 2
28242 28244
3515 3
21579 21589 21590
4959 4
29043 25661 29046 29047
14804 2
42440 62798
186 2
1269 1275
14754 6
62694 21503 45816 23696 62695 41059
1970 1
12711
5276 3
30619 30620 30622
16867 1
57989
5496 3
31669 5800 31673
16198 5
758 39077 65607 65608 35148
20922 1
46404
18954 2
21239 2941
9721 2
48932 48935
21824 1
56044
21305 1
48903
1829 4
11846 11848 11849 11851
25053 3
75836 3472 33022
2150 4
13769 13771 13772 13066
2061 3
13247 13255 13258
21329 3
72687 60790 14771
11457 4
54458 32473 6496 54462
23918 1
44177
7674 2
41271 8854
14358 2
52394 61796
23990 3
75087 75088 52466
27281 5
77204 64934 67823 43769 6509
26257 3
76615 2084 54412
16433 5
66040 46850 7159 21914 66043
25590 4
76194 40161 19190 39125
6659 3
36972 36976 36978
19152 4
70164 50450 10738 34156
28574 3
77883 56420 61842
1741 3
11307 11315 11317
6801 2
37610 37618
9934 4
49641 22800 49644 6302
2086 3
13403 13407 13408
21792 3
73183 3527 4646
18790 2
69663 66758
3057 3
19053 11403 19055
14003 2
61005 39311
7291 5
19041 21412 39714 39716 39717
20917 1
31798
10006 3
49878 14643 11038
199 4
1356 1358 1360 1362
14025 2
61066 61072
18182 6
68813 35152 20330 11311 32138 66931
26896 6
76989 63228 55704 5777 23131 64976
4997 3
29227 27841 29234
7227 1
39454
3751 1
22873
24819 2
75673 50419
20838 2
45537 53772
25443 5
31541 73890 31591 55002 68774
8943 3
6383 13565 46218
28420 4
77803 25468 25963 50308
29888 2
78544 25903
10058 2
50052 49780
28978 2
67949 73957
19440 1
70508
2757 2
17347 4932
14897 4
63004 491 21280 41567
23979 4
25001 40827 67103 65354
19934 6
71123 70855 22252 10586 69893 38768
6693 6
37121 37126 37128 37129 37130 37131
5517 3
31759 31767 31769
24823 6
75677 53158 55279 4878 1172 30009
7541 4
40737 40741 17267 1194
25380 3
52688 6214 13277
26670 2
76852 12303
15467 1
44111
1942 2
12540 12545
8888 2
45998 46000
5416 1
31289
24852 3
75696 23396 62705
24675 4
75573 62428 71893 64777
6624 2
36814 36816
10866 4
46566 43874 22563 29974
18105 5
68699 32339 30099 68700 68701
4301 2
25727 25735
21889 1
73278
2310 4
14732 14733 14734 14735
10959 4
52961 39670 47994 52964
1236 3
8169 8170 8174
17411 2
54881 6316
27481 2
68764 62213
3965 4
23988 23996 23997 23999
15495 4
64253 61061 38950 64255
5692 2
14903 32621
29089 3
43642 73 56644
2662 5
16801 11082 16802 16803 16805
10237 2
50630 50638
6989 4
38454 38460 38461 38464
26509 4
76763 53601 65013 4859
2667 1
16830
12959 3
51635 21584 28024
9822 4
49267 34088 6881 49269
15833 2
28456 64908
17195 2
17407 67323
9010 2
35381 46464
7815 2
41833 11127
21340 3
72700 43412 59447
12641 4
52814 57689 8314 20443
6579 3
17700 36623 36624
10392 3
50664 51143 51146
22380 3
73751 73752 35642
27277 2
77202 41113
17958 5
68495 41554 23910 5631 21450
22227 1
25170
19309 2
11994 66973
25766 3
76311 11123 50550
13662 2
60237 60238
1856 3
12007 10442 12012
14689 6
62556 37009 15995 55465 55405 49998
29917 3
78558 27645 66191
27261 2
77193 67760
24357 2
6312 57554
2116 2
13575 13577
8353 5
43998 43999 44001 28741 44003
11854 3
55586 55587 41304
20668 4
71954 68183 51727 357
4249 5
25464 2481 25470 25471 25472
23842 2
74977 60570
10200 6
50522 50523 50524 36487 39576 50525
27857 5
77512 37485 73095 51309 1348
20920 3
72243 10217 4022
8093 2
42953 42960
11628 1
54947
21911 6
73299 19880 73301 22531 73302 2535
20773 1
72087
4157 4
25000 5073 25007 25009
10026 4
49941 49942 49943 49944
19391 3
52599 56424 53454
1392 2
9168 9173
20966 3
72289 9742 56281
23867 5
74995 18579 74364 69961 68788
14161 7
61361 53864 61364 35799 54287 3836 45954
4718 2
27872 27873
24125 2
75187 20941
6367 5
35663 35670 27262 35671 9880
2460 3
15638 15639 15640
27372 7
32307 1089 65744 16719 75853 4391 74584
29477 6
78338 38855 363 14697 44344 31539
21854 4
73245 64467 57758 6256
27860 4
77514 65190 72304 34481
3359 5
20727 20728 20729 20730 6756
22561 1
65548
1569 1
10274
6878 5
37965 4257 37966 19095 37968
6558 2
36529 36533
164 4
1121 1122 1123 1126
8025 2
42688 42689
14892 2
62994 62995
29538 3
78369 76969 39566
18672 4
38222 69495 50483 59937
16047 6
65296 25578 65297 13346 27433 10012
5126 2
29890 29891
25318 3
782 69239 66636
740 4
4956 4957 4959 4961
16123 4
57709 65454 65455 65456
11720 3
55206 55207 55208
1679 6
10930 10935 10936 10937 10939 10940
23543 2
74740 56480
14537 3
59564 62212 18989
29117 2
78157 55193
5460 3
31514 8756 23920
9591 2
48485 48488
5093 4
29714 2508 29720 29722
15496 2
64257 26509
26226 3
76596 15959 24832
8423 2
44261 21593
9539 3
48303 48306 48308
5801 5
33113 30532 33116 33118 33119
8041 4
42749 42752 42753 42755
23981 6
75080 58247 68403 57177 39891 19001
8629 2
27759 45037
4811 3
7741 28318 28320
21090 5
72435 5470 69317 54732 7005
10850 2
52624 52625
27254 5
77189 43214 65373 44117 6482
7002 5
38512 38513 29522 38516 24389
23716 3
69725 74883 30114
8072 4
42871 25023 32826 19344
20618 4
23928 38288 40016 56607
4354 1
26007
22733 2
74075 39519
15609 2
5006 41817
12101 2
50553 24825
5543 5
31895 578 31902 31904 31905
18801 1
2587
25659 1
61209
7365 2
40028 40029
17211 3
59588 13757 29286
2914 3
18234 18236 18238
5960 2
33876 33878
589 3
3954 3956 3957
6458 3
36073 36074 36075
12681 5
57784 10990 27431 44623 57787
24930 3
34046 68248 68692
25686 3
76264 23388 35827
1004 3
6686 6688 6689
19394 2
70447 35051
29268 1
78233
22452 4
33518 62149 57812 3163
21802 4
73191 10910 56314 31764
9646 1
38070
13058 1
46394
11855 5
678 43178 50163 55589 1942
10377 4
51086 485 51087 51090
9891 2
41291 33446
24738 5
75614 18214 74827 23474 60078
15550 3
37931 55631 54939
13420 3
59641 51781 7289
7102 4
38953 38954 38956 38957
18281 3
68963 35657 41565
18201 4
11574 59945 5583 1031
12623 4
57639 9717 57643 17509
28031 3
77602 64110 22112
11892 2
55686 29149
4847 3
28482 3377 27250
5027 2
29377 29379
9789 5
7026 49155 10221 27493 45637
12308 2
56822 28803
6049 2
34277 15117
12073 3
56195 45078 56196
1637 5
10675 10676 10677 10678 10679
19029 2
69986 47596
19665 4
53221 22977 45743 16838
8993 3
18170 44734 46402
8360 1
44027
10609 4
51870 51874 51875 19809
3849 5
23380 23387 4913 23389 23390
13173 2
59025 41903
22876 4
19657 60212 3519 10793
8640 3
45076 20110 21415
20272 3
71513 39327 67057
1283 3
8471 8473 8474
2251 5
14369 14375 14378 14379 3131
18908 2
69806 25061
27928 3
77550 44443 45097
26585 3
76803 74176 72491
6905 4
38073 38080 38081 38082
16077 2
65370 33863
5163 3
30067 30073 28021
11715 3
55192 25783 25585
12227 2
56613 47222
6412 4
18322 35876 10331 11786
6300 2
35376 35382
19102 2
70089 11205
2647 1
16709
28501 5
77846 48136 76091 66417 54527
27006 4
77052 67431 55118 64529
7341 2
39916 39926
21988 2
73379 13322
27033 2
77065 64138
23327 4
74578 11953 72504 68566
5039 6
29432 6478 29438 29439 29443 29444
22365 2
64845 65790
22284 5
73676 73677 17719 24258 37021
3344 7
20642 20643 20644 6524 513 20645 20646
23817 1
60673
9702 5
48865 31479 10856 19983 31144
3964 5
20023 23990 23991 12423 23992
6795 2
8647 37587
27929 3
73634 56623 20364
5765 5
32937 32940 32941 13249 32942
28877 5
78037 71878 75435 66911 73899
22672 3
74023 15086 67872
28915 3
78056 59865 68082
22222 4
73615 57083 18338 35834
2183 3
13957 4109 13966
29340 1
74891
28757 2
72128 7581
9538 4
6028 48304 48305 28611
8459 3
30902 38061 44400
23615 5
74788 49881 74720 64712 37700
25459 3
76115 10989 1163
8076 4
42887 36538 42888 42889
29114 2
4248 24379
20702 2
71043 10348
5873 1
33460
2396 3
15248 15249 15252
16874 3
6319 6212 49716
6067 2
8096 34357
25040 6
75829 69914 16397 27525 39614 34698
16671 2
35858 62882
24963 1
50441
15644 4
64550 64551 64156 21196
29816 3
50177 58532 73597
21102 3
28269 57172 22647
9249 1
45190
1574 1
10302
17209 1
67343
3941 2
23869 23876
23896 2
75019 64831
16922 4
66882 45820 54143 14710
25483 3
18467 58348 47488
16453 4
66077 56701 251 57818
29801 2
78500 41547
17526 2
67805 32169
19711 7
70853 27500 69565 17048 769 61904 46453
28164 4
77671 48236 29198 58014
18284 2
68967 68968
5459 3
31508 31510 31512
5963 3
33885 33888 10862
5899 4
33582 33587 31062 33590
10804 3
52468 52469 38348
8392 2
21702 36166
22180 2
73568 73569
8274 2
43666 24620
21585 4
72971 36556 12743 69352
9213 3
26214 43896 47179
25748 1
76301
4846 4
28483 28484 28488 28489
4848 2
28492 28493
12326 3
2004 53628 30540
22373 3
73744 55313 53163
29784 2
78492 47991
25255 1
17526
17964 3
68504 58657 51204
26701 1
76870
14996 2
28618 38096
22745 4
74089 29341 66418 70772
2101 3
13492 13495 13496
26370 4
76681 45580 2533 18030
28229 4
77704 77705 38046 42562
2114 4
13564 1959 13566 13567
26322 4
76654 49246 43278 76655
20576 4
71852 40154 64036 62090
18324 3
69022 21265 22691
26626 5
8569 32874 31809 65260 34265
1797 3
11648 11657 11659
20244 3
62847 28260 46762
7965 1
42443
2253 7
14381 14385 4743 14386 14387 14390 14392
7774 3
41677 41678 41679
29930 2
78565 17495
12504 4
57363 50610 15238 54356
23216 3
74488 10599 66850
1584 3
10362 10363 10366
6139 3
34689 1836 34697
18026 2
17361 57406
24096 2
75164 4580
13410 1
52393
17333 4
67520 2654 60958 20307
787 4
5248 5257 5258 5246
29050 6
78124 44874 6678 58140 30814 48331
7448 4
40359 40360 19140 40361
13956 4
60899 60900 43297 60902
13634 3
60171 40067 27249
29737 6
78468 54177 37889 52016 43614 46343
20365 4
33423 32007 70366 39037
14093 3
61218 13058 42531
11671 8
55072 55074 43449 20605 32299 55075 7676 37154
3332 4
20580 20581 20582 20586
2371 4
15096 15103 15104 15105
12538 1
55062
1925 3
12427 12434 12435
20681 1
51327
11728 5
55227 38867 55229 15123 40012
19609 1
70727
18748 6
69609 69610 21179 56438 242 63258
22925 3
74243 74031 10791
18774 3
32279 39783 19484
14644 2
62461 49762
17982 3
2553 52769 56280
23933 3
75048 15340 64953
3748 5
22853 22854 22855 17230 22856
16783 2
40600 17967
10501 1
6915
13325 2
26019 59397
9985 4
7595 3811 17310 49806
24940 5
75757 16626 10992 74509 44317
23215 5
74487 61839 70103 32152 34128
11043 3
53214 25513 17319
15903 2
25530 4488
23679 5
74848 54811 58001 16023 72486
21469 4
37228 62433 45028 52439
26184 3
76570 63133 70104
12614 3
57622 51380 57624
8087 3
42927 27257 42934
12046 4
56120 32858 32500 3647
6628 2
36831 36833
9210 2
47166 38732
21501 4
30910 60495 5878 72869
2141 3
13709 13716 13718
14516 2
47551 62159
7220 2
36173 2359
19839 3
61614 71006 6297
5000 2
29249 29250
14473 2
62064 3065
20900 3
72222 55976 41370
3310 3
20461 20463 20464
9750 1
5920
5898 2
33586 18709
16535 3
20117 12706 25067
20497 1
71765
19587 3
70693 11190 57843
2353 2
14984 14991
29146 4
78172 41412 57147 53807
1792 6
11623 11624 11627 11629 11630 11632
10238 3
50640 42726 33503
2524 4
16021 16024 16025 16026
14141 1
61321
524 4
3522 3523 3524 3526
742 5
4969 4970 4971 4973 4974
13668 2
60253 49059
12356 2
56953 56954
7358 3
39995 39996 19950
28412 3
77799 31743 28968
9503 3
48178 17093 102
7744 1
41553
27232 2
77176 67362
29123 5
78160 50471 13749 51741 43537
29807 4
78503 65020 69179 21667
11860 4
55598 558 55599 31226
28079 2
77627 56706
14320 5
61708 61709 61492 26157 10174
9590 1
48487
27146 2
46538 59957
25654 4
76240 65561 51203 17829
6209 3
34975 34981 34984
4986 5
29173 7808 26439 29175 29176
29818 5
78509 33650 42303 58038 60122
1501 2
9853 9854
19855 8
71024 28386 19070 43848 40950 64162 8248 42078
5977 3
33952 33957 7888
11876 4
55638 33654 36614 16050
6058 1
34309
26852 2
76958 19862
28413 2
25707 72473
8631 3
45038 45043 45045
7629 3
41090 19769 39004
27348 4
77238 27407 55575 76512
7391 2
40129 38767
23927 3
75044 43421 27682
25204 3
75941 66632 68507
27717 3
77441 25713 55530
16707 2
66547 40510
7394 2
40139 16516
6140 4
34699 34700 34701 34704
23241 2
74508 29256
11446 2
32784 49279
3558 4
21820 21822 18606 21823
5816 7
33182 33183 13286 31739 33184 33185 5791
22528 5
73879 60191 58332 36688 55669
25737 3
76293 50475 12999
15684 2
64621 12708
18240 3
36632 45848 58352
21263 4
72620 72623 62262 30823
6997 3
38488 29726 1318
22814 2
47846 44657
5652 4
32417 32419 1381 24811
26847 4
76954 12821 18140 11169
8956 1
46260
22624 5
73975 73976 32034 37994 60892
24515 1
63928
12271 3
56724 23065 16054
21700 3
49996 54976 35218
3347 2
20652 20661
27700 4
77433 5383 71363 22354
15560 1
64383
7972 5
42468 9924 12273 42469 35481
1476 3
9692 9695 9696
3597 3
22023 22024 22030
15670 1
64595
17168 2
67278 34906
6915 1
38117
23145 4
74429 19554 41194 30334
14438 2
61977 45322
27636 6
77397 66362 14050 73390 30102 30937
1757 4
11405 11411 860 9274
15251 1
63737
28824 3
78011 33954 51360
24191 3
21015 6735 64192
22608 2
69908 29848
6622 2
36804 36805
12766 1
58003
3455 1
21252
3400 3
20952 20953 20956
11722 2
16524 48111
22 3
153 154 160
25087 4
75861 34455 64717 36496
26098 3
5578 50521 69653
29422 4
78311 62237 55153 44944
24450 3
49130 73978 69399
27407 3
77269 53249 75422
29881 1
71295
18202 6
68838 47650 60675 14460 33693 29430
1618 4
10559 3900 4577 10563
4633 3
27434 27445 27446
29178 2
78188 25931
10050 7
50019 36764 1939 50020 12920 41889 21324
27637 1
77398
23564 3
74752 45209 38926
1246 2
8233 8235
1660 4
10819 1096 10821 10822
1561 2
10216 10228
29583 4
78391 52340 51712 52742
23038 2
74339 49933
18503 5
69265 37106 15954 16274 10522
19475 3
47114 45576 56483
8263 2
43626 26667
22253 3
73646 55006 51891
1700 2
11067 11070
3368 1
20780
11596 1
32381
4570 1
27117
13794 1
60534
24171 3
75222 25779 67073
5999 4
34041 34045 12254 34049
22426 2
73791 15547
29704 6
55230 66590 50867 60806 25593 26368
3145 4
19551 9772 19552 11622
1054 2
7006 7010
2709 2
17076 15101
10198 1
50515
14250 2
61549 61551
18367 4
69082 44295 63169 62922
8383 3
44115 21910 44120
1252 5
8269 8270 8272 8274 8277
2060 6
13248 13250 13251 13253 1685 13254
26672 3
76853 68314 14645
11629 2
54952 35200
4525 1
26893
6085 2
34435 34437
9578 3
48449 48451 24225
15912 1
65054
8366 3
38835 44049 44050
27805 2
77485 50933
25000 3
75797 75798 40778
10873 3
52692 52698 52699
19185 5
70209 3331 26731 70211 7740
26512 6
76765 69335 32145 40981 38423 39471
20550 2
60444 46448
20059 1
65538
3184 1
19764
28593 3
77892 16837 10716
16688 1
66510
16349 5
65884 52715 65885 26266 52385
17750 4
68173 39662 18737 62477
10741 4
52284 52286 35937 52288
21653 1
39169
29156 2
78177 30167
27228 1
62087
25434 4
76100 11853 73199 5211
17700 3
68098 63972 24715
4202 7
25232 16309 25233 13525 25235 1632 7879
24621 3
75537 62783 31613
18351 3
69059 33645 26992
6485 5
36191 7542 36193 36195 36196
2315 2
14752 14761
12852 5
58206 54758 4129 33041 58208
14307 3
61679 56605 33223
16049 2
9109 13499
13720 3
35024 60379 39357
23094 2
41800 65203
3793 4
23094 9617 23101 23104
17276 3
54000 66160 43770
28967 2
78082 69025
23396 3
74627 32035 9768
28724 4
77961 51408 4216 63325
2474 2
15727 15732
3525 3
21640 21641 21642
1253 2
8279 8282
26782 2
76917 25644
20814 5
72129 50283 72130 48367 29877
23499 3
74706 49757 67158
18412 3
69145 3165 15787
10554 1
51688
18614 2
69421 68534
20969 2
72291 47157
18153 4
68773 5345 38574 63509
29219 3
72499 69293 29278
8557 4
44763 44769 20346 12274
2288 1
14601
28086 4
77632 9187 49125 52121
23441 6
74662 33367 51423 67048 35101 51622
13896 3
59220 60765 31429
21345 5
72703 858 4751 72704 53782
10474 2
51430 51431
15311 3
63859 63860 52407
19243 4
70284 53779 69464 22707
21782 4
73172 70241 62473 13457
22932 2
74252 63105
11164 3
53589 13226 37313
12834 2
37349 58167
14489 2
61893 47055
15702 1
64665
26155 1
76551
4855 2
1130 28528
711 2
4769 4771
15499 3
64260 34109 32517
17829 3
68298 55363 13225
29602 2
78401 74765
10919 3
52840 44207 21978
3506 1
21544
12404 4
57084 57086 50789 15466
679 1
4549
27231 6
77175 29467 33163 63360 53410 38744
18451 2
69195 51401
17957 3
68494 63452 2844
7719 4
41447 37819 37043 12042
23320 4
74575 72305 71234 46917
5446 3
31439 31445 31446
19801 3
57305 60608 23525
29075 4
78136 17402 60541 45835
7308 4
39791 39792 39793 38689
11394 5
54288 54290 34775 54291 48137
11814 4
55480 20989 55482 37353
4892 1
28716
18083 4
68672 51963 65400 67138
24997 1
75795
16249 4
2708 65714 24923 28780
677 2
4530 4538
17808 4
68270 68271 66212 68273
1511 4
9910 9915 9916 9917
19435 2
70499 56488
7200 4
26580 14403 2528 39349
2340 4
14908 14910 14911 14912
11239 3
53826 45284 25180
9990 3
49820 49821 49824
4716 4
27862 27863 27865 27867
4376 3
26129 26130 26133
9292 3
47459 47461 47462
2577 3
16314 16322 16325
8841 2
45826 22178
15948 1
2061
25365 3
76054 73522 61995
15950 1
49525
7755 3
41595 36915 41604
28114 3
77646 3305 37439
20496 3
31061 52731 54933
1048 3
6967 6968 6971
15030 3
41065 42190 63283
5063 6
29557 29563 29564 29565 29566 29567
18668 3
30053 27567 41642
14495 2
52363 62112
25414 4
76086 25998 55673 24086
3668 2
22410 22413
7736 3
41518 25796 17781
1395 2
424 9189
26927 2
77007 31861
26059 3
76494 76189 1948
20698 3
72000 35413 45806
25754 3
76304 44916 71636
24770 2
75638 3665
17013 3
67019 67023 10388
24144 4
39175 42676 53409 20790
20752 3
72063 202 60725
11378 3
54239 44586 46071
11142 1
53528
521 5
3497 3503 3506 3508 3509
25726 3
76288 58123 17882
2020 3
13009 11545 13012
7655 1
34904
16242 4
65704 63333 57456 24388
8232 2
43510 43511
25341 4
76034 72757 32703 25046
23402 3
46085 64100 17484
10072 3
50094 50095 12825
16127 1
16407
22297 5
73689 49476 10911 52718 25992
27283 4
77205 38639 55055 20371
2830 3
17766 17767 17770
10532 1
21781
25733 4
76291 67035 58805 56166
192 2
1309 1312
4689 2
27734 2666
22115 1
73503
607 2
4065 4076
18361 3
54991 45399 52347
4564 4
27081 27084 27086 24234
9015 2
46477 1652
14023 3
61057 31253 61065
19540 3
70632 70633 56972
23989 4
72671 46828 25703 67822
7315 5
39817 39822 39823 39825 26809
25421 3
76089 68887 12623
9479 1
48105
2728 2
17196 14868
25916 7
76408 9433 44204 62886 30957 12425 37328
25567 1
14511
14920 2
17814 20930
20201 5
71430 7184 10565 48843 10774
893 3
5947 5955 5959
9097 1
46763
5808 3
33149 33150 14038
25534 3
76162 72820 38869
28775 4
61847 7639 33260 72377
16073 3
65361 36305 65365
17773 2
68208 29847
11516 1
54649
27869 3
77519 30596 4535
22473 2
73831 66828
14370 2
61825 45260
24062 5
75137 26644 54531 56667 23267
23333 1
74581
27668 2
77415 19120
26142 1
8316
20986 1
66643
19204 4
46925 63208 50354 24869
22472 2
29641 9077
7818 3
41849 41850 22535
19677 4
70813 33037 70814 3635
27771 3
77468 64768 13533
20028 1
71228
21375 4
72735 72737 37227 70847
7149 2
39139 15263
17606 1
67945
22149 2
17934 72525
9445 4
47989 16616 33833 47996
24265 1
6481
23903 6
75024 68433 37423 53572 2162 33789
19423 3
70485 26288 62648
28514 2
42475 16650
23685 2
64061 60683
28267 6
77725 23282 70790 68856 41727 46551
25581 3
76188 5390 39907
15389 4
64035 52655 22987 24587
22988 7
74301 7404 27758 33639 74302 69133 22918
21144 2
8378 23941
22262 3
73654 73655 10025
26234 1
65856
9911 3
49549 49555 49557
13424 2
59649 59650
6034 2
34210 34212
478 2
3227 3228
21159 4
72506 4890 3833 19737
20473 5
71741 22534 5660 48311 27987
27770 2
37175 61385
1211 2
8014 8018
20390 1
45305
19063 2
54789 55195
23477 5
74690 12428 73122 62174 20050
2736 6
17239 17241 9481 17242 17243 17244
24051 2
52991 22062
3509 2
21557 21558
4866 4
2323 28582 28583 28584
23230 2
74502 33851
22162 4
73551 58799 73178 65068
743 2
4979 4980
29287 2
78242 34232
9103 3
17134 16588 20144
20199 5
71428 29085 15449 56813 10802
25220 2
35656 44082
12430 4
57153 55011 56365 41651
10401 3
49004 36317 51179
19894 3
71073 71074 25696
12014 2
56026 46144
19672 1
38068
1534 2
10058 10062
4789 4
28198 28205 28206 6377
22911 2
63310 3788
16518 4
66202 55828 66204 25733
17473 1
58393
7030 4
937 38638 38640 28013
3210 3
19176 19912 19913
4078 3
24591 24595 24596
22288 3
53192 31838 73682
22153 2
73542 73543
10165 2
50409 32866
3865 3
23465 23471 23472
16149 3
65507 55852 20365
6872 3
37937 37938 21845
25351 5
53743 67094 16878 26163 3037
28540 3
77866 59320 70926
8489 3
44514 6493 13923
29025 2
78111 6315
10352 2
29558 6883
9989 2
49816 49818
23612 3
74787 66544 53324
15279 3
63787 45945 63180
11767 6
55340 55344 14486 23449 14152 7288
13820 2
60586 60588
26919 3
77003 65111 42051
3125 3
19434 19437 19438
26593 2
46929 46073
667 2
4466 4478
14660 4
62498 62500 8697 55342
22500 3
4300 65719 72852
18858 2
56375 58491
18140 2
65634 34571
21089 3
72432 12487 72434
29220 3
78209 70681 1152
20651 3
71939 71332 30939
23247 4
74512 26540 26742 27757
12443 4
57188 16048 10494 46889
20113 2
51187 12733
6192 5
34899 34901 34902 34903 34905
20953 3
72276 8575 54407
25954 3
52745 25304 55172
13397 2
59582 13974
15331 2
63904 54996
8014 5
42637 42639 14650 42641 42642
14825 4
62844 14963 23535 55982
23636 6
74810 26457 74811 38293 61059 69875
8660 2
45147 45152
19644 1
70777
790 5
5273 5274 5275 5278 5279
24018 4
75110 57292 25917 64298
28346 3
46981 53813 59421
7581 3
40899 40906 40907
17854 3
68338 19580 61813
29595 4
78397 26630 31651 28107
25634 2
76222 38087
4338 3
25918 10002 25920
5983 5
33978 32859 33981 33982 20056
21813 3
73201 29710 23215
11363 1
54192
11660 5
55041 41690 55043 55044 52644
16549 2
66263 4726
28137 4
71306 42122 49344 67087
28064 1
41396
12510 1
57379
18644 2
69462 30119
11869 4
55617 46056 55619 41837
22358 3
73736 21966 37769
11914 4
55749 21868 55750 55752
17107 3
67178 35740 67179
28950 2
37468 66447
7875 3
42084 37473 40430
29332 2
78265 49194
2301 4
14673 14674 14675 14681
19995 3
13835 28808 29435
20997 1
72325
17406 2
37697 53408
21999 2
69076 60455
5655 1
32427
11484 4
54544 54545 11745 12016
15033 5
63286 48011 34869 63288 30208
14534 2
30870 24233
2121 1
13606
22257 3
45171 20286 36875
16334 3
65858 16945 5243
2557 4
16203 16210 16212 16214
17786 4
68232 68233 52808 36966
10876 3
52709 52710 48385
10274 5
39292 50480 17728 11183 11290
20538 1
53712
1707 4
11105 11111 11113 11115
19007 5
69954 1616 31876 22620 69959
3396 5
20932 4107 16970 20935 20937
21001 3
72330 24172 58756
6988 1
38459
29813 3
78506 74055 22443
18125 4
2710 20304 9388 68735
7481 1
40493
24158 3
28068 38354 54588
14183 1
40549
17543 2
67833 28169
19340 3
70391 7716 59338
17312 4
67491 59218 67493 54817
5728 4
32776 32777 18448 29431
21812 3
66522 34428 27970
15177 2
63579 30288
1554 2
10184 10187
9051 5
46594 44220 46600 46601 46602
9603 3
48525 10124 48532
15687 4
53017 48979 52348 23936
25515 6
76151 40197 59279 28364 74521 65768
18285 3
40837 41681 68970
22571 3
73921 68885 62078
19430 4
70496 35814 35438 65745
25014 4
75811 4399 42011 18755
23708 4
74875 72466 68683 63107
25018 3
56847 38544 62412
21535 2
72910 65437
28623 2
37886 21120
10161 5
50392 50395 50397 50398 45453
4113 5
13163 24778 24780 21005 8264
1065 2
7081 7082
20516 3
71787 39300 59728
19736 4
70881 67160 21648 70882
7494 2
40550 40551
13036 4
58673 54902 48229 25063
14678 2
62539 55409
16358 3
65904 58200 51886
19083 5
70055 64309 23208 32448 49830
14971 4
52866 63163 4433 62339
27640 4
77400 75778 45105 37272
7484 4
40505 2168 40506 5494
23173 2
74452 15874
4410 2
26312 26315
23552 2
74746 7182
1689 6
10988 10994 10996 10997 8255 10998
11199 4
53696 11269 10741 53702
15282 5
63794 19327 61387 63795 28112
4324 1
25845
16902 3
66848 32643 7980
28476 1
21707
3664 1
22387
1936 2
12503 12378
21099 6
72443 9089 72444 70275 22403 60582
50 3
346 347 349
21303 4
65332 28995 48240 49552
8165 4
3133 43246 43247 43249
29915 4
78557 48714 71084 59737
23669 3
74837 72882 27329
23263 3
74525 9145 54410
2196 1
14044
6486 4
36199 36200 36201 32256
15954 4
65130 15236 40201 2231
21351 2
72708 29923
8674 3
45204 43422 45206
7086 5
38885 38887 10784 38888 22611
9225 1
47221
27807 4
77486 44102 34746 44575
10226 6
50599 50601 40671 21666 50602 9649
24794 2
75654 70878
21795 1
3759
24416 1
41766
22757 2
23130 55947
25275 5
75990 34658 36862 59597 9200
19559 5
70655 51104 26156 35223 23562
17349 3
67550 40106 21137
13725 3
60386 55377 52138
28387 3
77786 73321 24123
19015 2
69969 24177
11717 2
55197 49855
22450 6
73816 19375 60068 11973 73306 50779
23544 2
74742 58249
11927 5
55786 16411 49248 37440 55789
28558 3
63739 27613 6418
10761 2
5530 52342
13392 5
59571 59572 59573 59574 46998
22456 4
73819 10063 31615 18782
15012 3
63246 34454 61889
27471 6
77308 47483 53762 36836 63255 67370
24910 3
75737 25705 15972
18629 3
59243 14512 69440
6773 2
37478 37487
25943 3
76422 38057 66106
12920 2
58379 15124
8275 2
19631 35029
13267 1
59250
3864 1
23467
27765 4
16086 14695 70367 67443
17818 3
23239 68285 7514
16806 2
66699 65229
19451 5
70520 49523 65678 57267 65613
9680 1
48784
2519 1
15987
17264 2
67427 54972
20175 2
67441 67307
7709 6
41417 14032 27839 41423 13373 15127
823 2
5495 5496
28861 5
70376 62750 21655 51843 33688
28318 3
77752 73537 20119
18822 5
69703 27754 42557 9572 21984
21851 2
73241 50790
13398 2
35240 9657
20307 8
71555 17631 44035 57912 55657 27055 63415 71557
3404 3
20975 9658 20976
8143 1
43159
16109 2
61006 49001
10498 2
9801 5198
4694 1
27764
339 3
2289 2297 2301
25902 3
47709 8937 39287
27153 3
77129 40711 77017
13226 3
49023 59155 35020
17509 1
67777
10405 2
51186 49543
13313 4
59365 18600 59369 36444
21550 1
28343
12164 2
56435 42997
12137 2
56354 56358
3537 3
21698 21703 21705
29552 1
78376
15743 3
64749 31837 40856
9133 3
46890 35452 20349
4999 3
11506 29247 6500
3163 3
19649 19650 19651
13415 5
7861 50772 16244 59480 56911
13132 3
58916 58917 31214
207 2
1405 1415
5749 3
32867 32875 32876
13856 2
60672 14142
28927 3
78062 32486 17489
853 3
5681 5688 5692
8599 2
44918 44923
19348 3
70397 55572 4752
9871 3
49421 2000 49426
13255 3
59219 42232 39561
13332 3
59417 58187 48901
23986 3
75085 47941 64385
10122 4
50250 12779 50251 16899
27546 5
77348 57398 7173 61621 65235
12591 4
20284 15801 53181 50568
5950 2
33829 33834
4799 3
28251 28255 28256
3443 1
21194
2317 2
14765 14775
12024 3
47605 12968 56052
7678 5
41286 41287 41288 41289 21142
7794 5
597 41747 41749 41750 41751
11201 5
53703 53707 20713 10211 15711
10314 4
50889 50890 50892 50773
26624 1
34114
22952 2
74268 67969
27434 5
77285 56631 13352 12264 48996
21312 2
72669 33056
29004 2
78101 37047
9686 1
48805
26598 2
76811 74766
15064 2
63357 63359
13068 2
58758 58759
23351 2
74597 18932
28377 3
77781 44231 30920
9545 4
48323 32603 24569 9098
23581 2
53962 70317
2050 1
9505
27161 4
77133 9577 68662 30357
18329 3
20372 24806 42154
6634 4
36855 36857 36858 6480
28570 3
77881 60581 59998
522 3
3510 1519 3513
16227 2
65666 29159
14134 4
26198 61307 36577 50302
7549 3
40772 26256 32682
21801 3
73190 14164 44324
494 5
3330 3332 2562 3333 3334
11020 3
11063 44640 18707
1803 2
11698 11699
25922 4
76411 57663 23491 4849
29402 3
78301 20343 15063
20918 4
72241 30178 72151 6345
8571 3
44819 44824 44825
10159 1
50391
24684 3
75578 38325 15888
29670 4
78435 23608 54765 39758
24218 4
38069 56173 49379 71990
26286 2
76633 73436
880 4
5866 5867 5868 5869
10521 2
51572 37213
6642 2
36894 36896
6683 2
37071 31807
22613 3
73964 53281 14217
19248 3
70290 12843 48176
16685 3
9446 17791 2473
25694 2
76270 7738
18162 4
53234 19106 31777 15139
25630 3
76220 66941 23888
29901 4
78550 52582 38339 70214
28008 4
77591 14455 12212 23556
25411 3
76083 47844 73326
307 3
2086 2088 2090
4869 1
17408
24587 1
61994
20379 3
71635 1666 42559
2279 2
14541 14549
10447 2
51335 7622
22720 3
53001 1792 8747
29876 1
71118
4374 3
9895 3517 9808
16359 2
57895 53334
20594 3
71877 23794 71880
10770 5
52374 6858 5905 52376 52377
28266 1
59782
7937 2
42325 39884
24934 2
75753 56285
18370 2
68574 53417
22634 4
73985 65019 41684 73986
4274 2
25595 25596
18188 2
68819 7142
6289 3
35326 30821 35332
4644 3
27501 27502 27504
24477 5
75433 65240 65412 48716 74092
1380 2
9088 9093
2262 5
14443 14444 14445 14446 14448
3017 2
18816 18824
11594 2
21975 2202
8845 3
45836 3209 19337
9293 1
31928
2761 4
17369 17374 17376 17379
29873 3
78536 49006 19951
20085 2
71293 71296
19968 2
71155 22153
20745 5
72056 35400 58955 62745 54962
19833 2
70997 54468
5326 1
30859
26347 6
76668 55558 3970 58155 73000 64664
1480 2
9718 9719
15600 1
64462
17879 2
68377 67711
4519 3
26864 26867 26870
15013 2
30084 39290
4446 3
26503 26506 26507
10507 3
51530 22012 51537
10127 4
50267 50268 5999 50271
10769 2
52372 52373
11134 2
53502 53503
25609 5
76204 62523 54901 60555 14040
18439 4
69184 18866 7387 43768
17961 3
18260 11199 43820
29504 2
35065 16629
22063 5
73455 30765 3673 73456 771
16926 2
17842 1795
2024 2
13038 13039
21438 1
72806
5473 2
31563 31572
26164 2
35206 8158
28078 6
53633 14566 4753 23956 77628 67609
27089 6
77097 58342 61004 12984 66458 64835
228 3
1553 1554 1555
2893 1
18123
831 7
5535 5538 5539 5540 5541 5543 5544
6758 6
37416 37418 27733 37419 37420 37421
20305 3
71552 33560 57348
5572 2
32036 16284
23348 3
74595 62532 72135
7834 2
41909 41912
7981 3
42493 8828 32000
26946 1
77018
24232 7
75266 66940 15062 28952 32394 61036 29103
15751 4
40237 31632 2185 64766
18123 3
68730 32109 68733
23991 2
48163 53654
747 3
5002 5003 5005
3395 2
20921 20928
436 1
2943
23972 4
75076 71199 2100 45471
6001 2
34050 22358
21107 2
45614 54832
10815 3
52505 33679 51206
847 2
5641 5649
14321 4
46992 61710 61711 58897
29068 2
25851 72962
17300 3
36094 56495 62164
10407 1
28793
13018 2
58623 39494
14862 3
57905 30525 54447
87 2
590 598
28471 2
77830 11305
28366 1
77776
11032 2
53187 53188
15180 3
55940 63592 48504
23171 3
74451 44933 56153
21388 3
72749 57365 59750
7374 2
40056 40057
16820 4
66719 53847 51598 19822
1116 2
7410 4874
21447 3
72814 938 66654
1186 4
7854 7857 7858 7859
28758 3
77978 712 10297
29494 2
78347 60723
2377 2
15129 15140
24415 5
75388 75389 73453 10436 60111
4209 3
25267 25268 15144
14389 4
61863 46070 24629 47021
15433 4
35444 17200 64125 45903
22014 2
73403 51658
5674 3
32523 16135 23275
13252 3
59215 49062 57205
20815 3
71509 41199 70728
3988 4
24110 24112 24113 24116
7675 2
35954 41277
19444 2
70516 12572
24481 1
75438
28240 4
77712 39781 64088 30443
21306 2
72664 17012
14412 3
61923 6484 61924
23419 2
30462 50748
20128 1
71343
9385 4
47775 37574 38893 27923
6313 6
35436 9414 17825 29151 35441 28132
7081 2
38861 31766
3484 3
21421 21422 14473
973 3
6475 6483 6487
7548 3
40773 40774 40776
21536 4
66140 13937 6227 51842
14048 2
61124 19690
15623 4
64501 31773 41112 55104
18337 3
40688 69044 14773
1739 2
11296 11304
19623 1
1173
3044 3
18979 15535 18982
9301 5
47487 15242 47491 47492 47493
6138 2
27439 34694
22414 3
73780 21253 27194
15139 4
63505 55492 54993 23372
16157 2
65524 63211
8418 3
44243 44245 44246
5443 3
31428 31430 31431
29949 5
78574 58778 48949 39657 21427
26655 2
76843 74415
14946 3
63104 63106 63108
5174 1
30120
21334 3
72691 37025 21257
14902 2
63013 45869
10926 2
52865 52849
235 4
1603 1604 1605 1606
18082 2
5177 49355
19487 4
70569 2971 48404 12151
7309 4
39796 39797 39798 39800
24474 2
75432 47352
16277 4
65761 65762 57126 11881
10767 5
22915 36787 52364 52366 23905
887 4
5908 5914 5918 5919
24674 3
67912 24696 61327
21992 1
44093
27878 6
77524 32947 42732 60211 54630 58405
1014 2
6750 6757
25749 2
37052 69823
15849 2
64931 64935
27111 2
77108 62643
9354 3
41210 47684 6308
3645 2
22284 11291
9821 2
49261 49266
3691 3
22546 22549 22550
11919 2
55759 55765
10443 2
51324 2134
17450 5
67690 5266 25625 61495 426
2585 5
16359 16365 16366 16367 16371
15719 4
64697 41724 26136 64698
15044 1
54839
13811 1
21627
2551 2
16173 16181
2476 4
15738 15741 15742 15744
29975 2
78587 65779
19921 5
71107 18277 69946 43298 10728
22013 2
73399 1890
7100 4
38942 6573 38944 38947
13696 2
60316 60318
17327 3
67511 67514 7170
7403 2
12700 14025
21129 1
7767
29330 2
25951 67055
357 4
2419 2420 2421 2422
9247 4
47293 47296 38748 30487
28179 3
77678 5346 19221
965 3
1690 6432 6433
11042 1
53215
18675 2
69498 1684
12674 4
57770 40689 57772 8381
26845 5
76953 53237 72425 24092 14021
1648 1
10749
8018 2
42652 42656
29001 4
78099 26480 8385 36350
27870 3
77520 74739 29680
26295 2
76638 15576
27682 3
72677 10198 72026
28777 4
77987 51854 54355 70084
11365 1
49566
21355 2
40221 72715
16828 3
66731 62544 65016
25617 4
76210 40440 40756 12922
19730 2
2950 36111
10227 1
50604
12831 3
58158 48814 52643
17350 2
67551 66897
29407 1
40309
1200 2
7949 7950
28616 6
77904 51573 17079 15283 57902 30219
6246 4
35140 35141 35143 30858
3746 1
22845
26720 3
76882 66720 53542
9778 3
49118 25093 10199
9215 2
47182 47183
20531 1
69115
22692 2
74041 22799
18832 2
40458 21414
20191 1
59510
25610 5
76205 38405 67504 17820 74424
3623 6
22167 5368 19268 17676 19084 22175
29224 2
78211 12472
16066 3
65340 65341 26044
10348 1
6546
16764 2
66642 60275
9326 4
21160 44070 15680 47582
18270 3
68948 68949 63235
24553 4
75489 74493 50451 67563
17721 1
68129
29462 6
78331 48941 45590 55934 45787 60605
17766 3
68200 51491 30014
21295 5
7908 28109 57417 72655 71472
19612 1
70733
25614 4
64096 74886 15112 63694
15604 2
49021 28689
17028 4
67050 9874 54880 8419
13529 3
39284 59448 59912
13446 7
59707 13903 11941 4082 59708 26645 52764
9853 5
49359 10354 49362 49363 49365
8605 3
44942 42203 44945
12974 1
58519
3250 5
20132 20137 19473 20139 20140
12301 5
56800 56249 36386 52972 49008
7204 2
39361 19014
3758 2
22909 22912
5021 3
29347 5391 7846
13879 2
60726 46059
24101 1
28387
24841 1
75689
19208 2
70244 770
27675 2
77418 75042
21455 3
72823 38192 41650
17204 4
67337 19632 38897 18598
4849 4
14096 28497 22080 28498
24019 3
70816 75111 63250
1735 3
11278 11281 11282
10246 2
7160 50659
26167 2
10085 49331
12312 2
56835 50143
6696 2
14553 16684
12122 2
56318 18329
2351 5
14971 14977 14979 9389 14983
25675 1
71697
13235 4
59172 54433 55537 17195
20542 5
71813 67351 2007 12325 538
8102 3
42994 42995 9609
10568 3
47306 25858 51735
15629 3
64515 36034 20482
10283 2
50780 48753
5871 2
33443 17001
12280 2
56751 12769
23322 2
34488 41266
25399 4
76075 59231 28085 55005
4657 1
27565
14620 4
62403 62404 62405 28410
21761 2
73148 29663
22755 1
43549
29542 2
78371 42450
24033 2
64488 36490
16105 2
65425 65429
3928 3
23802 23803 23805
23234 1
74504
11062 1
8926
2612 3
16523 16525 16527
4686 4
27726 27553 27727 27730
2170 4
13889 8772 13892 13894
28729 5
77963 31760 62420 69529 64429
13271 1
59260
10513 3
11729 51558 51559
19508 2
68613 70406
20582 5
71858 71860 30248 70092 71861
1914 2
12371 12375
24646 2
75556 65601
7716 4
41441 15949 41442 19290
7728 3
41487 38827 11342
14273 3
43800 53643 44880
114 1
786
4391 3
26212 26213 26215
13979 4
60951 40107 42940 60954
10087 4
50142 50144 50145 14772
2031 1
13069
16244 3
65707 57974 8204
7398 1
40153
2905 4
18183 9606 18187 18189
2961 3
18511 15811 18515
9209 2
32424 21792
29936 3
21456 33687 67235
20869 3
18460 17274 30940
11034 4
53191 53194 21246 32645
20336 2
71590 24104
570 2
3824 3826
432 4
2915 2916 2921 2923
1956 4
12627 12630 12633 12634
17986 3
68536 13834 68539
14963 2
31053 63144
2190 1
14011
14380 1
61848
14341 2
61754 12971
13117 3
15653 6782 45786
12914 3
58368 41293 3923
14574 1
10295
23818 4
74956 7554 74957 6615
17486 2
67744 67745
13652 2
40284 60215
12198 3
56531 56532 56533
29523 2
78361 17353
17094 3
67155 27515 21279
14850 2
62899 62900
15242 3
63719 32275 46142
11736 4
55252 55253 43506 48803
26923 1
48526
21522 1
8176
15619 2
64496 49726
16581 3
66316 61610 22264
24850 2
75695 46859
16774 3
66653 54316 3491
10055 1
50037
13738 3
973 36060 60415
28392 2
77789 21054
25532 3
76161 5939 29109
20233 3
71466 2841 62639
19524 4
70614 70615 42480 55290
21808 1
73197
17757 3
68182 58517 16138
6092 3
34466 10965 7089
10461 4
51378 51381 51383 37719
18077 2
68664 26919
19882 2
55961 71059
18794 3
69667 45558 59794
3376 3
20821 20824 20825
20743 2
72053 71348
2873 4
17999 18007 18009 9749
28191 2
77685 43781
10561 2
51709 11528
22904 6
74226 60240 63338 47827 69154 56881
18979 2
12583 42549
15828 5
15111 53428 28837 47335 44937
7646 1
41158
3533 2
21682 21686
26285 2
32195 61314
24639 1
75548
11392 4
54283 7525 34053 47056
13800 3
60545 3741 60546
14401 2
61890 3122
18010 5
68572 68573 43075 41041 29450
22392 3
73760 56897 4303
19964 5
71151 18671 38949 3892 34931
3262 2
20193 20196
4977 1
12508
24058 2
75135 55432
28928 3
78063 43713 47511
13812 2
60572 58309
24893 2
3632 75726
1523 2
9980 9988
5477 4
31582 31585 31586 10627
9812 4
30943 49231 20828 31623
22070 4
73464 63697 47158 18840
11905 2
55716 55721
14722 1
62626
9992 2
49827 49829
8771 2
45579 45587
9189 2
47087 20906
7015 2
38571 38573
3081 2
19185 19191
9235 4
47255 20451 47258 47259
15574 1
64408
8748 3
33986 12905 77
13436 1
59679
27735 3
77450 28365 73049
22202 3
73593 17994 64914
15141 3
63510 63512 38725
26787 2
76920 14652
5394 2
31196 31199
1105 2
7341 7342
15118 1
63465
9137 7
46906 46908 46910 30216 16683 24071 46912
5405 5
31240 31245 31246 31247 31250
25131 1
75895
11436 2
54409 54411
17588 2
67915 14832
25635 3
21161 76223 63120
19778 4
70939 31924 3915 70940
8012 4
42628 42629 42631 7997
21692 3
73081 23362 25532
6516 4
36336 36338 36340 8462
20144 3
12052 12350 71360
15483 4
64226 10575 59768 28469
19912 3
71097 7832 71098
3302 2
20418 20420
6039 4
34229 6900 7675 34233
21417 2
72781 61155
3330 6
20570 20572 20573 20574 20575 11149
21735 1
67897
6480 2
36172 36174
26898 2
76990 28986
17910 3
46553 19656 43158
2958 4
10583 18498 18499 18500
27842 3
5577 37787 30601
6973 2
38381 38390
284 3
1931 1932 1935
7063 4
38782 38787 38788 38789
28960 1
37770
22636 1
73990
2184 4
13968 13969 13970 13971
8716 1
45368
17056 3
67101 46174 2276
20554 1
71826
5622 3
32262 32263 32264
4541 2
14640 7222
6112 1
34560
2780 1
17486
23156 3
62867 33683 32231
5621 5
32252 12474 32257 32258 32261
21216 1
8649
17115 5
67193 59007 65954 37646 6005
3657 1
22346
19052 6
70019 51393 70020 21980 57032 13075
8528 4
44663 14458 44665 28400
6105 3
34524 25652 34533
13050 3
58711 7777 56244
15876 2
64988 39377
27061 3
77082 72993 20454
12553 6
17490 30284 55048 57485 57486 32862
15493 2
64247 45070
337 6
2277 2284 2170 2285 2286 2288
21220 3
62551 41055 69982
21162 2
72512 41483
3171 2
19686 19692
9740 2
49003 45274
14036 3
32110 40229 43910
8565 3
44795 44801 24503
6399 3
35808 35812 24181
9053 3
46613 9326 46614
2801 4
17597 17604 16233 17606
23176 2
68274 10375
3638 4
22249 2493 22250 22253
8944 2
46221 8547
8288 1
43722
20040 2
71241 59011
10997 2
53073 33029
21391 1
72751
25799 2
76334 40526
20968 2
47509 34600
29983 1
78591
26316 1
72742
29081 2
78139 23638
28489 2
77840 37033
27871 5
61044 31923 65912 6605 11423
2469 2
15688 15698
23625 2
74799 73859
7745 2
41558 4395
27050 3
77077 68303 67033
3489 2
21447 11119
2717 1
17137
28909 2
46764 72503
29072 2
78135 77265
18820 1
62424
12427 1
57148
20130 3
71346 66852 23758
8069 3
42856 4468 42862
17043 1
7502
21178 1
52084
655 4
4385 4392 4393 4397
22832 1
61001
18649 4
69469 17816 59744 67979
19011 3
69962 7665 25701
29482 1
34621
8991 2
46387 40014
29256 3
78227 72290 4070
1912 1
12360
9142 5
46924 46927 46930 26428 28468
14479 3
62080 14056 39784
21317 4
72673 60519 72674 23279
28473 2
77831 15617
12346 2
20225 22795
11809 4
55461 10922 52174 33690
24414 1
72221
9581 4
33972 48456 15199 48457
11467 6
54491 54492 25367 54493 10696 54495
23767 2
74922 69243
26675 2
32717 73434
14319 4
61705 61707 1327 60695
25089 6
75862 5064 73261 74367 18968 35467
25839 2
76359 19094
25357 3
58827 48444 11516
8725 3
45400 45408 45409
18870 3
69760 9103 54616
29906 1
27331
5040 1
19127
11114 2
53444 53446
7330 2
39880 14594
14538 2
62216 60446
22657 1
74011
29298 3
6582 26588 65338
1310 4
8650 8651 2488 8652
1590 2
10395 10399
4823 2
28376 28379
20168 3
71389 28199 62070
630 3
4230 4233 4234
27264 2
77195 46158
21050 3
38152 21911 72393
5768 2
32955 32960
16546 4
66259 59804 31417 3190
13243 3
59192 59195 22210
23728 3
41207 65426 54987
7098 1
38936
16649 6
66434 45493 63673 24274 56287 22886
15223 2
63672 63674
29460 3
76572 10762 60390
21878 2
73269 73270
26928 4
77008 35463 71698 33409
20816 4
72131 37095 38964 22785
21209 2
72559 70453
29314 2
78256 61934
3170 3
19687 19688 19689
16658 2
64448 39693
18253 5
68918 18445 906 16272 48811
15741 2
17412 539
22315 3
73703 67671 5911
6703 2
37168 23445
5241 1
30442
17408 3
26597 59548 9395
550 3
3698 3700 3702
8032 1
42723
25083 2
19413 44998
29475 4
78337 47783 43255 52176
21186 1
72539
21199 3
61511 54292 32709
9139 2
1245 46916
7980 3
42494 28335 42496
28149 2
9659 54344
6174 1
34835
13607 2
60101 60103
19117 5
70112 1371 15108 20754 34065
11681 2
55100 55103
24344 3
31566 45912 55667
260 1
1774
25702 3
76275 65215 55534
28735 4
77966 39090 68976 66770
23932 3
58121 26055 60564
27426 3
77281 47058 28395
10366 1
51052
25697 3
76271 71197 51784
11387 3
54264 54268 54269
5775 2
32989 26945
3858 4
23431 23432 23433 23435
29465 2
33132 50235
14823 1
29667
12515 4
57391 57393 40307 57394
29151 2
78174 24822
26114 4
76529 50848 66886 6401
5750 4
32877 32878 32879 32880
26686 2
52102 72841
17186 1
67308
16386 1
65952
5058 4
7718 8038 29538 29539
16980 3
66972 61563 3161
26951 3
77020 57748 50853
11186 3
1276 38235 53659
1904 3
12311 12315 12316
7871 3
42071 3515 42075
22421 2
73787 58750
17582 3
67905 67906 67907
25485 4
76132 8494 39039 33538
18824 1
69706
4765 3
28097 28099 28100
15370 3
52691 45680 61068
19636 2
70766 64724
7878 2
42101 33629
1808 3
11721 11722 11725
27302 5
77215 43192 37687 2164 60924
2631 4
16623 16632 16633 16634
26659 4
76846 6560 58340 55607
6091 2
34458 34462
5441 3
31412 31422 31423
15782 2
35153 3423
8533 4
44680 44681 44682 44683
26952 2
77021 75005
16333 1
59917
17246 3
47859 66170 13620
2449 1
15577
3754 3
22887 22889 22891
27826 2
77497 60922
11779 1
55374
13718 2
46996 60373
10012 5
49897 49900 31310 26852 49902
3398 1
19802
24942 2
58661 48601
11971 5
55907 55910 41730 43198 55911
19531 5
70621 19534 8667 70623 57461
6340 2
35549 33904
1293 2
8536 8537
11073 3
24163 6505 34754
10038 3
49976 49978 49980
10643 3
46251 51985 51110
11573 3
18404 6636 8161
24130 1
75194
24091 2
75161 17562
25757 2
76305 40665
18877 3
69764 69765 52483
335 1
2274
16407 3
65989 58972 15431
20444 4
71702 29002 38379 19683
27474 2
77310 67173
23844 4
74979 5556 23113 44658
26103 3
76521 68548 72923
14471 3
56417 62061 62062
13570 1
60009
22953 2
73545 73929
5094 2
29724 29729
15752 1
64767
20590 4
47010 60782 34453 9900
14915 4
63044 4058 45335 2001
18129 3
68738 64572 13962
16201 2
65609 872
14493 3
62105 62108 3984
27707 2
77436 44388
24911 1
57845
9386 7
47780 23615 33228 410 14263 47782 16032
6538 1
36440
902 1
6015
28203 2
77691 19579
5518 3
31770 31774 31776
4261 1
25529
24848 2
69978 63569
26479 1
76746
6314 4
35443 18531 35447 35448
5788 4
33052 33053 33054 33055
4395 2
26232 26235
15230 2
8055 40357
12551 1
54224
20750 1
72062
12668 3
57755 55723 57757
13172 2
39439 42814
25323 2
69409 24812
25067 2
71283 15132
3677 3
22460 21272 22465
11554 1
1207
9406 1
47858
5201 2
30245 24034
8379 3
44100 34479 34916
1570 3
10276 2867 10279
20518 2
13583 68397
1598 4
10445 10446 10448 10449
16538 1
66244
7882 5
42110 35664 31790 40203 42112
2501 4
15877 15885 13522 15887
28770 3
51184 70927 69744
2591 2
16401 16402
16893 6
66829 66830 12225 20226 26666 2492
6395 2
35786 35792
21361 3
11951 33928 31185
20503 4
16151 40522 29468 50381
3931 3
23813 23821 23824
8290 1
43731
28327 2
72315 3785
5090 3
29703 29706 29708
6723 5
31241 37264 37265 37266 37267
29077 1
78137
11678 2
55091 55093
21380 3
72741 64098 25273
8328 4
43885 16081 43887 43889
8150 2
43189 41323
22802 3
74140 20121 29978
29586 3
78393 64003 60480
4816 2
28342 28344
16163 2
65531 22101
3054 2
19035 19037
21942 3
73325 33264 39939
6738 3
37326 37327 21508
19231 2
70269 70271
16776 1
66655
22387 3
73756 55627 8771
2619 2
16556 16565
19318 2
70365 47152
3866 2
23481 2589
24602 4
68869 48523 25131 48140
15214 4
63657 9385 11181 22489
9495 5
48155 30314 41725 48158 48159
10168 1
43281
3699 1
22591
13445 1
59701
29130 4
78164 17981 42032 77197
29821 2
78510 56276
23249 2
15323 64368
26009 3
76465 62851 60515
17096 1
67159
1043 4
6928 6934 6935 6937
17563 1
67870
11562 3
54768 54769 54772
9615 5
48567 44481 48569 48570 39529
4732 1
17964
21978 2
41054 73367
22784 2
74123 46353
7437 3
40306 40313 40314
14577 3
62306 37011 46087
9895 1
49502
12316 1
56845
12379 2
57013 47285
28949 4
78073 15671 8448 31215
4511 4
26826 26827 20383 26829
9733 5
48975 48976 48978 32080 48980
16345 2
52706 56702
29183 3
78190 52093 71248
8655 2
45134 14651
17585 2
67908 39924
26471 3
76741 30959 63476
12864 2
58232 41413
19105 4
70095 29913 49447 26275
2844 5
17844 17847 17850 17851 17852
14815 1
62819
22778 1
68847
634 3
4254 4256 4260
29652 2
78426 1471
3473 2
21356 21358
29503 4
78351 1190 74013 67226
216 6
1472 1474 1475 1476 1478 1479
29280 3
14855 62857 52941
7083 2
38870 38875
24423 4
75395 26581 1913 54019
4433 3
26432 26438 3880
2013 1
12973
20198 1
61983
4100 1
24712
25603 4
76201 64323 56315 10775
11178 3
53632 28348 28642
17422 1
17494
15409 1
56976
3166 4
19665 6780 19666 19667
19413 4
19816 27268 66363 56075
5499 1
31687
1527 2
10006 7819
15847 1
56603
21648 3
73026 25486 73027
3753 4
22875 7743 22884 22885
17861 1
9771
27084 1
69974
29196 2
78197 36637
14237 3
61514 32340 61516
18368 4
66344 69084 677 11027
4022 1
24292
13081 3
58791 58795 38211
12676 3
29094 12507 45914
14361 4
61398 61803 41307 12129
23546 1
36502
3301 2
20406 20414
4670 2
27642 27643
12818 2
58130 38362
21789 4
73179 73181 4931 71604
1106 3
7346 7350 7351
19689 4
70825 42175 43883 53041
6809 3
37650 34471 6035
14680 4
62542 62543 10441 62545
25626 4
23448 75968 55689 37903
15236 2
63700 63702
10276 2
50763 42588
28799 4
77998 63751 39827 68580
17956 3
47370 29493 16501
3658 1
22355
10378 4
51092 28966 12646 51095
8842 5
45830 45831 10001 35953 45832
28037 2
76915 62041
12592 2
34104 37972
3215 3
19930 19939 19941
12005 3
55992 55999 56001
25270 2
75985 59337
27120 3
77113 16738 37635
16714 1
66559
11492 4
54569 13821 54572 34826
20006 5
71195 70066 71198 48610 46790
18791 2
60180 63810
25346 5
76039 63987 65407 19705 76041
8717 4
45372 15391 18887 45373
15506 3
64277 26434 22672
9851 3
49353 45181 38697
4008 1
24224
6655 5
36951 36958 19232 36960 36961
19866 1
71037
8426 1
44278
21021 4
72348 41260 51018 70064
73 3
505 506 508
13626 5
10582 60150 36095 58729 60151
24213 3
75252 64531 52322
19104 4
21670 52382 70096 28657
13175 2
59029 59033
1691 2
11001 11013
1736 3
11283 11287 11289
12725 3
55155 52065 41294
26401 2
73895 28149
17739 2
68159 64303
3656 4
12222 22348 5902 4153
19077 3
33258 47913 70050
6416 2
35889 35896
18516 2
5287 69016
8302 1
40302
8341 1
43943
14726 3
62632 7717 54304
24710 2
75593 38378
17138 2
67230 39150
239 2
1629 1631
17272 3
54060 5501 38387
11579 1
32837
7893 3
42156 4206 42164
24734 2
75611 68383
5239 1
30431
5993 2
34012 34020
3925 3
23786 23787 23789
11875 2
55636 55637
23152 2
58318 71483
1890 2
12226 12227
27032 3
75586 3121 24568
10305 3
50852 50856 5842
26739 2
76893 43414
25847 1
71924
11133 3
53495 53499 53501
8447 3
44347 26324 44349
20042 2
71244 57141
6203 4
34953 34957 10576 6255
24727 2
67284 66019
10007 2
43217 35458
20394 1
54252
8642 2
45082 45084
13614 4
60118 17504 60120 41804
3164 1
19652
2318 1
14779
26395 1
76695
9135 2
46903 46904
27490 2
77318 21695
13880 1
42050
24863 1
72475
29440 2
78320 44557
13026 2
58642 34489
22217 3
73608 46086 70235
14927 2
63066 63068
6804 4
37630 37632 37633 37634
24016 1
75109
21383 1
72744
23469 5
45155 18398 60825 49845 37906
2543 2
10385 16137
3643 1
22279
11858 2
7703 33975
1826 4
11826 11827 11829 11833
9280 4
47418 47421 29434 47422
25034 3
49263 71475 14713
14547 3
62236 11993 60991
15338 1
63920
23061 2
74363 66836
25062 2
43841 37355
25917 2
31303 9382
24042 4
75126 47575 66627 17400
4190 4
25168 22782 25169 8329
26024 5
76473 29283 30724 26337 9628
16162 2
5788 53877
15125 4
63474 3039 55067 33681
18771 4
69636 69637 67168 13112
13346 3
59452 59453 59454
29948 3
21768 27747 40349
15291 4
63813 63816 30551 50745
5624 3
32274 6511 32277
6037 3
34221 34226 32249
6301 2
9753 31297
25453 1
25352
3306 3
20439 20442 20444
8177 5
43295 43296 43299 32146 16881
4569 3
27105 27112 27113
25410 2
15710 9201
912 4
6081 6086 6087 6088
5348 1
30963
3206 2
19889 19893
9614 1
44995
21856 4
73246 34087 41551 4064
14540 4
62220 47275 33271 62222
7808 5
41808 41810 36493 41812 41814
320 3
2172 2174 2177
28293 2
77738 3760
26667 1
50418
5322 3
30844 26384 30846
13646 2
60201 56240
12065 1
56171
15464 4
64189 4917 64190 64191
26064 1
33678
25976 5
18463 20795 8774 19805 15527
9270 3
47379 3208 47380
19927 2
71112 18006
10311 4
50879 7538 25159 50880
7396 3
40146 40147 11251
24476 1
18988
21821 1
73211
863 3
5746 3105 5754
20696 4
71995 69209 71996 71997
14332 3
61738 20671 61739
10132 2
38025 50288
14973 2
63165 63170
15814 5
64872 3485 47773 64873 39843
10391 1
13473
8808 2
45714 25501
25039 2
69674 7282
23794 4
74940 59652 29258 58867
20921 4
17724 30971 40500 33642
21508 4
72880 42335 19634 31677
21631 2
73009 73010
22363 2
72536 40828
7210 2
39385 8051
3517 2
21592 21599
7576 1
40887
21177 2
31302 20436
7903 2
42196 42204
23622 2
1251 39021
12519 2
57402 35662
13534 1
59920
12611 2
50088 52992
5933 3
33744 33751 33752
12794 1
58072
29398 1
78299
29016 6
64045 7631 55004 61429 23401 5584
12707 1
4607
19535 4
70625 65258 68933 68125
12608 2
57607 52621
19879 1
71053
17974 4
68518 30097 56342 29927
22687 1
74036
29276 3
78237 14895 36561
2395 2
15234 15247
11658 1
37303
22785 1
57244
5234 1
30406
8583 3
44865 581 44866
15505 4
64272 64276 13723 63487
25213 4
73952 8260 54370 60885
25648 4
76234 49953 74223 59653
28828 2
60173 71203
14112 2
2282 51328
28223 6
77701 69563 29070 68663 10428 53430
20248 1
1248
18841 2
69731 20350
18238 3
68894 1375 68896
5903 3
33600 33607 978
12108 2
38074 38742
22072 3
23176 69590 47919
10551 2
51672 51676
9264 3
47359 29943 22066
2057 2
13219 13227
24336 4
75339 73361 53241 37956
5530 2
31835 31839
22683 4
74032 50232 68281 41881
2488 3
15807 15808 15809
17446 3
67684 62195 46043
8115 2
43039 43046
669 1
4486
20182 1
71409
5375 1
134
29436 1
66520
1189 2
7868 7877
7035 3
21425 38662 38663
25147 2
31293 36085
18813 3
69691 9765 6719
12646 2
57699 57700
12609 3
34101 26590 38358
5310 3
30783 19682 30788
5210 3
30294 30295 10113
24255 3
12616 7287 21861
2835 4
17788 17797 17798 17799
19356 2
70405 21807
11291 1
22528
11018 3
53142 53145 1695
10351 4
51001 5860 51008 51009
6307 3
35405 35412 35414
8498 2
44535 44537
21352 3
7385 54583 71664
29675 1
48503
1220 2
8069 8075
15511 4
53220 10577 51307 32986
3191 2
19800 19807
24884 2
75720 73904
7270 2
39630 39632
4966 3
29076 29077 29080
18134 5
68747 49479 60363 68748 47691
28011 1
43961
18086 4
68678 36615 12647 45174
6341 3
35551 31233 35554
21775 3
73164 58963 55729
314 2
2133 2138
27475 2
71524 55889
29363 3
78281 63123 20405
12888 2
58301 47433
17297 4
67471 61262 23903 50732
8268 3
43645 43646 43647
27597 6
72438 65655 44878 73280 30464 43111
12250 3
56669 39076 56671
7957 2
42402 8757
3219 3
19960 19962 11455
15016 4
63253 61392 33432 48232
29011 3
78104 70544 75987
11367 1
54209
20451 1
9447
17504 5
10193 4661 56808 14410 60973
27755 5
77460 24022 60522 55953 51708
12414 3
57108 42519 52805
11582 1
52967
17009 1
67012
2249 1
14365
20348 2
41538 9663
4154 3
24988 24991 24992
6853 3
37850 37851 14567
3884 6
23570 21848 23571 23572 997 23575
14797 4
62779 62519 45068 62785
3272 2
20252 20257
23288 3
74549 23404 27218
13708 4
60349 52378 41072 30730
16076 2
17704 50352
24459 1
75420
3772 2
22985 22986
14262 5
61576 25725 61118 61577 21518
23445 4
74666 41982 5596 72312
11679 2
36104 55094
21830 5
73221 70830 27840 58211 43006
4359 2
26028 16819
25113 2
47347 68022
10570 1
51738
10772 1
52383
2107 3
13523 8197 13534
28889 2
78043 57948
14193 2
61428 52708
19175 4
70194 5408 3591 33795
8887 1
44259
1299 3
8568 8576 8579
20440 2
71696 6304
10022 2
49926 49927
3770 2
22978 22979
28161 3
77669 42471 70562
18599 2
69392 22247
16203 1
65614
728 5
4876 261 4877 4879 4880
16112 1
65440
29379 3
25505 76327 49056
14513 4
62151 62154 35962 59016
22213 1
17635
24703 5
75589 66073 41426 2881 63230
26956 4
44450 70663 1538 23293
6819 2
37691 37696
20855 1
27308
7213 3
39394 25279 7445
11379 3
54243 45182 21270
9014 1
46479
18104 2
58256 63908
29772 2
78486 55089
20136 4
57101 50513 16148 32905
20125 4
71337 71338 27414 56004
5359 4
2828 31023 31024 20487
27383 3
77255 12021 37713
28141 5
77659 62492 53420 3058 34829
23365 5
74608 56901 66650 36177 37665
5929 5
33722 33726 33727 33730 4850
11162 4
53585 53586 52562 5121
426 3
2878 2882 2883
17292 1
67467
22774 3
8713 62175 18534
5830 2
33257 33259
19926 1
71113
29885 3
78542 54516 30332
19581 1
70686
25662 2
46102 3366
11815 2
17202 55485
28972 3
78085 54161 57537
28755 1
77976
5588 1
32107
21897 2
37613 35471
22130 5
73521 39498 57711 18995 51361
19648 4
70781 30602 30359 70782
1884 2
9780 12188
25187 2
75929 67765
8424 3
44267 42319 44269
9689 3
48813 48820 4264
21881 3
73272 20655 40679
24833 3
13917 5763 39072
7633 2
41110 38223
25055 4
75838 56043 60138 13438
23430 1
74655
13345 1
57653
13443 2
59699 27197
22752 3
74097 42479 19109
24007 2
75103 16235
13895 5
60760 41988 60763 5214 1382
2772 6
17440 17441 17444 17445 17448 17449
2225 2
8885 14218
13575 4
60020 60022 38836 46474
28130 1
77654
16250 3
65717 6997 39199
7839 1
41936
28340 2
77763 29643
1493 4
9795 9802 9805 9807
9684 3
48797 24408 48799
14590 3
62334 40136 52500
14733 4
62645 16031 35336 52835
15190 3
63611 38393 60590
9676 1
48772
9201 2
47136 26336
1354 3
8928 8932 8934
19012 1
10947
25257 3
75977 54053 36183
10953 4
52940 52944 42759 41990
10300 4
50838 39441 9537 50840
16031 3
32063 15619 65268
26211 3
76587 75630 51497
10783 1
5790
7896 4
42174 42178 11936 32537
13615 2
60121 60123
14934 7
63079 56216 53819 60700 63080 24161 29737
9924 2
49605 49608
6532 4
36417 36418 11512 32320
9858 2
49385 23422
805 3
5369 5370 5374
14999 2
63219 40485
5046 4
29477 29478 29480 29482
12803 2
58090 6
22312 5
73702 36936 45650 50907 73364
19959 4
8416 58693 48707 46536
27789 4
77477 59726 67458 70046
13143 2
58940 28778
14369 1
47679
16169 2
65539 65543
10149 4
50345 28541 50348 36874
10856 3
52649 7291 16192
29141 6
64040 26425 67156 58569 19672 65186
25649 1
67238
11497 2
54582 31829
25548 1
76169
17392 1
15020
3153 2
19593 19594
12333 1
56893
18828 1
69711
12832 4
58162 56346 57286 56117
6612 2
12497 22394
10420 3
51249 51251 51252
29788 1
71843
3013 4
18800 18801 15193 12515
23765 2
28547 40305
26724 4
76885 51895 72615 74406
28323 3
77754 59041 42309
8938 3
46191 46193 46194
12871 3
58248 58253 36601
22846 4
74179 73398 13353 69125
29160 2
7996 10566
19899 3
71080 42207 7889
2072 4
13320 40 13323 13324
6104 4
34525 34527 34528 34530
25810 2
76340 41344
14221 1
20993
25173 2
53239 4179
21478 5
72840 71385 41256 63961 72842
28904 1
78051
18715 2
32526 57027
4196 5
25199 25200 25204 25206 25208
5335 4
30894 30901 30903 30904
29856 3
22362 68297 42153
12793 2
55573 58069
18219 3
66336 55699 16283
6942 2
38250 38252
2932 3
18345 9095 18349
7883 3
29348 17299 27412
15201 2
8459 16336
26455 2
76732 16959
27178 3
77144 32485 4894
17172 1
23213
21446 1
775
25030 1
68841
22263 1
50821
18396 1
69121
10984 1
53034
17708 3
68115 38041 49456
24174 2
30001 58509
7614 1
41037
2734 2
17228 16293
2133 2
13669 13672
13336 5
59429 30096 12267 28807 17101
12735 2
57918 57919
14993 1
63206
6650 3
36934 4690 36938
18750 2
44074 19776
25049 2
75833 56275
945 2
6289 6301
16908 2
66858 60263
29342 2
78270 38829
8172 3
43273 43274 43275
5327 1
26584
382 3
2586 2590 2593
19967 3
71153 48260 16742
20063 3
27324 34344 38983
24828 3
75680 60274 6866
17493 4
15849 28655 61651 39479
7489 1
38324
27428 2
75541 66308
26057 2
76493 53266
25157 4
37002 67825 44039 68423
24170 3
11350 44816 5851
6654 3
36952 36956 36957
26396 1
61454
4334 2
25894 25897
24424 4
75396 73473 28063 16810
13174 2
59031 55804
1168 1
7735
26338 2
74463 59730
6929 5
38190 38191 32049 14568 38193
11693 1
55129
10442 4
51325 13541 25731 32738
12744 3
57941 27545 15279
26822 1
56599
19774 2
70934 47884
17344 3
67540 67542 67543
530 3
3562 3563 3566
12366 1
56979
19338 2
70390 31325
3392 1
20913
19361 4
70410 41399 40438 19775
11047 4
53224 37113 16872 19751
870 3
5802 5803 5805
18780 3
69650 51446 16217
21321 3
72676 25112 16406
6854 2
37854 10355
27588 3
77370 7251 46309
20577 2
64450 55933
580 3
3891 3894 3896
29529 4
78364 56589 68951 6052
12304 3
56809 55028 51231
11657 1
55024
11502 3
54606 54607 41783
7352 5
39969 39970 17836 39971 39973
7436 1
25850
21210 4
40392 61942 61312 70258
23347 3
50823 23697 64779
16420 3
66015 66017 66018
27453 5
77298 50668 10686 11532 76769
10758 2
52332 48648
5362 3
31037 3769 31040
15628 1
59959
9114 3
46826 46827 16277
16442 2
66058 66060
1769 3
11480 11487 11491
28723 3
18451 21266 75812
6934 1
38214
16645 3
66431 14026 29658
28778 5
39634 9731 43216 39211 43801
17232 2
22493 15282
20553 3
71822 1559 7248
6173 3
34823 34827 34831
8455 2
44382 44383
17595 3
39173 45536 50561
21035 3
72365 72368 69997
27018 1
77058
26668 4
76515 12106 52324 60661
15742 2
28459 29277
29571 2
35746 70679
14732 2
62646 8022
10416 2
21482 35461
24725 3
36500 75606 65320
26572 3
37048 60272 61211
10365 2
51048 51049
29567 3
78383 65039 69505
16947 1
25712
2500 3
15879 15881 15882
17286 2
67457 52012
7406 2
40181 39875
14530 2
13222 62197
27662 1
27256
26817 4
76939 26744 61788 37403
4344 1
25949
15665 3
64585 41641 6372
29655 4
61049 70023 52577 11761
7735 1
41510
5664 1
16433
11433 2
54399 54401
11538 2
54703 35645
25494 3
76137 61935 55508
22114 2
73504 28661
16733 3
66588 66592 60259
22650 2
74006 44438
1588 1
3720
23256 4
74520 44474 46082 5672
20110 1
38367
2028 2
13056 13060
5464 4
31529 31530 31531 8901
26794 3
41202 11180 16579
26840 7
76951 10353 16816 32659 25308 53621 67815
16779 2
66657 60682
26514 3
76766 76208 67186
2943 3
18403 18410 18414
11632 4
27961 33437 24240 40700
9448 3
48003 31599 48004
10663 4
34004 43484 29231 52045
27246 1
77184
4537 2
26946 16852
29135 1
23969
27689 3
54312 54971 68083
28232 2
77707 39172
452 3
3052 3053 3054
23324 4
74577 73743 48156 40835
2800 1
17602
29042 3
78120 32350 76273
27917 3
77544 11132 21152
10070 2
50087 22038
18509 4
69274 61531 11177 13833
19637 3
49598 45919 37297
13894 2
13062 60762
20158 1
4350
28074 2
73628 6860
21152 5
72498 16125 39555 44782 40571
28820 1
78009
13903 3
60777 5995 15857
25562 1
62337
12830 3
4110 49176 58160
26614 5
76821 56258 61014 46733 20228
5930 5
33733 21334 33734 33737 33738
10064 2
26444 37075
29636 3
2986 62495 69426
27385 4
77256 34343 69692 14003
28981 1
78089
1712 4
11141 1871 11142 11145
2977 3
18599 18607 18610
18740 4
69600 9626 55507 52578
29390 2
78295 67070
12140 2
56364 9607
21975 2
73360 19138
20926 3
72247 71572 47914
1513 2
9927 9929
28001 2
48372 35112
15009 2
484 62311
11885 2
55659 11955
3372 2
20802 18571
15175 2
53205 58976
7415 2
40208 40215
4282 4
25639 20177 25643 25645
16863 2
39010 40952
21635 3
73014 73016 72298
2538 3
16104 16107 16109
8861 1
45895
3535 4
21687 21693 21694 21696
11634 3
54966 54968 54104
24573 3
75501 64014 18810
23273 2
74534 66774
248 3
1686 1689 1691
5246 2
30466 30468
24242 1
28430
15787 2
64821 57730
3457 3
21261 21269 21271
17648 3
39437 26739 24429
12072 1
14269
2582 3
16348 16349 1141
11158 1
53571
24485 1
75441
1265 2
8358 8360
9036 3
46550 41864 41733
9959 2
49727 49728
25959 4
76432 37623 70500 36304
9970 1
49764
22903 4
2347 57173 24858 11958
6375 3
35708 28305 3097
18940 3
69856 38118 69857
28045 2
77609 46759
29079 4
78138 73834 11883 72894
19404 1
70458
1666 2
10853 10860
7306 2
8246 39787
7997 3
42560 8250 42565
23969 3
75073 67718 71522
11320 3
54057 53831 54059
15964 1
65143
4399 2
26247 26258
10937 2
52900 52906
13950 5
60886 20783 16099 60887 60888
9119 2
46846 46847
26425 2
31815 35199
12437 1
17348
22806 4
74144 24422 32948 73886
4924 2
28873 28646
20939 6
72261 68603 72263 5981 25242 66748
29640 1
78420
9910 2
23672 49553
21307 4
67241 11085 17236 43898
11242 1
53836
24941 3
52855 37990 57603
2208 2
14113 14117
22635 3
57368 73363 42083
14206 3
61458 12877 41177
25595 1
76196
1516 6
9942 9943 9945 9946 9947 9949
23375 1
74613
13914 2
57503 60805
6570 2
36586 28129
14081 2
61193 61197
23862 1
66912
3091 3
19244 19246 19247
1968 2
12697 12698
24507 3
46564 73850 23811
19670 3
70804 4940 70806
29376 1
78288
29694 2
44780 36244
26306 1
76646
14192 1
45087
17369 3
67582 67584 67585
4482 3
26689 26690 26691
24211 3
75251 40922 72161
29430 2
68609 48961
22117 3
25230 64863 73507
14595 1
62341
28447 3
77817 64046 52013
29213 2
75986 5419
11473 2
54509 54513
23063 2
74365 28172
23207 3
74477 5819 49890
9588 2
48478 38163
10549 3
51666 51671 38395
29282 2
78240 7443
8729 1
45423
11248 4
53854 42094 50099 10874
14527 2
62183 62186
13610 4
60106 6960 60109 60110
9124 1
46858
29005 3
53032 43640 42811
19377 3
70429 70301 26340
4450 2
5087 19732
26233 2
76600 59759
18344 3
69052 64577 69053
1710 3
11128 11129 11130
23747 2
42920 74907
10191 4
50496 39020 4966 50499
13558 2
59982 59983
10135 1
1482
5083 1
29661
6976 3
38402 38406 38408
13736 2
60411 60412
609 6
4079 4085 4086 4087 4091 4092
7444 3
40339 40341 40344
20398 1
71654
5365 3
31047 31052 19102
21453 2
72822 14836
10261 3
50706 17092 50712
13065 4
58747 51162 15455 58751
25655 1
24760
9758 1
49061
8574 1
7541
9339 3
47629 19721 15625
9657 1
5776
172 5
1174 1178 1179 1180 1182
23295 2
74554 72284
8671 4
45189 28651 45194 41529
4141 1
24921
1243 4
8207 8215 8217 8218
15026 2
63272 31601
8677 3
45217 45218 9603
3755 3
22893 22895 11
7419 4
40227 23551 14354 32302
26774 4
76912 58398 57633 76627
22281 3
36385 20044 55905
464 1
3132
6798 1
37600
23709 2
43654 45107
829 4
5523 5529 5531 5533
21891 5
73281 73282 73283 36655 44367
1684 2
10964 10966
26502 4
76760 70003 13724 41022
19592 3
70703 70704 36631
8460 4
44402 44403 19638 44405
17461 1
67703
3068 1
19118
18292 2
68982 67088
28133 2
77655 35823
7785 1
41718
23517 3
74721 10241 43693
15479 1
53776
4498 4
26767 26769 26770 10899
29745 1
58363
21630 3
32812 58129 34348
14511 3
62148 12024 62150
13826 3
60599 60600 57099
13349 4
20233 59460 13907 59461
19646 4
70778 63429 8289 70779
3241 2
20075 20084
27303 2
56493 44253
2607 1
3444
10117 3
50230 45137 14384
1473 5
9665 9671 9672 9673 9677
11593 3
54849 54854 13375
1009 4
6718 6720 6722 6723
17857 3
68342 35713 1951
25623 3
76213 35911 14687
15462 1
64187
26615 1
25991
27613 2
38694 70534
17839 1
25962
28948 3
12324 47536 16630
7096 2
38927 38928
16455 3
60933 23523 66082
29225 4
29433 54099 70645 12424
6725 3
37269 19321 37274
7902 2
42198 42201
24391 4
26433 126 75373 57352
4513 2
2259 26839
11382 3
54256 3933 38859
22193 2
73581 33220
26558 1
76790
23621 2
74796 41545
22997 1
74308
10185 3
50470 50476 50478
27531 1
77340
11419 2
54358 54363
12702 1
57841
24133 3
75195 53415 25843
25934 2
76418 17326
25636 2
76225 76226
6885 2
37992 13660
23339 2
29272 39138
23305 3
74562 17491 47653
17540 3
67828 67829 62349
6841 1
37798
6605 2
36732 36741
2775 2
17453 17463
1871 3
12107 12109 12110
12421 4
57125 57129 57130 57132
3883 6
23558 23564 23565 23566 18818 8669
24829 3
39762 75681 63716
13094 2
58826 42172
27599 4
77375 68324 13520 65033
8324 4
43866 25677 43867 33396
25105 5
23085 52415 48957 9394 11748
9251 4
47305 47312 47315 47316
12924 1
58389
23024 2
52396 54134
27960 3
56384 33251 16459
23695 1
31481
15863 2
61223 29410
8586 3
44877 13083 12181
3991 2
24120 24130
17020 1
48926
11035 2
52990 25784
25194 6
75934 74792 72043 53845 43460 46997
8927 2
46152 41023
8908 1
46081
11661 2
40567 44615
1187 4
7862 7865 7866 7867
14767 2
62720 36255
4476 1
26660
17644 2
68008 17452
4964 2
23013 29072
1657 3
10794 10801 10804
14969 2
60971 33533
6325 2
35490 28894
7334 4
27372 39895 39896 39897
1950 1
12591
12642 2
12791 57692
14213 2
57996 19637
8429 2
29334 37671
24860 1
75702
17613 3
67958 63257 42100
25488 3
71239 23159 65964
10083 3
38364 50134 34870
27868 2
66832 73375
18275 3
68953 41418 5595
16982 2
66975 29701
29019 1
18686
5401 1
31221
20183 3
46340 59553 37186
19972 2
67776 48575
6103 2
30919 34523
27980 2
77577 34930
17566 4
67877 11536 66031 66485
24311 4
75319 1300 58213 33255
15460 1
32229
25461 5
76116 6526 45847 42449 60365
12634 5
57671 40917 46488 57674 29052
29598 2
3499 59198
27376 3
77252 20788 17460
21323 1
39698
29658 1
78429
956 2
6367 6373
12240 1
56643
4142 3
24924 24926 24927
8896 3
46030 46031 46032
28835 1
78016
4995 3
29216 29223 29224
6464 3
36097 11400 36099
18700 3
69544 60997 44173
11468 1
54496
29624 3
68139 28557 73730
416 1
2807
8208 1
1793
24147 2
75203 26148
4467 2
26614 26623
23843 2
71819 41512
6921 1
38153
14669 2
62516 34801
23579 4
74762 20004 34743 59941
28226 3
77703 15214 31631
22113 3
40657 20203 25833
13694 5
60313 29771 50626 45324 51869
15808 3
64861 39240 64862
18690 2
45283 52485
23385 2
72967 4471
3833 2
23300 23308
21959 1
12521
6317 2
35451 35460
1517 2
9951 9952
17952 3
68488 68489 60269
22278 3
73669 67341 52495
14399 4
61887 41480 50922 41258
21962 2
73348 23087
7971 3
42463 42464 42467
13987 5
60969 39805 59116 18090 29862
27538 2
72163 54739
12044 1
56112
16376 2
55549 5817
15837 3
64913 57909 52052
28875 2
44025 34148
1933 2
12488 12489
223 4
1521 1522 1523 1525
23793 3
74939 71444 55470
10331 1
50941
17759 4
50378 43040 22041 68188
29778 2
78489 3747
17778 1
68217
29555 2
78377 47692
28619 4
77905 73071 18041 19129
26460 2
58606 49213
14986 2
53704 63196
2254 4
14393 14396 14397 14399
3939 3
23860 23865 23866
319 2
2160 2169
27356 4
77242 62514 55978 32512
9732 3
24805 42937 46166
18854 4
69745 61023 6539 22599
19887 1
69312
8192 1
43352
14222 1
48991
20882 4
72206 55849 63539 21719
23955 1
65629
21100 4
72445 19040 47134 72446
16743 2
64064 64494
11624 3
54935 15905 54936
27811 2
77488 45486
17320 2
67502 67505
17618 2
67966 40760
9594 4
48501 48502 32147 4295
15729 2
13209 64716
29454 4
30651 76416 54261 15484
28352 1
77769
7843 4
41947 41950 41952 10580
29419 1
77071
6195 4
34909 34918 34919 20090
27206 3
77161 65913 29649
28287 3
77735 21613 43128
27741 3
77453 58865 64334
18003 5
68561 714 68562 17026 68563
5054 6
29518 29520 29521 10870 10374 29523
25588 1
56906
12152 3
31418 56404 9099
17609 3
67947 66574 49356
13466 2
59762 59333
22694 2
74042 67987
29924 1
24912
7526 1
25058
10421 2
51254 51255
15067 4
63363 63364 32441 5573
13728 2
49091 48483
21416 1
53837
15522 5
64305 57816 64306 64307 19180
11295 4
53982 25841 43117 45618
21738 3
73125 8626 64439
394 2
2664 2665
4620 3
3364 18215 27373
4258 3
25520 25521 16741
9512 1
48212
20623 3
61091 21181 71913
26533 3
76777 22000 18024
11800 2
13911 55441
24619 3
75535 25695 67462
27310 6
77219 54924 67992 30463 38856 18764
70 2
482 488
28767 3
77982 70692 10
5810 3
33157 14799 25302
11781 1
55382
4417 1
3628
29671 2
51520 59038
23688 1
13698
20162 4
32119 40687 71382 57563
22505 3
70435 71291 65625
8995 2
46403 46409
9963 2
4895 49740
25444 1
76106
28228 1
63020
8421 1
44252
9380 3
47766 38274 43967
18393 3
69114 22574 45139
3177 3
19719 19725 19729
4254 2
25498 25500
18320 1
45965
16125 2
31140 19873
25394 1
76073
26699 1
75572
26058 1
17359
13353 4
59469 55462 23242 59474
14382 4
61854 23046 60249 61855
13994 2
60989 703
27181 2
75837 65353
25643 1
76231
29167 2
78182 70629
3187 2
19777 15655
11977 2
55921 37511
6251 3
35158 35164 35167
6685 1
493
20654 2
71941 41384
25747 3
76300 38291 59784
9863 1
49398
3679 3
22472 22474 22475
5670 3
32503 32505 32506
15757 2
64771 64774
25945 2
76424 74382
23442 2
74663 64023
7440 4
40326 5505 28444 35667
3311 2
20468 20469
28044 3
44323 64239 29834
5772 2
32977 32981
7049 2
38719 38727
9823 3
6608 27588 17931
29054 5
78126 16943 25095 69172 57870
26413 2
76705 22148
23013 4
74320 66320 27547 25987
28186 3
77683 49303 22754
26647 2
76838 48904
25806 4
76338 31252 58150 17840
20013 2
71206 4909
6682 2
37072 37076
17102 2
67169 65975
25744 4
76299 53247 55397 37022
24631 2
75543 68923
11241 5
6948 53832 53833 53834 53835
12115 3
56293 56296 22638
10115 2
50224 34268
28497 4
77844 64313 12906 51161
4076 4
24581 12399 24586 7984
9179 2
39239 29933
3826 3
23268 23269 23271
19628 1
64013
5009 3
21462 29295 12589
9077 1
46694
3588 3
21974 21976 21977
8245 1
8672
3194 4
19825 14352 19828 12588
16226 2
41312 55458
15718 2
17718 47060
12843 4
58186 29808 47407 58188
9926 2
49613 49614
25500 4
76142 64302 76143 28218
18744 2
69604 69605
17751 2
67020 68175
6737 4
37314 30355 37321 37322
6715 2
37229 23986
27320 3
77224 68985 67769
8987 4
46372 46377 18742 46378
14870 4
62949 12466 6364 62950
12197 5
56525 26078 56527 56528 56529
25680 2
73584 24978
12728 1
57903
15947 1
45320
23462 2
64248 3975
19655 2
27397 24661
7884 3
42115 42117 42118
2180 3
13949 13950 13951
8414 1
24260
7510 4
40618 40619 40620 40621
3227 3
19999 2982 20006
19732 1
2128
29207 4
78202 68331 70400 47486
28196 3
44915 76564 11974
23572 1
42962
28055 3
77614 15262 48566
20849 2
72170 24664
19590 2
17166 25865
18489 3
69245 1208 44301
12442 2
57189 57190
26748 3
75760 73288 42140
23865 1
74993
1258 1
8310
21917 1
27396
14596 1
62343
26513 2
74251 72726
8502 2
24626 44558
26344 2
44631 24831
20304 1
71553
26973 1
50896
13298 4
59327 59328 59329 59331
26772 1
38383
2282 3
14565 14569 8154
28256 4
77720 26160 65626 63329
12850 2
58204 24095
7934 1
18091
29681 1
63366
11560 1
41201
26913 1
77000
12549 2
57468 57471
333 4
2253 2260 2099 2262
19466 3
70543 26596 51667
1937 3
12509 12510 12511
27974 4
77574 29049 65656 21033
24775 3
75640 36025 21799
7782 4
41705 41706 21852 41708
12778 2
58029 51114
14016 2
61039 61040
21876 1
73267
25203 1
75940
8401 2
44182 16900
13702 2
60335 43384
20832 2
976 65467
460 3
3104 3108 3112
509 2
3419 3431
5505 3
31714 31716 31718
27534 3
77342 2827 1436
2879 1
18039
10553 2
15634 5388
27461 2
77302 63391
26491 2
76753 5349
20915 3
72238 1466 41298
10776 3
52391 11211 36997
2346 4
14946 14947 14948 14950
9267 3
47368 47369 41514
15881 4
64994 64995 2564 64996
22147 2
33746 45233
12177 3
56467 53447 56469
2482 5
15775 14414 15776 15777 15779
369 2
2487 2494
19164 3
70181 9623 37172
23055 3
74358 29340 6797
9337 3
47618 3518 47624
18887 3
28779 41583 53667
7540 1
28284
27330 6
77229 62513 7632 70501 4601 31347
22748 3
74093 72946 74094
21109 2
8899 44650
26392 2
76693 48108
11968 2
55904 38590
18390 1
69112
16355 2
60407 65900
28955 2
78076 73666
21374 1
58612
4302 1
25743
23797 1
33894
26160 3
76555 36921 40275
17126 4
67214 58891 46761 33652
4049 2
24419 24431
23132 1
74422
1782 5
11564 4570 11566 11569 11570
18729 2
69581 40363
14627 1
62419
4152 4
24976 24977 10123 24982
27719 2
57956 20692
3280 2
20301 20302
1629 5
10617 10625 10626 303 10628
25054 2
44077 64304
15735 1
47967
24909 4
75735 67513 61579 64406
2441 2
15516 15525
962 5
6409 6411 6412 6415 6416
28947 2
78072 61184
21625 1
10912
2494 3
15842 6846 15847
21534 1
42922
23404 3
74634 2325 46234
18965 2
69888 3614
1755 1
11392
12501 3
57354 46156 57360
23960 4
70942 74361 56499 51107
18428 3
69166 58570 60243
1876 2
12135 9985
6294 2
27957 35350
28470 2
24577 39772
1290 4
8516 8519 8520 3917
23184 1
40062
4487 4
26711 18706 26719 5648
16471 2
66116 51020
4318 3
25820 22096 25824
26097 4
76517 15644 43586 47712
4790 3
28208 28209 28212
5340 3
30923 30928 30929
3466 2
21320 21323
21149 2
72494 21394
24149 3
62223 52461 4873
20067 2
71273 21333
778 1
5196
1866 1
12076
10853 2
52633 47027
25367 1
22645
12721 2
57888 40219
14024 1
56910
12043 3
56108 43531 54051
12517 3
29168 22960 43562
22935 3
74254 5636 19790
846 1
5646
7094 3
38919 38923 30999
27179 2
18350 34496
16318 3
20990 50597 51367
29689 2
78444 60270
17833 4
68302 57947 9787 1807
2746 3
17296 11782 17297
15756 4
48744 46146 57453 64773
2431 3
15454 15463 14051
27123 3
77114 62549 54519
17599 1
47479
11564 1
54777
23555 5
65197 52768 49526 18612 68643
1845 4
11937 11945 11947 11948
29577 2
78388 47604
24657 1
32605
28157 4
77667 64146 67637 22363
12373 3
38466 2951 34736
16903 2
31296 39041
8111 3
43022 43030 41156
12853 1
58209
17285 1
22379
3763 5
22937 19099 22938 22939 22940
27552 1
77351
24165 5
47729 36880 62631 56961 65928
29489 2
78344 71986
16347 1
2403
24420 4
75394 7711 46134 46569
4428 3
26410 702 26415
23928 2
75045 66262
26091 1
76513
3595 2
22008 22017
4483 2
26698 1826
18098 1
68691
26734 2
76890 23836
4932 6
28910 13747 8496 27810 28913 14897
24498 2
75450 69785
1269 4
8375 8382 8386 8387
28383 3
44745 28058 23332
10619 4
51907 44724 47774 29525
7498 1
40570
17134 2
67224 65766
28428 3
77808 72694 39038
9087 2
46731 31256
26783 2
28215 75011
13165 2
59001 59003
25980 2
59713 51928
12295 1
56790
16204 3
36492 52003 34668
10184 2
50474 45096
3903 3
23669 13868 23677
11348 4
42238 1762 54146 54147
16556 1
7490
11066 2
53295 53297
21850 2
47678 73242
28973 2
62123 55417
17141 3
67234 67236 40744
2766 3
17405 17406 17409
22081 3
73472 60148 20848
16270 1
32887
11173 3
32679 6512 10735
28119 2
77648 44711
22589 3
73937 60426 56880
26008 4
70858 28794 68162 56402
20962 2
72285 22036
13861 2
60681 22316
8657 3
45135 7915 45140
25550 4
76170 54563 56523 68581
7827 2
17303 18083
4380 3
26151 21336 26153
20988 3
42765 18672 60004
11275 4
53928 53930 4614 38294
13774 6
60483 58362 60484 49962 12753 60486
28731 3
77964 52744 14124
23245 2
73308 71643
4508 3
22102 26816 26819
17789 2
68236 14798
9101 3
46774 31309 12802
25728 5
76289 67685 48505 40303 59640
24487 1
69724
3782 1
23037
4909 2
28788 28795
24784 2
32366 29396
1883 3
12170 12177 12178
6740 3
37332 37333 11916
2503 2
15897 4759
12916 3
58371 17890 58372
4692 3
27753 27755 27756
14695 2
48662 62572
2419 2
15384 8891
8408 5
44203 44205 44206 44208 44209
26632 2
14151 61138
6787 4
37549 36314 37552 31929
28490 1
19231
27550 3
77350 32367 68071
22710 4
21129 56294 32900 19116
15648 2
64555 64556
11522 1
54662
8246 3
43571 22962 40401
15035 2
63289 21614
15212 2
63654 62961
8312 2
43499 43822
21242 1
15678
18933 2
69845 65250
17651 2
68017 14916
1977 2
12747 12759
9437 2
47964 1287
14408 3
18342 57411 16331
10840 2
52588 52589
16103 2
65420 26101
170 1
1161
17500 2
64074 50309
1646 4
10731 10733 10734 10736
22379 1
10663
20485 2
71753 32318
3554 1
21797
5128 4
29901 29902 29905 29907
23656 1
74829
19914 1
53128
24705 1
75590
12543 2
57452 57457
18094 2
68686 68687
3576 1
21908
16548 3
44014 45466 66264
26104 2
76524 23460
28252 3
9271 23984 13836
8762 2
45546 45547
29740 1
874
6357 2
35622 35629
5168 3
30095 11785 6910
28652 2
77923 62831
2923 3
18285 18294 10044
10458 1
51373
9312 2
47535 47539
7613 6
41030 41034 41035 41036 35233 26106
19923 2
71109 31276
20798 3
72114 46050 8671
22048 4
73438 22376 30460 30530
2487 3
15794 15802 15803
13232 2
12125 59167
13665 3
60242 37950 50200
1633 3
10648 10649 10650
23461 2
74676 36211
20073 3
71281 6510 16153
11748 4
55286 55287 55288 38771
4072 4
24561 17826 24567 10697
13363 3
55660 59494 59495
10034 5
49965 24285 49966 48763 49904
25245 3
75969 72597 54868
12802 2
18767 21027
6977 1
38412
16095 2
65402 1380
12797 3
58077 41353 26322
25470 2
42310 49209
7320 3
39837 39838 39840
22974 1
58783
13876 2
60720 1113
19935 1
71124
24227 4
27593 75263 56139 70379
25239 4
75965 6523 21281 11925
7713 1
28036
18362 2
69075 65285
11588 1
54835
23893 4
75017 49701 8199 13634
25723 2
76286 69987
6998 2
15689 10598
4808 4
28303 22201 7126 28307
4833 3
28422 6060 17169
20956 1
72279
4641 2
27483 27488
9633 3
48627 48634 5245
4392 1
26219
12477 3
57277 57280 57283
4241 3
25427 25429 25430
8151 2
35091 43194
29078 1
13884
20883 4
16461 40007 43450 4839
10946 2
52925 7674
14404 2
61900 44143
23294 1
34145
11818 2
55491 42018
21006 2
54328 8998
25596 2
76197 43682
3130 3
19464 19465 19466
2774 3
17455 17456 17461
27182 3
77148 72387 40983
11541 3
54708 40834 13426
14819 2
62830 60248
17006 1
54423
1295 4
8546 8550 8552 8553
9879 2
49454 41221
16259 2
65732 28762
26291 2
64903 66158
23750 2
33571 11731
15290 1
11673
10468 2
51407 22598
10727 1
21081
18766 2
30527 47969
1486 2
9758 9764
6600 1
36715
23887 1
75010
5453 3
31468 25479 31477
27149 5
77127 40441 59727 16664 70924
26454 2
7754 29946
21327 3
72682 64523 72685
22431 3
73796 63960 15163
21833 6
73223 29673 61908 48268 70154 32630
10788 3
39101 52424 52425
6965 2
38346 38350
4607 1
27311
20266 5
71508 43015 21626 37006 60241
3852 1
23405
11509 4
54627 54629 11862 54631
3267 2
20224 7686
21726 1
73113
22491 1
39160
2884 1
18073
9195 2
47108 47115
14457 2
62027 62032
7611 3
41024 41029 7744
1556 3
10192 10195 2873
11521 2
37122 54659
25929 2
71308 45535
20019 2
25418 67118
12190 1
56512
22011 2
73397 53958
14724 1
62628
395 2
2671 2672
13608 2
60104 26732
18282 2
15631 39686
18021 3
68589 22089 60339
2931 1
18332
20472 2
34472 70627
24947 2
13447 72054
10403 2
51180 37026
25685 4
76260 76263 64589 64502
6945 3
31828 38266 23515
28160 3
59021 47999 62691
10958 1
15932
9606 1
6254
3536 2
3820 21700
7793 2
41742 41745
9670 2
48746 48748
5534 1
31855
13062 3
58745 58419 2927
9779 2
24997 15219
280 2
1903 1904
26275 1
76626
15286 2
63802 33332
10415 2
36633 44641
5170 1
30108
20274 4
71515 61699 61883 43877
27611 2
77383 47875
11643 2
4633 54553
5045 4
29465 29473 29474 2409
18973 3
23963 59967 69900
6956 5
38307 38308 24758 30387 38311
14599 3
62346 55460 51743
26560 2
76791 43144
20124 2
60701 26203
16625 6
66393 11952 50375 22317 66396 56815
10870 3
52687 52689 49254
27604 1
70335
20513 3
71782 71783 46167
19099 1
70081
29843 4
78521 57260 31847 55520
25189 2
75930 75931
13611 3
27034 60112 48162
5729 1
32781
26331 2
76659 56487
10650 1
52008
29693 2
33392 55523
8513 2
44605 16420
8110 2
40463 21620
29459 1
63973
19010 1
26598
25892 1
17004
26381 4
66793 72350 39295 11479
4192 2
25179 3350
29429 1
42081
27340 2
37890 70752
10073 2
35145 23313
25160 1
73838
6972 2
38382 38385
27821 3
77494 38448 47715
28025 1
77599
1709 2
11116 11125
18469 2
5085 69220
19586 3
48028 64524 41205
5529 4
31825 26977 31831 31833
12782 2
58041 14514
24590 2
30083 44414
29799 1
78499
2641 1
10824
23614 3
69465 74789 40599
9016 3
46483 13300 46484
12557 3
57491 22168 9608
5148 2
29997 29998
14661 2
36890 59136
11193 3
53676 53679 53680
6581 2
36626 36634
2693 3
16988 16989 16990
4565 1
27092
25969 3
76439 49469 23442
16695 1
66521
4642 1
11886
1160 1
7683
249 2
1697 1698
11265 2
14596 47098
21315 1
72670
8219 1
43461
10304 1
36243
20156 3
71373 12113 71375
24285 1
52812
17032 1
8160
7686 3
41319 4177 20271
2204 2
14089 14090
15303 1
63840
1442 1
9480
27122 2
5057 61836
20803 2
72119 43620
8223 3
43470 43476 17398
9425 2
47917 25435
21213 3
72562 2742 56989
11479 2
54529 23070
8600 3
44924 6451 17745
354 1
2396
16380 1
65072
22639 2
73994 36434
26030 3
61075 6785 29507
5804 3
33129 33130 33133
18156 1
30618
2097 2
13465 13472
7254 3
39558 39560 33702
3644 1
8318
20171 1
27843
16501 1
66168
14190 1
61424
13031 1
38451
21869 4
73258 34331 67976 48554
26534 2
72327 17515
12121 3
56311 56313 56317
24925 3
75746 61175 36924
19094 4
70076 422 70077 49659
4016 2
24259 3684
6772 1
37481
5976 2
33955 10345
12648 2
36342 57703
1194 3
7910 7911 7912
6032 1
14793
12419 2
57118 57124
6882 3
37984 32825 28182
29473 1
78336
14532 3
62200 28739 54888
12754 2
57970 43126
28190 1
24984
6871 4
37927 2628 37933 37935
4211 4
25270 25277 25280 12291
1277 3
8427 8434 8436
26299 1
70150
